2025-03-19 19:50:13,484 [1] INFO Program - Aplicația a pornit!
2025-03-19 19:50:13,655 [1] INFO LabMPP.repository.databases.DBUtils - Connection opened successfully.
2025-03-19 19:50:13,663 [1] INFO Program - Test connection successful
2025-03-19 19:50:13,665 [1] INFO LabMPP.repository.databases.TripRepoRepository - Creating TripRepository
2025-03-19 19:50:13,666 [1] INFO LabMPP.repository.databases.TripRepoRepository - Finding all Trips
2025-03-19 19:50:13,666 [1] INFO LabMPP.repository.databases.DBUtils - Connection opened successfully.
2025-03-19 19:50:13,692 [1] INFO LabMPP.repository.databases.TripRepoRepository - Finding all Trips
2025-03-19 19:50:13,693 [1] INFO LabMPP.repository.databases.DBUtils - Connection opened successfully.
2025-03-19 19:50:13,698 [1] INFO LabMPP.repository.databases.TripRepoRepository - Saving Trip
2025-03-19 19:50:13,699 [1] INFO LabMPP.repository.databases.DBUtils - Connection opened successfully.
2025-03-19 19:50:13,717 [1] INFO LabMPP.repository.databases.TripRepoRepository - Finding all Trips
2025-03-19 19:50:13,723 [1] INFO LabMPP.repository.databases.DBUtils - Connection opened successfully.
2025-03-19 19:50:13,729 [1] INFO LabMPP.repository.databases.ManagerRepository - Creating ManagerRepository
2025-03-19 19:50:13,730 [1] INFO LabMPP.repository.databases.ManagerRepository - Finding all Managers
2025-03-19 19:50:13,731 [1] INFO LabMPP.repository.databases.DBUtils - Connection opened successfully.
2025-03-19 19:50:13,733 [1] INFO LabMPP.repository.databases.ManagerRepository - Finding all Managers
2025-03-19 19:50:13,734 [1] INFO LabMPP.repository.databases.DBUtils - Connection opened successfully.
2025-03-19 19:50:13,739 [1] INFO LabMPP.repository.databases.ManagerRepository - Saving Manager
2025-03-19 19:50:13,741 [1] INFO LabMPP.repository.databases.DBUtils - Connection opened successfully.
2025-03-19 19:50:13,750 [1] INFO LabMPP.repository.databases.ManagerRepository - Finding all Managers
2025-03-19 19:50:13,756 [1] INFO LabMPP.repository.databases.DBUtils - Connection opened successfully.
2025-03-19 19:50:13,761 [1] INFO LabMPP.repository.databases.ReservationRepository - Creating TripRepository
2025-03-19 19:50:13,761 [1] INFO LabMPP.repository.databases.TripRepoRepository - Creating TripRepository
2025-03-19 19:50:13,763 [1] INFO LabMPP.repository.databases.ReservationRepository - Finding all Reservations
2025-03-19 19:50:13,766 [1] INFO LabMPP.repository.databases.DBUtils - Connection opened successfully.
2025-03-19 19:50:13,771 [1] INFO LabMPP.repository.databases.ReservationRepository - Finding Reservation
2025-03-19 19:50:13,772 [1] INFO LabMPP.repository.databases.DBUtils - Connection opened successfully.
2025-03-19 19:50:13,775 [1] INFO LabMPP.repository.databases.TripRepoRepository - Finding Trip
2025-03-19 19:50:13,777 [1] INFO LabMPP.repository.databases.DBUtils - Connection opened successfully.
2025-03-19 19:50:13,783 [1] INFO LabMPP.repository.databases.ReservationRepository - Finding Reservation
2025-03-19 19:50:13,785 [1] INFO LabMPP.repository.databases.DBUtils - Connection opened successfully.
2025-03-19 19:50:13,787 [1] INFO LabMPP.repository.databases.TripRepoRepository - Finding Trip
2025-03-19 19:50:13,789 [1] INFO LabMPP.repository.databases.DBUtils - Connection opened successfully.
2025-03-19 19:50:13,792 [1] INFO LabMPP.repository.databases.ReservationRepository - Finding Reservation
2025-03-19 19:50:13,795 [1] INFO LabMPP.repository.databases.DBUtils - Connection opened successfully.
2025-03-19 19:50:13,796 [1] INFO LabMPP.repository.databases.TripRepoRepository - Finding Trip
2025-03-19 19:50:13,798 [1] INFO LabMPP.repository.databases.DBUtils - Connection opened successfully.
2025-03-19 19:50:13,799 [1] INFO LabMPP.repository.databases.ReservationRepository - Finding Reservation
2025-03-19 19:50:13,802 [1] INFO LabMPP.repository.databases.DBUtils - Connection opened successfully.
2025-03-19 19:50:13,803 [1] INFO LabMPP.repository.databases.TripRepoRepository - Finding Trip
2025-03-19 19:50:13,804 [1] INFO LabMPP.repository.databases.DBUtils - Connection opened successfully.
2025-03-19 19:50:13,805 [1] INFO LabMPP.repository.databases.ReservationRepository - Finding Reservation
2025-03-19 19:50:13,807 [1] INFO LabMPP.repository.databases.DBUtils - Connection opened successfully.
2025-03-19 19:50:13,808 [1] INFO LabMPP.repository.databases.TripRepoRepository - Finding Trip
2025-03-19 19:50:13,809 [1] INFO LabMPP.repository.databases.DBUtils - Connection opened successfully.
2025-03-19 19:50:13,811 [1] INFO LabMPP.repository.databases.ReservationRepository - Finding all Reservations
2025-03-19 19:50:13,813 [1] INFO LabMPP.repository.databases.DBUtils - Connection opened successfully.
2025-03-19 19:50:13,816 [1] INFO LabMPP.repository.databases.ReservationRepository - Finding Reservation
2025-03-19 19:50:13,818 [1] INFO LabMPP.repository.databases.DBUtils - Connection opened successfully.
2025-03-19 19:50:13,819 [1] INFO LabMPP.repository.databases.TripRepoRepository - Finding Trip
2025-03-19 19:50:13,820 [1] INFO LabMPP.repository.databases.DBUtils - Connection opened successfully.
2025-03-19 19:50:13,821 [1] INFO LabMPP.repository.databases.ReservationRepository - Finding Reservation
2025-03-19 19:50:13,822 [1] INFO LabMPP.repository.databases.DBUtils - Connection opened successfully.
2025-03-19 19:50:13,823 [1] INFO LabMPP.repository.databases.TripRepoRepository - Finding Trip
2025-03-19 19:50:13,825 [1] INFO LabMPP.repository.databases.DBUtils - Connection opened successfully.
2025-03-19 19:50:13,826 [1] INFO LabMPP.repository.databases.ReservationRepository - Finding Reservation
2025-03-19 19:50:13,827 [1] INFO LabMPP.repository.databases.DBUtils - Connection opened successfully.
2025-03-19 19:50:13,829 [1] INFO LabMPP.repository.databases.TripRepoRepository - Finding Trip
2025-03-19 19:50:13,830 [1] INFO LabMPP.repository.databases.DBUtils - Connection opened successfully.
2025-03-19 19:50:13,832 [1] INFO LabMPP.repository.databases.ReservationRepository - Finding Reservation
2025-03-19 19:50:13,834 [1] INFO LabMPP.repository.databases.DBUtils - Connection opened successfully.
2025-03-19 19:50:13,835 [1] INFO LabMPP.repository.databases.TripRepoRepository - Finding Trip
2025-03-19 19:50:13,837 [1] INFO LabMPP.repository.databases.DBUtils - Connection opened successfully.
2025-03-19 19:50:13,839 [1] INFO LabMPP.repository.databases.ReservationRepository - Finding Reservation
2025-03-19 19:50:13,841 [1] INFO LabMPP.repository.databases.DBUtils - Connection opened successfully.
2025-03-19 19:50:13,843 [1] INFO LabMPP.repository.databases.TripRepoRepository - Finding Trip
2025-03-19 19:50:13,845 [1] INFO LabMPP.repository.databases.DBUtils - Connection opened successfully.
2025-03-19 19:50:13,851 [1] INFO LabMPP.repository.databases.ReservationRepository - Saving Reservation
2025-03-19 19:50:13,854 [1] INFO LabMPP.repository.databases.DBUtils - Connection opened successfully.
2025-03-19 19:50:13,863 [1] INFO LabMPP.repository.databases.ReservationRepository - Finding all Reservations
2025-03-19 19:50:13,867 [1] INFO LabMPP.repository.databases.DBUtils - Connection opened successfully.
2025-03-19 19:50:13,868 [1] INFO LabMPP.repository.databases.ReservationRepository - Finding Reservation
2025-03-19 19:50:13,869 [1] INFO LabMPP.repository.databases.DBUtils - Connection opened successfully.
2025-03-19 19:50:13,870 [1] INFO LabMPP.repository.databases.TripRepoRepository - Finding Trip
2025-03-19 19:50:13,871 [1] INFO LabMPP.repository.databases.DBUtils - Connection opened successfully.
2025-03-19 19:50:13,873 [1] INFO LabMPP.repository.databases.ReservationRepository - Finding Reservation
2025-03-19 19:50:13,874 [1] INFO LabMPP.repository.databases.DBUtils - Connection opened successfully.
2025-03-19 19:50:13,875 [1] INFO LabMPP.repository.databases.TripRepoRepository - Finding Trip
2025-03-19 19:50:13,876 [1] INFO LabMPP.repository.databases.DBUtils - Connection opened successfully.
2025-03-19 19:50:13,877 [1] INFO LabMPP.repository.databases.ReservationRepository - Finding Reservation
2025-03-19 19:50:13,878 [1] INFO LabMPP.repository.databases.DBUtils - Connection opened successfully.
2025-03-19 19:50:13,879 [1] INFO LabMPP.repository.databases.TripRepoRepository - Finding Trip
2025-03-19 19:50:13,882 [1] INFO LabMPP.repository.databases.DBUtils - Connection opened successfully.
2025-03-19 19:50:13,883 [1] INFO LabMPP.repository.databases.ReservationRepository - Finding Reservation
2025-03-19 19:50:13,885 [1] INFO LabMPP.repository.databases.DBUtils - Connection opened successfully.
2025-03-19 19:50:13,886 [1] INFO LabMPP.repository.databases.TripRepoRepository - Finding Trip
2025-03-19 19:50:13,887 [1] INFO LabMPP.repository.databases.DBUtils - Connection opened successfully.
2025-03-19 19:50:13,889 [1] INFO LabMPP.repository.databases.ReservationRepository - Finding Reservation
2025-03-19 19:50:13,890 [1] INFO LabMPP.repository.databases.DBUtils - Connection opened successfully.
2025-03-19 19:50:13,893 [1] INFO LabMPP.repository.databases.TripRepoRepository - Finding Trip
2025-03-19 19:50:13,895 [1] INFO LabMPP.repository.databases.DBUtils - Connection opened successfully.
2025-03-19 19:50:13,898 [1] INFO LabMPP.repository.databases.ReservationRepository - Finding Reservation
2025-03-19 19:50:13,899 [1] INFO LabMPP.repository.databases.DBUtils - Connection opened successfully.
2025-03-19 19:50:13,900 [1] INFO LabMPP.repository.databases.TripRepoRepository - Finding Trip
2025-03-19 19:50:13,901 [1] INFO LabMPP.repository.databases.DBUtils - Connection opened successfully.
2025-03-19 19:50:24,034 [1] INFO Program - Aplicația a pornit!
2025-03-19 19:50:24,134 [1] INFO LabMPP.repository.databases.DBUtils - Connection opened successfully.
2025-03-19 19:50:24,141 [1] INFO Program - Test connection successful
2025-03-19 19:50:24,143 [1] INFO LabMPP.repository.databases.TripRepoRepository - Creating TripRepository
2025-03-19 19:50:24,143 [1] INFO LabMPP.repository.databases.TripRepoRepository - Finding all Trips
2025-03-19 19:50:24,144 [1] INFO LabMPP.repository.databases.DBUtils - Connection opened successfully.
2025-03-19 19:50:24,164 [1] INFO LabMPP.repository.databases.TripRepoRepository - Finding all Trips
2025-03-19 19:50:24,165 [1] INFO LabMPP.repository.databases.DBUtils - Connection opened successfully.
2025-03-19 19:50:24,171 [1] INFO LabMPP.repository.databases.TripRepoRepository - Saving Trip
2025-03-19 19:50:24,173 [1] INFO LabMPP.repository.databases.DBUtils - Connection opened successfully.
2025-03-19 19:50:24,198 [1] INFO LabMPP.repository.databases.TripRepoRepository - Finding all Trips
2025-03-19 19:50:24,201 [1] INFO LabMPP.repository.databases.DBUtils - Connection opened successfully.
2025-03-19 19:50:24,206 [1] INFO LabMPP.repository.databases.ManagerRepository - Creating ManagerRepository
2025-03-19 19:50:24,207 [1] INFO LabMPP.repository.databases.ManagerRepository - Finding all Managers
2025-03-19 19:50:24,209 [1] INFO LabMPP.repository.databases.DBUtils - Connection opened successfully.
2025-03-19 19:50:24,210 [1] INFO LabMPP.repository.databases.ManagerRepository - Finding all Managers
2025-03-19 19:50:24,211 [1] INFO LabMPP.repository.databases.DBUtils - Connection opened successfully.
2025-03-19 19:50:24,214 [1] INFO LabMPP.repository.databases.ManagerRepository - Saving Manager
2025-03-19 19:50:24,216 [1] INFO LabMPP.repository.databases.DBUtils - Connection opened successfully.
2025-03-19 19:50:24,221 [1] INFO LabMPP.repository.databases.ManagerRepository - Finding all Managers
2025-03-19 19:50:24,226 [1] INFO LabMPP.repository.databases.DBUtils - Connection opened successfully.
2025-03-19 19:50:24,231 [1] INFO LabMPP.repository.databases.ReservationRepository - Creating TripRepository
2025-03-19 19:50:24,231 [1] INFO LabMPP.repository.databases.TripRepoRepository - Creating TripRepository
2025-03-19 19:50:24,232 [1] INFO LabMPP.repository.databases.ReservationRepository - Finding all Reservations
2025-03-19 19:50:24,233 [1] INFO LabMPP.repository.databases.DBUtils - Connection opened successfully.
2025-03-19 19:50:24,235 [1] INFO LabMPP.repository.databases.ReservationRepository - Finding Reservation
2025-03-19 19:50:24,237 [1] INFO LabMPP.repository.databases.DBUtils - Connection opened successfully.
2025-03-19 19:50:24,239 [1] INFO LabMPP.repository.databases.TripRepoRepository - Finding Trip
2025-03-19 19:50:24,240 [1] INFO LabMPP.repository.databases.DBUtils - Connection opened successfully.
2025-03-19 19:50:24,244 [1] INFO LabMPP.repository.databases.ReservationRepository - Finding Reservation
2025-03-19 19:50:24,246 [1] INFO LabMPP.repository.databases.DBUtils - Connection opened successfully.
2025-03-19 19:50:24,247 [1] INFO LabMPP.repository.databases.TripRepoRepository - Finding Trip
2025-03-19 19:50:24,249 [1] INFO LabMPP.repository.databases.DBUtils - Connection opened successfully.
2025-03-19 19:50:24,252 [1] INFO LabMPP.repository.databases.ReservationRepository - Finding Reservation
2025-03-19 19:50:24,253 [1] INFO LabMPP.repository.databases.DBUtils - Connection opened successfully.
2025-03-19 19:50:24,254 [1] INFO LabMPP.repository.databases.TripRepoRepository - Finding Trip
2025-03-19 19:50:24,255 [1] INFO LabMPP.repository.databases.DBUtils - Connection opened successfully.
2025-03-19 19:50:24,256 [1] INFO LabMPP.repository.databases.ReservationRepository - Finding Reservation
2025-03-19 19:50:24,257 [1] INFO LabMPP.repository.databases.DBUtils - Connection opened successfully.
2025-03-19 19:50:24,258 [1] INFO LabMPP.repository.databases.TripRepoRepository - Finding Trip
2025-03-19 19:50:24,259 [1] INFO LabMPP.repository.databases.DBUtils - Connection opened successfully.
2025-03-19 19:50:24,260 [1] INFO LabMPP.repository.databases.ReservationRepository - Finding Reservation
2025-03-19 19:50:24,262 [1] INFO LabMPP.repository.databases.DBUtils - Connection opened successfully.
2025-03-19 19:50:24,263 [1] INFO LabMPP.repository.databases.TripRepoRepository - Finding Trip
2025-03-19 19:50:24,264 [1] INFO LabMPP.repository.databases.DBUtils - Connection opened successfully.
2025-03-19 19:50:24,266 [1] INFO LabMPP.repository.databases.ReservationRepository - Finding Reservation
2025-03-19 19:50:24,267 [1] INFO LabMPP.repository.databases.DBUtils - Connection opened successfully.
2025-03-19 19:50:24,267 [1] INFO LabMPP.repository.databases.TripRepoRepository - Finding Trip
2025-03-19 19:50:24,269 [1] INFO LabMPP.repository.databases.DBUtils - Connection opened successfully.
2025-03-19 19:50:24,270 [1] INFO LabMPP.repository.databases.ReservationRepository - Finding all Reservations
2025-03-19 19:50:24,271 [1] INFO LabMPP.repository.databases.DBUtils - Connection opened successfully.
2025-03-19 19:50:24,272 [1] INFO LabMPP.repository.databases.ReservationRepository - Finding Reservation
2025-03-19 19:50:24,273 [1] INFO LabMPP.repository.databases.DBUtils - Connection opened successfully.
2025-03-19 19:50:24,274 [1] INFO LabMPP.repository.databases.TripRepoRepository - Finding Trip
2025-03-19 19:50:24,275 [1] INFO LabMPP.repository.databases.DBUtils - Connection opened successfully.
2025-03-19 19:50:24,275 [1] INFO LabMPP.repository.databases.ReservationRepository - Finding Reservation
2025-03-19 19:50:24,276 [1] INFO LabMPP.repository.databases.DBUtils - Connection opened successfully.
2025-03-19 19:50:24,277 [1] INFO LabMPP.repository.databases.TripRepoRepository - Finding Trip
2025-03-19 19:50:24,278 [1] INFO LabMPP.repository.databases.DBUtils - Connection opened successfully.
2025-03-19 19:50:24,279 [1] INFO LabMPP.repository.databases.ReservationRepository - Finding Reservation
2025-03-19 19:50:24,280 [1] INFO LabMPP.repository.databases.DBUtils - Connection opened successfully.
2025-03-19 19:50:24,281 [1] INFO LabMPP.repository.databases.TripRepoRepository - Finding Trip
2025-03-19 19:50:24,282 [1] INFO LabMPP.repository.databases.DBUtils - Connection opened successfully.
2025-03-19 19:50:24,283 [1] INFO LabMPP.repository.databases.ReservationRepository - Finding Reservation
2025-03-19 19:50:24,284 [1] INFO LabMPP.repository.databases.DBUtils - Connection opened successfully.
2025-03-19 19:50:24,285 [1] INFO LabMPP.repository.databases.TripRepoRepository - Finding Trip
2025-03-19 19:50:24,286 [1] INFO LabMPP.repository.databases.DBUtils - Connection opened successfully.
2025-03-19 19:50:24,287 [1] INFO LabMPP.repository.databases.ReservationRepository - Finding Reservation
2025-03-19 19:50:24,288 [1] INFO LabMPP.repository.databases.DBUtils - Connection opened successfully.
2025-03-19 19:50:24,289 [1] INFO LabMPP.repository.databases.TripRepoRepository - Finding Trip
2025-03-19 19:50:24,290 [1] INFO LabMPP.repository.databases.DBUtils - Connection opened successfully.
2025-03-19 19:50:24,291 [1] INFO LabMPP.repository.databases.ReservationRepository - Finding Reservation
2025-03-19 19:50:24,292 [1] INFO LabMPP.repository.databases.DBUtils - Connection opened successfully.
2025-03-19 19:50:24,292 [1] INFO LabMPP.repository.databases.TripRepoRepository - Finding Trip
2025-03-19 19:50:24,293 [1] INFO LabMPP.repository.databases.DBUtils - Connection opened successfully.
2025-03-19 19:50:24,297 [1] INFO LabMPP.repository.databases.ReservationRepository - Saving Reservation
2025-03-19 19:50:24,299 [1] INFO LabMPP.repository.databases.DBUtils - Connection opened successfully.
2025-03-19 19:50:24,316 [1] INFO LabMPP.repository.databases.ReservationRepository - Finding all Reservations
2025-03-19 19:50:24,320 [1] INFO LabMPP.repository.databases.DBUtils - Connection opened successfully.
2025-03-19 19:50:24,322 [1] INFO LabMPP.repository.databases.ReservationRepository - Finding Reservation
2025-03-19 19:50:24,324 [1] INFO LabMPP.repository.databases.DBUtils - Connection opened successfully.
2025-03-19 19:50:24,325 [1] INFO LabMPP.repository.databases.TripRepoRepository - Finding Trip
2025-03-19 19:50:24,327 [1] INFO LabMPP.repository.databases.DBUtils - Connection opened successfully.
2025-03-19 19:50:24,328 [1] INFO LabMPP.repository.databases.ReservationRepository - Finding Reservation
2025-03-19 19:50:24,330 [1] INFO LabMPP.repository.databases.DBUtils - Connection opened successfully.
2025-03-19 19:50:24,331 [1] INFO LabMPP.repository.databases.TripRepoRepository - Finding Trip
2025-03-19 19:50:24,332 [1] INFO LabMPP.repository.databases.DBUtils - Connection opened successfully.
2025-03-19 19:50:24,333 [1] INFO LabMPP.repository.databases.ReservationRepository - Finding Reservation
2025-03-19 19:50:24,334 [1] INFO LabMPP.repository.databases.DBUtils - Connection opened successfully.
2025-03-19 19:50:24,335 [1] INFO LabMPP.repository.databases.TripRepoRepository - Finding Trip
2025-03-19 19:50:24,336 [1] INFO LabMPP.repository.databases.DBUtils - Connection opened successfully.
2025-03-19 19:50:24,337 [1] INFO LabMPP.repository.databases.ReservationRepository - Finding Reservation
2025-03-19 19:50:24,338 [1] INFO LabMPP.repository.databases.DBUtils - Connection opened successfully.
2025-03-19 19:50:24,339 [1] INFO LabMPP.repository.databases.TripRepoRepository - Finding Trip
2025-03-19 19:50:24,340 [1] INFO LabMPP.repository.databases.DBUtils - Connection opened successfully.
2025-03-19 19:50:24,340 [1] INFO LabMPP.repository.databases.ReservationRepository - Finding Reservation
2025-03-19 19:50:24,341 [1] INFO LabMPP.repository.databases.DBUtils - Connection opened successfully.
2025-03-19 19:50:24,342 [1] INFO LabMPP.repository.databases.TripRepoRepository - Finding Trip
2025-03-19 19:50:24,343 [1] INFO LabMPP.repository.databases.DBUtils - Connection opened successfully.
2025-03-19 19:50:24,344 [1] INFO LabMPP.repository.databases.ReservationRepository - Finding Reservation
2025-03-19 19:50:24,346 [1] INFO LabMPP.repository.databases.DBUtils - Connection opened successfully.
2025-03-19 19:50:24,347 [1] INFO LabMPP.repository.databases.TripRepoRepository - Finding Trip
2025-03-19 19:50:24,349 [1] INFO LabMPP.repository.databases.DBUtils - Connection opened successfully.
2025-03-19 19:50:24,350 [1] INFO LabMPP.repository.databases.ReservationRepository - Finding Reservation
2025-03-19 19:50:24,351 [1] INFO LabMPP.repository.databases.DBUtils - Connection opened successfully.
2025-03-19 19:50:24,352 [1] INFO LabMPP.repository.databases.TripRepoRepository - Finding Trip
2025-03-19 19:50:24,352 [1] INFO LabMPP.repository.databases.DBUtils - Connection opened successfully.
2025-03-19 19:55:06,121 [1] INFO LabMPP.repository.databases.TripRepoRepository - Creating TripRepository
2025-03-19 19:55:06,139 [1] INFO LabMPP.repository.databases.ManagerRepository - Creating ManagerRepository
2025-03-19 19:55:06,140 [1] INFO LabMPP.repository.databases.ReservationRepository - Creating TripRepository
2025-03-19 19:55:06,140 [1] INFO LabMPP.repository.databases.TripRepoRepository - Creating TripRepository
2025-03-19 19:55:06,141 [1] INFO Program - Aplicația a pornit!
2025-03-19 19:55:06,227 [1] INFO LabMPP.repository.databases.DBUtils - Connection opened successfully.
2025-03-19 19:55:06,234 [1] INFO Program - Test connection successful
2025-03-19 19:55:06,235 [1] INFO LabMPP.repository.databases.TripRepoRepository - Creating TripRepository
2025-03-19 19:55:06,236 [1] INFO LabMPP.repository.databases.TripRepoRepository - Finding all Trips
2025-03-19 19:55:06,237 [1] INFO LabMPP.repository.databases.DBUtils - Connection opened successfully.
2025-03-19 19:55:06,258 [1] INFO LabMPP.repository.databases.TripRepoRepository - Finding all Trips
2025-03-19 19:55:06,259 [1] INFO LabMPP.repository.databases.DBUtils - Connection opened successfully.
2025-03-19 19:55:06,264 [1] INFO LabMPP.repository.databases.TripRepoRepository - Saving Trip
2025-03-19 19:55:06,265 [1] INFO LabMPP.repository.databases.DBUtils - Connection opened successfully.
2025-03-19 19:55:06,275 [1] INFO LabMPP.repository.databases.TripRepoRepository - Finding all Trips
2025-03-19 19:55:06,278 [1] INFO LabMPP.repository.databases.DBUtils - Connection opened successfully.
2025-03-19 19:55:06,281 [1] INFO LabMPP.repository.databases.ManagerRepository - Creating ManagerRepository
2025-03-19 19:55:06,282 [1] INFO LabMPP.repository.databases.ManagerRepository - Finding all Managers
2025-03-19 19:55:06,284 [1] INFO LabMPP.repository.databases.DBUtils - Connection opened successfully.
2025-03-19 19:55:06,285 [1] INFO LabMPP.repository.databases.ManagerRepository - Finding all Managers
2025-03-19 19:55:06,286 [1] INFO LabMPP.repository.databases.DBUtils - Connection opened successfully.
2025-03-19 19:55:06,289 [1] INFO LabMPP.repository.databases.ManagerRepository - Saving Manager
2025-03-19 19:55:06,290 [1] INFO LabMPP.repository.databases.DBUtils - Connection opened successfully.
2025-03-19 19:55:06,294 [1] INFO LabMPP.repository.databases.ManagerRepository - Finding all Managers
2025-03-19 19:55:06,297 [1] INFO LabMPP.repository.databases.DBUtils - Connection opened successfully.
2025-03-19 19:55:06,299 [1] INFO LabMPP.repository.databases.ReservationRepository - Creating TripRepository
2025-03-19 19:55:06,300 [1] INFO LabMPP.repository.databases.TripRepoRepository - Creating TripRepository
2025-03-19 19:55:06,301 [1] INFO LabMPP.repository.databases.ReservationRepository - Finding all Reservations
2025-03-19 19:55:06,302 [1] INFO LabMPP.repository.databases.DBUtils - Connection opened successfully.
2025-03-19 19:55:06,303 [1] INFO LabMPP.repository.databases.ReservationRepository - Finding Reservation
2025-03-19 19:55:06,305 [1] INFO LabMPP.repository.databases.DBUtils - Connection opened successfully.
2025-03-19 19:55:06,306 [1] INFO LabMPP.repository.databases.TripRepoRepository - Finding Trip
2025-03-19 19:55:06,307 [1] INFO LabMPP.repository.databases.DBUtils - Connection opened successfully.
2025-03-19 19:55:06,309 [1] INFO LabMPP.repository.databases.ReservationRepository - Finding Reservation
2025-03-19 19:55:06,311 [1] INFO LabMPP.repository.databases.DBUtils - Connection opened successfully.
2025-03-19 19:55:06,311 [1] INFO LabMPP.repository.databases.TripRepoRepository - Finding Trip
2025-03-19 19:55:06,312 [1] INFO LabMPP.repository.databases.DBUtils - Connection opened successfully.
2025-03-19 19:55:06,313 [1] INFO LabMPP.repository.databases.ReservationRepository - Finding Reservation
2025-03-19 19:55:06,314 [1] INFO LabMPP.repository.databases.DBUtils - Connection opened successfully.
2025-03-19 19:55:06,314 [1] INFO LabMPP.repository.databases.TripRepoRepository - Finding Trip
2025-03-19 19:55:06,315 [1] INFO LabMPP.repository.databases.DBUtils - Connection opened successfully.
2025-03-19 19:55:06,316 [1] INFO LabMPP.repository.databases.ReservationRepository - Finding Reservation
2025-03-19 19:55:06,317 [1] INFO LabMPP.repository.databases.DBUtils - Connection opened successfully.
2025-03-19 19:55:06,318 [1] INFO LabMPP.repository.databases.TripRepoRepository - Finding Trip
2025-03-19 19:55:06,318 [1] INFO LabMPP.repository.databases.DBUtils - Connection opened successfully.
2025-03-19 19:55:06,319 [1] INFO LabMPP.repository.databases.ReservationRepository - Finding Reservation
2025-03-19 19:55:06,320 [1] INFO LabMPP.repository.databases.DBUtils - Connection opened successfully.
2025-03-19 19:55:06,320 [1] INFO LabMPP.repository.databases.TripRepoRepository - Finding Trip
2025-03-19 19:55:06,321 [1] INFO LabMPP.repository.databases.DBUtils - Connection opened successfully.
2025-03-19 19:55:06,322 [1] INFO LabMPP.repository.databases.ReservationRepository - Finding Reservation
2025-03-19 19:55:06,322 [1] INFO LabMPP.repository.databases.DBUtils - Connection opened successfully.
2025-03-19 19:55:06,323 [1] INFO LabMPP.repository.databases.TripRepoRepository - Finding Trip
2025-03-19 19:55:06,324 [1] INFO LabMPP.repository.databases.DBUtils - Connection opened successfully.
2025-03-19 19:55:06,325 [1] INFO LabMPP.repository.databases.ReservationRepository - Finding Reservation
2025-03-19 19:55:06,326 [1] INFO LabMPP.repository.databases.DBUtils - Connection opened successfully.
2025-03-19 19:55:06,327 [1] INFO LabMPP.repository.databases.TripRepoRepository - Finding Trip
2025-03-19 19:55:06,328 [1] INFO LabMPP.repository.databases.DBUtils - Connection opened successfully.
2025-03-19 19:55:06,329 [1] INFO LabMPP.repository.databases.ReservationRepository - Finding all Reservations
2025-03-19 19:55:06,330 [1] INFO LabMPP.repository.databases.DBUtils - Connection opened successfully.
2025-03-19 19:55:06,331 [1] INFO LabMPP.repository.databases.ReservationRepository - Finding Reservation
2025-03-19 19:55:06,332 [1] INFO LabMPP.repository.databases.DBUtils - Connection opened successfully.
2025-03-19 19:55:06,333 [1] INFO LabMPP.repository.databases.TripRepoRepository - Finding Trip
2025-03-19 19:55:06,334 [1] INFO LabMPP.repository.databases.DBUtils - Connection opened successfully.
2025-03-19 19:55:06,335 [1] INFO LabMPP.repository.databases.ReservationRepository - Finding Reservation
2025-03-19 19:55:06,335 [1] INFO LabMPP.repository.databases.DBUtils - Connection opened successfully.
2025-03-19 19:55:06,336 [1] INFO LabMPP.repository.databases.TripRepoRepository - Finding Trip
2025-03-19 19:55:06,337 [1] INFO LabMPP.repository.databases.DBUtils - Connection opened successfully.
2025-03-19 19:55:06,337 [1] INFO LabMPP.repository.databases.ReservationRepository - Finding Reservation
2025-03-19 19:55:06,338 [1] INFO LabMPP.repository.databases.DBUtils - Connection opened successfully.
2025-03-19 19:55:06,339 [1] INFO LabMPP.repository.databases.TripRepoRepository - Finding Trip
2025-03-19 19:55:06,339 [1] INFO LabMPP.repository.databases.DBUtils - Connection opened successfully.
2025-03-19 19:55:06,340 [1] INFO LabMPP.repository.databases.ReservationRepository - Finding Reservation
2025-03-19 19:55:06,341 [1] INFO LabMPP.repository.databases.DBUtils - Connection opened successfully.
2025-03-19 19:55:06,341 [1] INFO LabMPP.repository.databases.TripRepoRepository - Finding Trip
2025-03-19 19:55:06,342 [1] INFO LabMPP.repository.databases.DBUtils - Connection opened successfully.
2025-03-19 19:55:06,343 [1] INFO LabMPP.repository.databases.ReservationRepository - Finding Reservation
2025-03-19 19:55:06,344 [1] INFO LabMPP.repository.databases.DBUtils - Connection opened successfully.
2025-03-19 19:55:06,345 [1] INFO LabMPP.repository.databases.TripRepoRepository - Finding Trip
2025-03-19 19:55:06,345 [1] INFO LabMPP.repository.databases.DBUtils - Connection opened successfully.
2025-03-19 19:55:06,346 [1] INFO LabMPP.repository.databases.ReservationRepository - Finding Reservation
2025-03-19 19:55:06,347 [1] INFO LabMPP.repository.databases.DBUtils - Connection opened successfully.
2025-03-19 19:55:06,347 [1] INFO LabMPP.repository.databases.TripRepoRepository - Finding Trip
2025-03-19 19:55:06,348 [1] INFO LabMPP.repository.databases.DBUtils - Connection opened successfully.
2025-03-19 19:55:06,349 [1] INFO LabMPP.repository.databases.ReservationRepository - Finding Reservation
2025-03-19 19:55:06,350 [1] INFO LabMPP.repository.databases.DBUtils - Connection opened successfully.
2025-03-19 19:55:06,350 [1] INFO LabMPP.repository.databases.TripRepoRepository - Finding Trip
2025-03-19 19:55:06,351 [1] INFO LabMPP.repository.databases.DBUtils - Connection opened successfully.
2025-03-19 19:55:06,354 [1] INFO LabMPP.repository.databases.ReservationRepository - Saving Reservation
2025-03-19 19:55:06,355 [1] INFO LabMPP.repository.databases.DBUtils - Connection opened successfully.
2025-03-19 19:55:06,360 [1] INFO LabMPP.repository.databases.ReservationRepository - Finding all Reservations
2025-03-19 19:55:06,363 [1] INFO LabMPP.repository.databases.DBUtils - Connection opened successfully.
2025-03-19 19:55:06,364 [1] INFO LabMPP.repository.databases.ReservationRepository - Finding Reservation
2025-03-19 19:55:06,365 [1] INFO LabMPP.repository.databases.DBUtils - Connection opened successfully.
2025-03-19 19:55:06,366 [1] INFO LabMPP.repository.databases.TripRepoRepository - Finding Trip
2025-03-19 19:55:06,367 [1] INFO LabMPP.repository.databases.DBUtils - Connection opened successfully.
2025-03-19 19:55:06,367 [1] INFO LabMPP.repository.databases.ReservationRepository - Finding Reservation
2025-03-19 19:55:06,368 [1] INFO LabMPP.repository.databases.DBUtils - Connection opened successfully.
2025-03-19 19:55:06,369 [1] INFO LabMPP.repository.databases.TripRepoRepository - Finding Trip
2025-03-19 19:55:06,369 [1] INFO LabMPP.repository.databases.DBUtils - Connection opened successfully.
2025-03-19 19:55:06,370 [1] INFO LabMPP.repository.databases.ReservationRepository - Finding Reservation
2025-03-19 19:55:06,371 [1] INFO LabMPP.repository.databases.DBUtils - Connection opened successfully.
2025-03-19 19:55:06,372 [1] INFO LabMPP.repository.databases.TripRepoRepository - Finding Trip
2025-03-19 19:55:06,372 [1] INFO LabMPP.repository.databases.DBUtils - Connection opened successfully.
2025-03-19 19:55:06,373 [1] INFO LabMPP.repository.databases.ReservationRepository - Finding Reservation
2025-03-19 19:55:06,374 [1] INFO LabMPP.repository.databases.DBUtils - Connection opened successfully.
2025-03-19 19:55:06,375 [1] INFO LabMPP.repository.databases.TripRepoRepository - Finding Trip
2025-03-19 19:55:06,375 [1] INFO LabMPP.repository.databases.DBUtils - Connection opened successfully.
2025-03-19 19:55:06,376 [1] INFO LabMPP.repository.databases.ReservationRepository - Finding Reservation
2025-03-19 19:55:06,377 [1] INFO LabMPP.repository.databases.DBUtils - Connection opened successfully.
2025-03-19 19:55:06,378 [1] INFO LabMPP.repository.databases.TripRepoRepository - Finding Trip
2025-03-19 19:55:06,380 [1] INFO LabMPP.repository.databases.DBUtils - Connection opened successfully.
2025-03-19 19:55:06,381 [1] INFO LabMPP.repository.databases.ReservationRepository - Finding Reservation
2025-03-19 19:55:06,382 [1] INFO LabMPP.repository.databases.DBUtils - Connection opened successfully.
2025-03-19 19:55:06,383 [1] INFO LabMPP.repository.databases.TripRepoRepository - Finding Trip
2025-03-19 19:55:06,384 [1] INFO LabMPP.repository.databases.DBUtils - Connection opened successfully.
2025-03-19 19:55:06,385 [1] INFO LabMPP.repository.databases.ReservationRepository - Finding Reservation
2025-03-19 19:55:06,386 [1] INFO LabMPP.repository.databases.DBUtils - Connection opened successfully.
2025-03-19 19:55:06,386 [1] INFO LabMPP.repository.databases.TripRepoRepository - Finding Trip
2025-03-19 19:55:06,387 [1] INFO LabMPP.repository.databases.DBUtils - Connection opened successfully.
2025-03-19 19:55:06,388 [1] INFO LabMPP.repository.databases.ReservationRepository - Finding Reservation
2025-03-19 19:55:06,390 [1] INFO LabMPP.repository.databases.DBUtils - Connection opened successfully.
2025-03-19 19:55:06,391 [1] INFO LabMPP.repository.databases.TripRepoRepository - Finding Trip
2025-03-19 19:55:06,392 [1] INFO LabMPP.repository.databases.DBUtils - Connection opened successfully.
2025-03-19 19:55:47,331 [1] INFO LabMPP.repository.databases.TripRepoRepository - Creating TripRepository
2025-03-19 19:55:47,348 [1] INFO LabMPP.repository.databases.ManagerRepository - Creating ManagerRepository
2025-03-19 19:55:47,348 [1] INFO LabMPP.repository.databases.ReservationRepository - Creating TripRepository
2025-03-19 19:55:47,349 [1] INFO LabMPP.repository.databases.TripRepoRepository - Creating TripRepository
2025-03-19 19:55:47,349 [1] INFO Program - Aplicația a pornit!
2025-03-19 19:55:47,429 [1] INFO LabMPP.repository.databases.DBUtils - Connection opened successfully.
2025-03-19 19:55:47,435 [1] INFO Program - Test connection successful
2025-03-19 19:55:47,437 [1] INFO LabMPP.repository.databases.TripRepoRepository - Creating TripRepository
2025-03-19 19:55:47,437 [1] INFO LabMPP.repository.databases.TripRepoRepository - Finding all Trips
2025-03-19 19:55:47,438 [1] INFO LabMPP.repository.databases.DBUtils - Connection opened successfully.
2025-03-19 19:55:47,458 [1] INFO LabMPP.repository.databases.TripRepoRepository - Finding all Trips
2025-03-19 19:55:47,459 [1] INFO LabMPP.repository.databases.DBUtils - Connection opened successfully.
2025-03-19 19:55:47,464 [1] INFO LabMPP.repository.databases.TripRepoRepository - Saving Trip
2025-03-19 19:55:47,465 [1] INFO LabMPP.repository.databases.DBUtils - Connection opened successfully.
2025-03-19 19:55:47,484 [1] INFO LabMPP.repository.databases.TripRepoRepository - Finding all Trips
2025-03-19 19:55:47,488 [1] INFO LabMPP.repository.databases.DBUtils - Connection opened successfully.
2025-03-19 19:55:47,493 [1] INFO LabMPP.repository.databases.ManagerRepository - Creating ManagerRepository
2025-03-19 19:55:47,494 [1] INFO LabMPP.repository.databases.ManagerRepository - Finding all Managers
2025-03-19 19:55:47,495 [1] INFO LabMPP.repository.databases.DBUtils - Connection opened successfully.
2025-03-19 19:55:47,496 [1] INFO LabMPP.repository.databases.ManagerRepository - Finding all Managers
2025-03-19 19:55:47,498 [1] INFO LabMPP.repository.databases.DBUtils - Connection opened successfully.
2025-03-19 19:55:47,502 [1] INFO LabMPP.repository.databases.ManagerRepository - Saving Manager
2025-03-19 19:55:47,503 [1] INFO LabMPP.repository.databases.DBUtils - Connection opened successfully.
2025-03-19 19:55:47,509 [1] INFO LabMPP.repository.databases.ManagerRepository - Finding all Managers
2025-03-19 19:55:47,513 [1] INFO LabMPP.repository.databases.DBUtils - Connection opened successfully.
2025-03-19 19:55:47,517 [1] INFO LabMPP.repository.databases.ReservationRepository - Creating TripRepository
2025-03-19 19:55:47,518 [1] INFO LabMPP.repository.databases.TripRepoRepository - Creating TripRepository
2025-03-19 19:55:47,519 [1] INFO LabMPP.repository.databases.ReservationRepository - Finding all Reservations
2025-03-19 19:55:47,521 [1] INFO LabMPP.repository.databases.DBUtils - Connection opened successfully.
2025-03-19 19:55:47,523 [1] INFO LabMPP.repository.databases.ReservationRepository - Finding Reservation
2025-03-19 19:55:47,524 [1] INFO LabMPP.repository.databases.DBUtils - Connection opened successfully.
2025-03-19 19:55:47,526 [1] INFO LabMPP.repository.databases.TripRepoRepository - Finding Trip
2025-03-19 19:55:47,527 [1] INFO LabMPP.repository.databases.DBUtils - Connection opened successfully.
2025-03-19 19:55:47,530 [1] INFO LabMPP.repository.databases.ReservationRepository - Finding Reservation
2025-03-19 19:55:47,531 [1] INFO LabMPP.repository.databases.DBUtils - Connection opened successfully.
2025-03-19 19:55:47,533 [1] INFO LabMPP.repository.databases.TripRepoRepository - Finding Trip
2025-03-19 19:55:47,535 [1] INFO LabMPP.repository.databases.DBUtils - Connection opened successfully.
2025-03-19 19:55:47,536 [1] INFO LabMPP.repository.databases.ReservationRepository - Finding Reservation
2025-03-19 19:55:47,537 [1] INFO LabMPP.repository.databases.DBUtils - Connection opened successfully.
2025-03-19 19:55:47,539 [1] INFO LabMPP.repository.databases.TripRepoRepository - Finding Trip
2025-03-19 19:55:47,542 [1] INFO LabMPP.repository.databases.DBUtils - Connection opened successfully.
2025-03-19 19:55:47,543 [1] INFO LabMPP.repository.databases.ReservationRepository - Finding Reservation
2025-03-19 19:55:47,545 [1] INFO LabMPP.repository.databases.DBUtils - Connection opened successfully.
2025-03-19 19:55:47,545 [1] INFO LabMPP.repository.databases.TripRepoRepository - Finding Trip
2025-03-19 19:55:47,546 [1] INFO LabMPP.repository.databases.DBUtils - Connection opened successfully.
2025-03-19 19:55:47,547 [1] INFO LabMPP.repository.databases.ReservationRepository - Finding Reservation
2025-03-19 19:55:47,548 [1] INFO LabMPP.repository.databases.DBUtils - Connection opened successfully.
2025-03-19 19:55:47,549 [1] INFO LabMPP.repository.databases.TripRepoRepository - Finding Trip
2025-03-19 19:55:47,550 [1] INFO LabMPP.repository.databases.DBUtils - Connection opened successfully.
2025-03-19 19:55:47,551 [1] INFO LabMPP.repository.databases.ReservationRepository - Finding Reservation
2025-03-19 19:55:47,553 [1] INFO LabMPP.repository.databases.DBUtils - Connection opened successfully.
2025-03-19 19:55:47,554 [1] INFO LabMPP.repository.databases.TripRepoRepository - Finding Trip
2025-03-19 19:55:47,555 [1] INFO LabMPP.repository.databases.DBUtils - Connection opened successfully.
2025-03-19 19:55:47,557 [1] INFO LabMPP.repository.databases.ReservationRepository - Finding Reservation
2025-03-19 19:55:47,558 [1] INFO LabMPP.repository.databases.DBUtils - Connection opened successfully.
2025-03-19 19:55:47,558 [1] INFO LabMPP.repository.databases.TripRepoRepository - Finding Trip
2025-03-19 19:55:47,559 [1] INFO LabMPP.repository.databases.DBUtils - Connection opened successfully.
2025-03-19 19:55:47,561 [1] INFO LabMPP.repository.databases.ReservationRepository - Finding Reservation
2025-03-19 19:55:47,562 [1] INFO LabMPP.repository.databases.DBUtils - Connection opened successfully.
2025-03-19 19:55:47,563 [1] INFO LabMPP.repository.databases.TripRepoRepository - Finding Trip
2025-03-19 19:55:47,564 [1] INFO LabMPP.repository.databases.DBUtils - Connection opened successfully.
2025-03-19 19:55:47,565 [1] INFO LabMPP.repository.databases.ReservationRepository - Finding all Reservations
2025-03-19 19:55:47,566 [1] INFO LabMPP.repository.databases.DBUtils - Connection opened successfully.
2025-03-19 19:55:47,566 [1] INFO LabMPP.repository.databases.ReservationRepository - Finding Reservation
2025-03-19 19:55:47,567 [1] INFO LabMPP.repository.databases.DBUtils - Connection opened successfully.
2025-03-19 19:55:47,568 [1] INFO LabMPP.repository.databases.TripRepoRepository - Finding Trip
2025-03-19 19:55:47,569 [1] INFO LabMPP.repository.databases.DBUtils - Connection opened successfully.
2025-03-19 19:55:47,570 [1] INFO LabMPP.repository.databases.ReservationRepository - Finding Reservation
2025-03-19 19:55:47,571 [1] INFO LabMPP.repository.databases.DBUtils - Connection opened successfully.
2025-03-19 19:55:47,572 [1] INFO LabMPP.repository.databases.TripRepoRepository - Finding Trip
2025-03-19 19:55:47,573 [1] INFO LabMPP.repository.databases.DBUtils - Connection opened successfully.
2025-03-19 19:55:47,574 [1] INFO LabMPP.repository.databases.ReservationRepository - Finding Reservation
2025-03-19 19:55:47,575 [1] INFO LabMPP.repository.databases.DBUtils - Connection opened successfully.
2025-03-19 19:55:47,575 [1] INFO LabMPP.repository.databases.TripRepoRepository - Finding Trip
2025-03-19 19:55:47,576 [1] INFO LabMPP.repository.databases.DBUtils - Connection opened successfully.
2025-03-19 19:55:47,577 [1] INFO LabMPP.repository.databases.ReservationRepository - Finding Reservation
2025-03-19 19:55:47,578 [1] INFO LabMPP.repository.databases.DBUtils - Connection opened successfully.
2025-03-19 19:55:47,579 [1] INFO LabMPP.repository.databases.TripRepoRepository - Finding Trip
2025-03-19 19:55:47,580 [1] INFO LabMPP.repository.databases.DBUtils - Connection opened successfully.
2025-03-19 19:55:47,581 [1] INFO LabMPP.repository.databases.ReservationRepository - Finding Reservation
2025-03-19 19:55:47,582 [1] INFO LabMPP.repository.databases.DBUtils - Connection opened successfully.
2025-03-19 19:55:47,582 [1] INFO LabMPP.repository.databases.TripRepoRepository - Finding Trip
2025-03-19 19:55:47,583 [1] INFO LabMPP.repository.databases.DBUtils - Connection opened successfully.
2025-03-19 19:55:47,584 [1] INFO LabMPP.repository.databases.ReservationRepository - Finding Reservation
2025-03-19 19:55:47,585 [1] INFO LabMPP.repository.databases.DBUtils - Connection opened successfully.
2025-03-19 19:55:47,586 [1] INFO LabMPP.repository.databases.TripRepoRepository - Finding Trip
2025-03-19 19:55:47,587 [1] INFO LabMPP.repository.databases.DBUtils - Connection opened successfully.
2025-03-19 19:55:47,587 [1] INFO LabMPP.repository.databases.ReservationRepository - Finding Reservation
2025-03-19 19:55:47,588 [1] INFO LabMPP.repository.databases.DBUtils - Connection opened successfully.
2025-03-19 19:55:47,589 [1] INFO LabMPP.repository.databases.TripRepoRepository - Finding Trip
2025-03-19 19:55:47,591 [1] INFO LabMPP.repository.databases.DBUtils - Connection opened successfully.
2025-03-19 19:55:47,592 [1] INFO LabMPP.repository.databases.ReservationRepository - Finding Reservation
2025-03-19 19:55:47,593 [1] INFO LabMPP.repository.databases.DBUtils - Connection opened successfully.
2025-03-19 19:55:47,595 [1] INFO LabMPP.repository.databases.TripRepoRepository - Finding Trip
2025-03-19 19:55:47,596 [1] INFO LabMPP.repository.databases.DBUtils - Connection opened successfully.
2025-03-19 19:55:47,600 [1] INFO LabMPP.repository.databases.ReservationRepository - Saving Reservation
2025-03-19 19:55:47,602 [1] INFO LabMPP.repository.databases.DBUtils - Connection opened successfully.
2025-03-19 19:55:47,620 [1] INFO LabMPP.repository.databases.ReservationRepository - Finding all Reservations
2025-03-19 19:55:47,623 [1] INFO LabMPP.repository.databases.DBUtils - Connection opened successfully.
2025-03-19 19:55:47,624 [1] INFO LabMPP.repository.databases.ReservationRepository - Finding Reservation
2025-03-19 19:55:47,624 [1] INFO LabMPP.repository.databases.DBUtils - Connection opened successfully.
2025-03-19 19:55:47,625 [1] INFO LabMPP.repository.databases.TripRepoRepository - Finding Trip
2025-03-19 19:55:47,626 [1] INFO LabMPP.repository.databases.DBUtils - Connection opened successfully.
2025-03-19 19:55:47,627 [1] INFO LabMPP.repository.databases.ReservationRepository - Finding Reservation
2025-03-19 19:55:47,627 [1] INFO LabMPP.repository.databases.DBUtils - Connection opened successfully.
2025-03-19 19:55:47,628 [1] INFO LabMPP.repository.databases.TripRepoRepository - Finding Trip
2025-03-19 19:55:47,629 [1] INFO LabMPP.repository.databases.DBUtils - Connection opened successfully.
2025-03-19 19:55:47,629 [1] INFO LabMPP.repository.databases.ReservationRepository - Finding Reservation
2025-03-19 19:55:47,630 [1] INFO LabMPP.repository.databases.DBUtils - Connection opened successfully.
2025-03-19 19:55:47,631 [1] INFO LabMPP.repository.databases.TripRepoRepository - Finding Trip
2025-03-19 19:55:47,632 [1] INFO LabMPP.repository.databases.DBUtils - Connection opened successfully.
2025-03-19 19:55:47,633 [1] INFO LabMPP.repository.databases.ReservationRepository - Finding Reservation
2025-03-19 19:55:47,634 [1] INFO LabMPP.repository.databases.DBUtils - Connection opened successfully.
2025-03-19 19:55:47,634 [1] INFO LabMPP.repository.databases.TripRepoRepository - Finding Trip
2025-03-19 19:55:47,635 [1] INFO LabMPP.repository.databases.DBUtils - Connection opened successfully.
2025-03-19 19:55:47,636 [1] INFO LabMPP.repository.databases.ReservationRepository - Finding Reservation
2025-03-19 19:55:47,636 [1] INFO LabMPP.repository.databases.DBUtils - Connection opened successfully.
2025-03-19 19:55:47,637 [1] INFO LabMPP.repository.databases.TripRepoRepository - Finding Trip
2025-03-19 19:55:47,638 [1] INFO LabMPP.repository.databases.DBUtils - Connection opened successfully.
2025-03-19 19:55:47,639 [1] INFO LabMPP.repository.databases.ReservationRepository - Finding Reservation
2025-03-19 19:55:47,640 [1] INFO LabMPP.repository.databases.DBUtils - Connection opened successfully.
2025-03-19 19:55:47,641 [1] INFO LabMPP.repository.databases.TripRepoRepository - Finding Trip
2025-03-19 19:55:47,642 [1] INFO LabMPP.repository.databases.DBUtils - Connection opened successfully.
2025-03-19 19:55:47,642 [1] INFO LabMPP.repository.databases.ReservationRepository - Finding Reservation
2025-03-19 19:55:47,643 [1] INFO LabMPP.repository.databases.DBUtils - Connection opened successfully.
2025-03-19 19:55:47,644 [1] INFO LabMPP.repository.databases.TripRepoRepository - Finding Trip
2025-03-19 19:55:47,645 [1] INFO LabMPP.repository.databases.DBUtils - Connection opened successfully.
2025-03-19 19:55:47,645 [1] INFO LabMPP.repository.databases.ReservationRepository - Finding Reservation
2025-03-19 19:55:47,646 [1] INFO LabMPP.repository.databases.DBUtils - Connection opened successfully.
2025-03-19 19:55:47,647 [1] INFO LabMPP.repository.databases.TripRepoRepository - Finding Trip
2025-03-19 19:55:47,647 [1] INFO LabMPP.repository.databases.DBUtils - Connection opened successfully.
2025-03-19 19:55:47,648 [1] INFO LabMPP.repository.databases.ReservationRepository - Finding Reservation
2025-03-19 19:55:47,649 [1] INFO LabMPP.repository.databases.DBUtils - Connection opened successfully.
2025-03-19 19:55:47,649 [1] INFO LabMPP.repository.databases.TripRepoRepository - Finding Trip
2025-03-19 19:55:47,650 [1] INFO LabMPP.repository.databases.DBUtils - Connection opened successfully.
2025-03-19 20:11:42,482 [1] INFO LabMPP.repository.databases.TripRepoRepository - Creating TripRepository
2025-03-19 20:11:42,502 [1] INFO LabMPP.repository.databases.ManagerRepository - Creating ManagerRepository
2025-03-19 20:11:42,503 [1] INFO LabMPP.repository.databases.ReservationRepository - Creating TripRepository
2025-03-19 20:11:42,503 [1] INFO LabMPP.repository.databases.TripRepoRepository - Creating TripRepository
2025-03-19 20:11:42,503 [1] INFO Program - Aplicația a pornit!
2025-03-19 20:11:42,592 [1] INFO LabMPP.repository.databases.DBUtils - Connection opened successfully.
2025-03-19 20:11:42,599 [1] INFO Program - Test connection successful
2025-03-19 20:11:42,600 [1] INFO LabMPP.repository.databases.TripRepoRepository - Creating TripRepository
2025-03-19 20:11:42,601 [1] INFO LabMPP.repository.databases.TripRepoRepository - Finding all Trips
2025-03-19 20:11:42,602 [1] INFO LabMPP.repository.databases.DBUtils - Connection opened successfully.
2025-03-19 20:11:42,622 [1] INFO LabMPP.repository.databases.TripRepoRepository - Finding all Trips
2025-03-19 20:11:42,623 [1] INFO LabMPP.repository.databases.DBUtils - Connection opened successfully.
2025-03-19 20:11:42,630 [1] INFO LabMPP.repository.databases.TripRepoRepository - Saving Trip
2025-03-19 20:11:42,631 [1] INFO LabMPP.repository.databases.DBUtils - Connection opened successfully.
2025-03-19 20:11:42,649 [1] INFO LabMPP.repository.databases.TripRepoRepository - Finding all Trips
2025-03-19 20:11:42,652 [1] INFO LabMPP.repository.databases.DBUtils - Connection opened successfully.
2025-03-19 20:11:42,659 [1] INFO LabMPP.repository.databases.ManagerRepository - Creating ManagerRepository
2025-03-19 20:11:42,660 [1] INFO LabMPP.repository.databases.ManagerRepository - Finding all Managers
2025-03-19 20:11:42,662 [1] INFO LabMPP.repository.databases.DBUtils - Connection opened successfully.
2025-03-19 20:11:42,665 [1] INFO LabMPP.repository.databases.ManagerRepository - Finding all Managers
2025-03-19 20:11:42,666 [1] INFO LabMPP.repository.databases.DBUtils - Connection opened successfully.
2025-03-19 20:11:42,672 [1] INFO LabMPP.repository.databases.ManagerRepository - Saving Manager
2025-03-19 20:11:42,674 [1] INFO LabMPP.repository.databases.DBUtils - Connection opened successfully.
2025-03-19 20:11:42,682 [1] INFO LabMPP.repository.databases.ManagerRepository - Finding all Managers
2025-03-19 20:11:42,686 [1] INFO LabMPP.repository.databases.DBUtils - Connection opened successfully.
2025-03-19 20:11:42,691 [1] INFO LabMPP.repository.databases.ReservationRepository - Creating TripRepository
2025-03-19 20:11:42,691 [1] INFO LabMPP.repository.databases.TripRepoRepository - Creating TripRepository
2025-03-19 20:11:42,693 [1] INFO LabMPP.repository.databases.ReservationRepository - Finding all Reservations
2025-03-19 20:11:42,695 [1] INFO LabMPP.repository.databases.DBUtils - Connection opened successfully.
2025-03-19 20:11:42,698 [1] INFO LabMPP.repository.databases.ReservationRepository - Finding Reservation
2025-03-19 20:11:42,699 [1] INFO LabMPP.repository.databases.DBUtils - Connection opened successfully.
2025-03-19 20:11:42,702 [1] INFO LabMPP.repository.databases.TripRepoRepository - Finding Trip
2025-03-19 20:11:42,704 [1] INFO LabMPP.repository.databases.DBUtils - Connection opened successfully.
2025-03-19 20:11:42,709 [1] INFO LabMPP.repository.databases.ReservationRepository - Finding Reservation
2025-03-19 20:11:42,712 [1] INFO LabMPP.repository.databases.DBUtils - Connection opened successfully.
2025-03-19 20:11:42,713 [1] INFO LabMPP.repository.databases.TripRepoRepository - Finding Trip
2025-03-19 20:11:42,715 [1] INFO LabMPP.repository.databases.DBUtils - Connection opened successfully.
2025-03-19 20:11:42,716 [1] INFO LabMPP.repository.databases.ReservationRepository - Finding Reservation
2025-03-19 20:11:42,718 [1] INFO LabMPP.repository.databases.DBUtils - Connection opened successfully.
2025-03-19 20:11:42,719 [1] INFO LabMPP.repository.databases.TripRepoRepository - Finding Trip
2025-03-19 20:11:42,721 [1] INFO LabMPP.repository.databases.DBUtils - Connection opened successfully.
2025-03-19 20:11:42,722 [1] INFO LabMPP.repository.databases.ReservationRepository - Finding Reservation
2025-03-19 20:11:42,724 [1] INFO LabMPP.repository.databases.DBUtils - Connection opened successfully.
2025-03-19 20:11:42,725 [1] INFO LabMPP.repository.databases.TripRepoRepository - Finding Trip
2025-03-19 20:11:42,727 [1] INFO LabMPP.repository.databases.DBUtils - Connection opened successfully.
2025-03-19 20:11:42,728 [1] INFO LabMPP.repository.databases.ReservationRepository - Finding Reservation
2025-03-19 20:11:42,730 [1] INFO LabMPP.repository.databases.DBUtils - Connection opened successfully.
2025-03-19 20:11:42,731 [1] INFO LabMPP.repository.databases.TripRepoRepository - Finding Trip
2025-03-19 20:11:42,732 [1] INFO LabMPP.repository.databases.DBUtils - Connection opened successfully.
2025-03-19 20:11:42,734 [1] INFO LabMPP.repository.databases.ReservationRepository - Finding Reservation
2025-03-19 20:11:42,735 [1] INFO LabMPP.repository.databases.DBUtils - Connection opened successfully.
2025-03-19 20:11:42,737 [1] INFO LabMPP.repository.databases.TripRepoRepository - Finding Trip
2025-03-19 20:11:42,738 [1] INFO LabMPP.repository.databases.DBUtils - Connection opened successfully.
2025-03-19 20:11:42,740 [1] INFO LabMPP.repository.databases.ReservationRepository - Finding Reservation
2025-03-19 20:11:42,741 [1] INFO LabMPP.repository.databases.DBUtils - Connection opened successfully.
2025-03-19 20:11:42,742 [1] INFO LabMPP.repository.databases.TripRepoRepository - Finding Trip
2025-03-19 20:11:42,744 [1] INFO LabMPP.repository.databases.DBUtils - Connection opened successfully.
2025-03-19 20:11:42,745 [1] INFO LabMPP.repository.databases.ReservationRepository - Finding Reservation
2025-03-19 20:11:42,747 [1] INFO LabMPP.repository.databases.DBUtils - Connection opened successfully.
2025-03-19 20:11:42,748 [1] INFO LabMPP.repository.databases.TripRepoRepository - Finding Trip
2025-03-19 20:11:42,750 [1] INFO LabMPP.repository.databases.DBUtils - Connection opened successfully.
2025-03-19 20:11:42,751 [1] INFO LabMPP.repository.databases.ReservationRepository - Finding Reservation
2025-03-19 20:11:42,753 [1] INFO LabMPP.repository.databases.DBUtils - Connection opened successfully.
2025-03-19 20:11:42,754 [1] INFO LabMPP.repository.databases.TripRepoRepository - Finding Trip
2025-03-19 20:11:42,756 [1] INFO LabMPP.repository.databases.DBUtils - Connection opened successfully.
2025-03-19 20:11:42,757 [1] INFO LabMPP.repository.databases.ReservationRepository - Finding all Reservations
2025-03-19 20:11:42,759 [1] INFO LabMPP.repository.databases.DBUtils - Connection opened successfully.
2025-03-19 20:11:42,760 [1] INFO LabMPP.repository.databases.ReservationRepository - Finding Reservation
2025-03-19 20:11:42,761 [1] INFO LabMPP.repository.databases.DBUtils - Connection opened successfully.
2025-03-19 20:11:42,763 [1] INFO LabMPP.repository.databases.TripRepoRepository - Finding Trip
2025-03-19 20:11:42,764 [1] INFO LabMPP.repository.databases.DBUtils - Connection opened successfully.
2025-03-19 20:11:42,766 [1] INFO LabMPP.repository.databases.ReservationRepository - Finding Reservation
2025-03-19 20:11:42,767 [1] INFO LabMPP.repository.databases.DBUtils - Connection opened successfully.
2025-03-19 20:11:42,769 [1] INFO LabMPP.repository.databases.TripRepoRepository - Finding Trip
2025-03-19 20:11:42,770 [1] INFO LabMPP.repository.databases.DBUtils - Connection opened successfully.
2025-03-19 20:11:42,772 [1] INFO LabMPP.repository.databases.ReservationRepository - Finding Reservation
2025-03-19 20:11:42,773 [1] INFO LabMPP.repository.databases.DBUtils - Connection opened successfully.
2025-03-19 20:11:42,775 [1] INFO LabMPP.repository.databases.TripRepoRepository - Finding Trip
2025-03-19 20:11:42,776 [1] INFO LabMPP.repository.databases.DBUtils - Connection opened successfully.
2025-03-19 20:11:42,778 [1] INFO LabMPP.repository.databases.ReservationRepository - Finding Reservation
2025-03-19 20:11:42,779 [1] INFO LabMPP.repository.databases.DBUtils - Connection opened successfully.
2025-03-19 20:11:42,780 [1] INFO LabMPP.repository.databases.TripRepoRepository - Finding Trip
2025-03-19 20:11:42,782 [1] INFO LabMPP.repository.databases.DBUtils - Connection opened successfully.
2025-03-19 20:11:42,783 [1] INFO LabMPP.repository.databases.ReservationRepository - Finding Reservation
2025-03-19 20:11:42,785 [1] INFO LabMPP.repository.databases.DBUtils - Connection opened successfully.
2025-03-19 20:11:42,786 [1] INFO LabMPP.repository.databases.TripRepoRepository - Finding Trip
2025-03-19 20:11:42,788 [1] INFO LabMPP.repository.databases.DBUtils - Connection opened successfully.
2025-03-19 20:11:42,789 [1] INFO LabMPP.repository.databases.ReservationRepository - Finding Reservation
2025-03-19 20:11:42,790 [1] INFO LabMPP.repository.databases.DBUtils - Connection opened successfully.
2025-03-19 20:11:42,792 [1] INFO LabMPP.repository.databases.TripRepoRepository - Finding Trip
2025-03-19 20:11:42,793 [1] INFO LabMPP.repository.databases.DBUtils - Connection opened successfully.
2025-03-19 20:11:42,794 [1] INFO LabMPP.repository.databases.ReservationRepository - Finding Reservation
2025-03-19 20:11:42,796 [1] INFO LabMPP.repository.databases.DBUtils - Connection opened successfully.
2025-03-19 20:11:42,797 [1] INFO LabMPP.repository.databases.TripRepoRepository - Finding Trip
2025-03-19 20:11:42,798 [1] INFO LabMPP.repository.databases.DBUtils - Connection opened successfully.
2025-03-19 20:11:42,799 [1] INFO LabMPP.repository.databases.ReservationRepository - Finding Reservation
2025-03-19 20:11:42,800 [1] INFO LabMPP.repository.databases.DBUtils - Connection opened successfully.
2025-03-19 20:11:42,801 [1] INFO LabMPP.repository.databases.TripRepoRepository - Finding Trip
2025-03-19 20:11:42,803 [1] INFO LabMPP.repository.databases.DBUtils - Connection opened successfully.
2025-03-19 20:11:42,804 [1] INFO LabMPP.repository.databases.ReservationRepository - Finding Reservation
2025-03-19 20:11:42,806 [1] INFO LabMPP.repository.databases.DBUtils - Connection opened successfully.
2025-03-19 20:11:42,807 [1] INFO LabMPP.repository.databases.TripRepoRepository - Finding Trip
2025-03-19 20:11:42,808 [1] INFO LabMPP.repository.databases.DBUtils - Connection opened successfully.
2025-03-19 20:11:42,814 [1] INFO LabMPP.repository.databases.ReservationRepository - Saving Reservation
2025-03-19 20:11:42,815 [1] INFO LabMPP.repository.databases.DBUtils - Connection opened successfully.
2025-03-19 20:11:42,821 [1] INFO LabMPP.repository.databases.ReservationRepository - Finding all Reservations
2025-03-19 20:11:42,824 [1] INFO LabMPP.repository.databases.DBUtils - Connection opened successfully.
2025-03-19 20:11:42,825 [1] INFO LabMPP.repository.databases.ReservationRepository - Finding Reservation
2025-03-19 20:11:42,826 [1] INFO LabMPP.repository.databases.DBUtils - Connection opened successfully.
2025-03-19 20:11:42,827 [1] INFO LabMPP.repository.databases.TripRepoRepository - Finding Trip
2025-03-19 20:11:42,828 [1] INFO LabMPP.repository.databases.DBUtils - Connection opened successfully.
2025-03-19 20:11:42,828 [1] INFO LabMPP.repository.databases.ReservationRepository - Finding Reservation
2025-03-19 20:11:42,829 [1] INFO LabMPP.repository.databases.DBUtils - Connection opened successfully.
2025-03-19 20:11:42,830 [1] INFO LabMPP.repository.databases.TripRepoRepository - Finding Trip
2025-03-19 20:11:42,832 [1] INFO LabMPP.repository.databases.DBUtils - Connection opened successfully.
2025-03-19 20:11:42,833 [1] INFO LabMPP.repository.databases.ReservationRepository - Finding Reservation
2025-03-19 20:11:42,834 [1] INFO LabMPP.repository.databases.DBUtils - Connection opened successfully.
2025-03-19 20:11:42,834 [1] INFO LabMPP.repository.databases.TripRepoRepository - Finding Trip
2025-03-19 20:11:42,835 [1] INFO LabMPP.repository.databases.DBUtils - Connection opened successfully.
2025-03-19 20:11:42,836 [1] INFO LabMPP.repository.databases.ReservationRepository - Finding Reservation
2025-03-19 20:11:42,836 [1] INFO LabMPP.repository.databases.DBUtils - Connection opened successfully.
2025-03-19 20:11:42,837 [1] INFO LabMPP.repository.databases.TripRepoRepository - Finding Trip
2025-03-19 20:11:42,838 [1] INFO LabMPP.repository.databases.DBUtils - Connection opened successfully.
2025-03-19 20:11:42,839 [1] INFO LabMPP.repository.databases.ReservationRepository - Finding Reservation
2025-03-19 20:11:42,839 [1] INFO LabMPP.repository.databases.DBUtils - Connection opened successfully.
2025-03-19 20:11:42,840 [1] INFO LabMPP.repository.databases.TripRepoRepository - Finding Trip
2025-03-19 20:11:42,841 [1] INFO LabMPP.repository.databases.DBUtils - Connection opened successfully.
2025-03-19 20:11:42,842 [1] INFO LabMPP.repository.databases.ReservationRepository - Finding Reservation
2025-03-19 20:11:42,843 [1] INFO LabMPP.repository.databases.DBUtils - Connection opened successfully.
2025-03-19 20:11:42,844 [1] INFO LabMPP.repository.databases.TripRepoRepository - Finding Trip
2025-03-19 20:11:42,846 [1] INFO LabMPP.repository.databases.DBUtils - Connection opened successfully.
2025-03-19 20:11:42,847 [1] INFO LabMPP.repository.databases.ReservationRepository - Finding Reservation
2025-03-19 20:11:42,849 [1] INFO LabMPP.repository.databases.DBUtils - Connection opened successfully.
2025-03-19 20:11:42,850 [1] INFO LabMPP.repository.databases.TripRepoRepository - Finding Trip
2025-03-19 20:11:42,851 [1] INFO LabMPP.repository.databases.DBUtils - Connection opened successfully.
2025-03-19 20:11:42,851 [1] INFO LabMPP.repository.databases.ReservationRepository - Finding Reservation
2025-03-19 20:11:42,852 [1] INFO LabMPP.repository.databases.DBUtils - Connection opened successfully.
2025-03-19 20:11:42,853 [1] INFO LabMPP.repository.databases.TripRepoRepository - Finding Trip
2025-03-19 20:11:42,854 [1] INFO LabMPP.repository.databases.DBUtils - Connection opened successfully.
2025-03-19 20:11:42,855 [1] INFO LabMPP.repository.databases.ReservationRepository - Finding Reservation
2025-03-19 20:11:42,856 [1] INFO LabMPP.repository.databases.DBUtils - Connection opened successfully.
2025-03-19 20:11:42,856 [1] INFO LabMPP.repository.databases.TripRepoRepository - Finding Trip
2025-03-19 20:11:42,857 [1] INFO LabMPP.repository.databases.DBUtils - Connection opened successfully.
2025-03-19 20:11:42,858 [1] INFO LabMPP.repository.databases.ReservationRepository - Finding Reservation
2025-03-19 20:11:42,859 [1] INFO LabMPP.repository.databases.DBUtils - Connection opened successfully.
2025-03-19 20:11:42,860 [1] INFO LabMPP.repository.databases.TripRepoRepository - Finding Trip
2025-03-19 20:11:42,861 [1] INFO LabMPP.repository.databases.DBUtils - Connection opened successfully.
2025-03-19 20:13:12,120 [1] INFO LabMPP.repository.databases.TripRepoRepository - Creating TripRepository
2025-03-19 20:13:12,147 [1] INFO LabMPP.repository.databases.ManagerRepository - Creating ManagerRepository
2025-03-19 20:13:12,148 [1] INFO LabMPP.repository.databases.ReservationRepository - Creating TripRepository
2025-03-19 20:13:12,148 [1] INFO LabMPP.repository.databases.TripRepoRepository - Creating TripRepository
2025-03-19 20:13:12,148 [1] INFO Program - Aplicația a pornit!
2025-03-19 20:13:12,227 [1] INFO LabMPP.repository.databases.DBUtils - Connection opened successfully.
2025-03-19 20:13:12,233 [1] INFO Program - Test connection successful
2025-03-19 20:13:12,234 [1] INFO LabMPP.repository.databases.TripRepoRepository - Creating TripRepository
2025-03-19 20:13:12,235 [1] INFO LabMPP.repository.databases.TripRepoRepository - Finding all Trips
2025-03-19 20:13:12,235 [1] INFO LabMPP.repository.databases.DBUtils - Connection opened successfully.
2025-03-19 20:13:12,255 [1] INFO LabMPP.repository.databases.TripRepoRepository - Finding all Trips
2025-03-19 20:13:12,256 [1] INFO LabMPP.repository.databases.DBUtils - Connection opened successfully.
2025-03-19 20:13:12,261 [1] INFO LabMPP.repository.databases.TripRepoRepository - Saving Trip
2025-03-19 20:13:12,262 [1] INFO LabMPP.repository.databases.DBUtils - Connection opened successfully.
2025-03-19 20:13:12,273 [1] INFO LabMPP.repository.databases.TripRepoRepository - Finding all Trips
2025-03-19 20:13:12,276 [1] INFO LabMPP.repository.databases.DBUtils - Connection opened successfully.
2025-03-19 20:13:12,280 [1] INFO LabMPP.repository.databases.ManagerRepository - Creating ManagerRepository
2025-03-19 20:13:12,281 [1] INFO LabMPP.repository.databases.ManagerRepository - Finding all Managers
2025-03-19 20:13:12,282 [1] INFO LabMPP.repository.databases.DBUtils - Connection opened successfully.
2025-03-19 20:13:12,283 [1] INFO LabMPP.repository.databases.ManagerRepository - Finding all Managers
2025-03-19 20:13:12,284 [1] INFO LabMPP.repository.databases.DBUtils - Connection opened successfully.
2025-03-19 20:13:12,287 [1] INFO LabMPP.repository.databases.ManagerRepository - Saving Manager
2025-03-19 20:13:12,288 [1] INFO LabMPP.repository.databases.DBUtils - Connection opened successfully.
2025-03-19 20:13:12,293 [1] INFO LabMPP.repository.databases.ManagerRepository - Finding all Managers
2025-03-19 20:13:12,296 [1] INFO LabMPP.repository.databases.DBUtils - Connection opened successfully.
2025-03-19 20:13:12,299 [1] INFO LabMPP.repository.databases.ReservationRepository - Creating TripRepository
2025-03-19 20:13:12,299 [1] INFO LabMPP.repository.databases.TripRepoRepository - Creating TripRepository
2025-03-19 20:13:12,300 [1] INFO LabMPP.repository.databases.ReservationRepository - Finding all Reservations
2025-03-19 20:13:12,301 [1] INFO LabMPP.repository.databases.DBUtils - Connection opened successfully.
2025-03-19 20:13:12,302 [1] INFO LabMPP.repository.databases.ReservationRepository - Finding Reservation
2025-03-19 20:13:12,303 [1] INFO LabMPP.repository.databases.DBUtils - Connection opened successfully.
2025-03-19 20:13:12,304 [1] INFO LabMPP.repository.databases.TripRepoRepository - Finding Trip
2025-03-19 20:13:12,305 [1] INFO LabMPP.repository.databases.DBUtils - Connection opened successfully.
2025-03-19 20:13:12,307 [1] INFO LabMPP.repository.databases.ReservationRepository - Finding Reservation
2025-03-19 20:13:12,308 [1] INFO LabMPP.repository.databases.DBUtils - Connection opened successfully.
2025-03-19 20:13:12,309 [1] INFO LabMPP.repository.databases.TripRepoRepository - Finding Trip
2025-03-19 20:13:12,310 [1] INFO LabMPP.repository.databases.DBUtils - Connection opened successfully.
2025-03-19 20:13:12,311 [1] INFO LabMPP.repository.databases.ReservationRepository - Finding Reservation
2025-03-19 20:13:12,312 [1] INFO LabMPP.repository.databases.DBUtils - Connection opened successfully.
2025-03-19 20:13:12,312 [1] INFO LabMPP.repository.databases.TripRepoRepository - Finding Trip
2025-03-19 20:13:12,313 [1] INFO LabMPP.repository.databases.DBUtils - Connection opened successfully.
2025-03-19 20:13:12,314 [1] INFO LabMPP.repository.databases.ReservationRepository - Finding Reservation
2025-03-19 20:13:12,315 [1] INFO LabMPP.repository.databases.DBUtils - Connection opened successfully.
2025-03-19 20:13:12,315 [1] INFO LabMPP.repository.databases.TripRepoRepository - Finding Trip
2025-03-19 20:13:12,316 [1] INFO LabMPP.repository.databases.DBUtils - Connection opened successfully.
2025-03-19 20:13:12,317 [1] INFO LabMPP.repository.databases.ReservationRepository - Finding Reservation
2025-03-19 20:13:12,317 [1] INFO LabMPP.repository.databases.DBUtils - Connection opened successfully.
2025-03-19 20:13:12,318 [1] INFO LabMPP.repository.databases.TripRepoRepository - Finding Trip
2025-03-19 20:13:12,319 [1] INFO LabMPP.repository.databases.DBUtils - Connection opened successfully.
2025-03-19 20:13:12,319 [1] INFO LabMPP.repository.databases.ReservationRepository - Finding Reservation
2025-03-19 20:13:12,320 [1] INFO LabMPP.repository.databases.DBUtils - Connection opened successfully.
2025-03-19 20:13:12,321 [1] INFO LabMPP.repository.databases.TripRepoRepository - Finding Trip
2025-03-19 20:13:12,321 [1] INFO LabMPP.repository.databases.DBUtils - Connection opened successfully.
2025-03-19 20:13:12,322 [1] INFO LabMPP.repository.databases.ReservationRepository - Finding Reservation
2025-03-19 20:13:12,323 [1] INFO LabMPP.repository.databases.DBUtils - Connection opened successfully.
2025-03-19 20:13:12,323 [1] INFO LabMPP.repository.databases.TripRepoRepository - Finding Trip
2025-03-19 20:13:12,324 [1] INFO LabMPP.repository.databases.DBUtils - Connection opened successfully.
2025-03-19 20:13:12,325 [1] INFO LabMPP.repository.databases.ReservationRepository - Finding Reservation
2025-03-19 20:13:12,327 [1] INFO LabMPP.repository.databases.DBUtils - Connection opened successfully.
2025-03-19 20:13:12,328 [1] INFO LabMPP.repository.databases.TripRepoRepository - Finding Trip
2025-03-19 20:13:12,328 [1] INFO LabMPP.repository.databases.DBUtils - Connection opened successfully.
2025-03-19 20:13:12,329 [1] INFO LabMPP.repository.databases.ReservationRepository - Finding Reservation
2025-03-19 20:13:12,330 [1] INFO LabMPP.repository.databases.DBUtils - Connection opened successfully.
2025-03-19 20:13:12,330 [1] INFO LabMPP.repository.databases.TripRepoRepository - Finding Trip
2025-03-19 20:13:12,331 [1] INFO LabMPP.repository.databases.DBUtils - Connection opened successfully.
2025-03-19 20:13:12,332 [1] INFO LabMPP.repository.databases.ReservationRepository - Finding Reservation
2025-03-19 20:13:12,333 [1] INFO LabMPP.repository.databases.DBUtils - Connection opened successfully.
2025-03-19 20:13:12,333 [1] INFO LabMPP.repository.databases.TripRepoRepository - Finding Trip
2025-03-19 20:13:12,334 [1] INFO LabMPP.repository.databases.DBUtils - Connection opened successfully.
2025-03-19 20:13:12,335 [1] INFO LabMPP.repository.databases.ReservationRepository - Finding all Reservations
2025-03-19 20:13:12,336 [1] INFO LabMPP.repository.databases.DBUtils - Connection opened successfully.
2025-03-19 20:13:12,337 [1] INFO LabMPP.repository.databases.ReservationRepository - Finding Reservation
2025-03-19 20:13:12,338 [1] INFO LabMPP.repository.databases.DBUtils - Connection opened successfully.
2025-03-19 20:13:12,338 [1] INFO LabMPP.repository.databases.TripRepoRepository - Finding Trip
2025-03-19 20:13:12,339 [1] INFO LabMPP.repository.databases.DBUtils - Connection opened successfully.
2025-03-19 20:13:12,340 [1] INFO LabMPP.repository.databases.ReservationRepository - Finding Reservation
2025-03-19 20:13:12,341 [1] INFO LabMPP.repository.databases.DBUtils - Connection opened successfully.
2025-03-19 20:13:12,342 [1] INFO LabMPP.repository.databases.TripRepoRepository - Finding Trip
2025-03-19 20:13:12,343 [1] INFO LabMPP.repository.databases.DBUtils - Connection opened successfully.
2025-03-19 20:13:12,344 [1] INFO LabMPP.repository.databases.ReservationRepository - Finding Reservation
2025-03-19 20:13:12,344 [1] INFO LabMPP.repository.databases.DBUtils - Connection opened successfully.
2025-03-19 20:13:12,345 [1] INFO LabMPP.repository.databases.TripRepoRepository - Finding Trip
2025-03-19 20:13:12,346 [1] INFO LabMPP.repository.databases.DBUtils - Connection opened successfully.
2025-03-19 20:13:12,347 [1] INFO LabMPP.repository.databases.ReservationRepository - Finding Reservation
2025-03-19 20:13:12,347 [1] INFO LabMPP.repository.databases.DBUtils - Connection opened successfully.
2025-03-19 20:13:12,348 [1] INFO LabMPP.repository.databases.TripRepoRepository - Finding Trip
2025-03-19 20:13:12,349 [1] INFO LabMPP.repository.databases.DBUtils - Connection opened successfully.
2025-03-19 20:13:12,350 [1] INFO LabMPP.repository.databases.ReservationRepository - Finding Reservation
2025-03-19 20:13:12,350 [1] INFO LabMPP.repository.databases.DBUtils - Connection opened successfully.
2025-03-19 20:13:12,351 [1] INFO LabMPP.repository.databases.TripRepoRepository - Finding Trip
2025-03-19 20:13:12,352 [1] INFO LabMPP.repository.databases.DBUtils - Connection opened successfully.
2025-03-19 20:13:12,353 [1] INFO LabMPP.repository.databases.ReservationRepository - Finding Reservation
2025-03-19 20:13:12,354 [1] INFO LabMPP.repository.databases.DBUtils - Connection opened successfully.
2025-03-19 20:13:12,354 [1] INFO LabMPP.repository.databases.TripRepoRepository - Finding Trip
2025-03-19 20:13:12,355 [1] INFO LabMPP.repository.databases.DBUtils - Connection opened successfully.
2025-03-19 20:13:12,356 [1] INFO LabMPP.repository.databases.ReservationRepository - Finding Reservation
2025-03-19 20:13:12,358 [1] INFO LabMPP.repository.databases.DBUtils - Connection opened successfully.
2025-03-19 20:13:12,358 [1] INFO LabMPP.repository.databases.TripRepoRepository - Finding Trip
2025-03-19 20:13:12,359 [1] INFO LabMPP.repository.databases.DBUtils - Connection opened successfully.
2025-03-19 20:13:12,360 [1] INFO LabMPP.repository.databases.ReservationRepository - Finding Reservation
2025-03-19 20:13:12,361 [1] INFO LabMPP.repository.databases.DBUtils - Connection opened successfully.
2025-03-19 20:13:12,362 [1] INFO LabMPP.repository.databases.TripRepoRepository - Finding Trip
2025-03-19 20:13:12,363 [1] INFO LabMPP.repository.databases.DBUtils - Connection opened successfully.
2025-03-19 20:13:12,363 [1] INFO LabMPP.repository.databases.ReservationRepository - Finding Reservation
2025-03-19 20:13:12,364 [1] INFO LabMPP.repository.databases.DBUtils - Connection opened successfully.
2025-03-19 20:13:12,365 [1] INFO LabMPP.repository.databases.TripRepoRepository - Finding Trip
2025-03-19 20:13:12,366 [1] INFO LabMPP.repository.databases.DBUtils - Connection opened successfully.
2025-03-19 20:13:12,367 [1] INFO LabMPP.repository.databases.ReservationRepository - Finding Reservation
2025-03-19 20:13:12,368 [1] INFO LabMPP.repository.databases.DBUtils - Connection opened successfully.
2025-03-19 20:13:12,368 [1] INFO LabMPP.repository.databases.TripRepoRepository - Finding Trip
2025-03-19 20:13:12,369 [1] INFO LabMPP.repository.databases.DBUtils - Connection opened successfully.
2025-03-19 20:13:12,374 [1] INFO LabMPP.repository.databases.ReservationRepository - Saving Reservation
2025-03-19 20:13:12,375 [1] INFO LabMPP.repository.databases.DBUtils - Connection opened successfully.
2025-03-19 20:13:12,381 [1] INFO LabMPP.repository.databases.ReservationRepository - Finding all Reservations
2025-03-19 20:13:12,384 [1] INFO LabMPP.repository.databases.DBUtils - Connection opened successfully.
2025-03-19 20:13:12,384 [1] INFO LabMPP.repository.databases.ReservationRepository - Finding Reservation
2025-03-19 20:13:12,386 [1] INFO LabMPP.repository.databases.DBUtils - Connection opened successfully.
2025-03-19 20:13:12,386 [1] INFO LabMPP.repository.databases.TripRepoRepository - Finding Trip
2025-03-19 20:13:12,387 [1] INFO LabMPP.repository.databases.DBUtils - Connection opened successfully.
2025-03-19 20:13:12,388 [1] INFO LabMPP.repository.databases.ReservationRepository - Finding Reservation
2025-03-19 20:13:12,389 [1] INFO LabMPP.repository.databases.DBUtils - Connection opened successfully.
2025-03-19 20:13:12,390 [1] INFO LabMPP.repository.databases.TripRepoRepository - Finding Trip
2025-03-19 20:13:12,391 [1] INFO LabMPP.repository.databases.DBUtils - Connection opened successfully.
2025-03-19 20:13:12,392 [1] INFO LabMPP.repository.databases.ReservationRepository - Finding Reservation
2025-03-19 20:13:12,393 [1] INFO LabMPP.repository.databases.DBUtils - Connection opened successfully.
2025-03-19 20:13:12,394 [1] INFO LabMPP.repository.databases.TripRepoRepository - Finding Trip
2025-03-19 20:13:12,394 [1] INFO LabMPP.repository.databases.DBUtils - Connection opened successfully.
2025-03-19 20:13:12,395 [1] INFO LabMPP.repository.databases.ReservationRepository - Finding Reservation
2025-03-19 20:13:12,396 [1] INFO LabMPP.repository.databases.DBUtils - Connection opened successfully.
2025-03-19 20:13:12,397 [1] INFO LabMPP.repository.databases.TripRepoRepository - Finding Trip
2025-03-19 20:13:12,398 [1] INFO LabMPP.repository.databases.DBUtils - Connection opened successfully.
2025-03-19 20:13:12,398 [1] INFO LabMPP.repository.databases.ReservationRepository - Finding Reservation
2025-03-19 20:13:12,399 [1] INFO LabMPP.repository.databases.DBUtils - Connection opened successfully.
2025-03-19 20:13:12,400 [1] INFO LabMPP.repository.databases.TripRepoRepository - Finding Trip
2025-03-19 20:13:12,401 [1] INFO LabMPP.repository.databases.DBUtils - Connection opened successfully.
2025-03-19 20:13:12,402 [1] INFO LabMPP.repository.databases.ReservationRepository - Finding Reservation
2025-03-19 20:13:12,403 [1] INFO LabMPP.repository.databases.DBUtils - Connection opened successfully.
2025-03-19 20:13:12,403 [1] INFO LabMPP.repository.databases.TripRepoRepository - Finding Trip
2025-03-19 20:13:12,405 [1] INFO LabMPP.repository.databases.DBUtils - Connection opened successfully.
2025-03-19 20:13:12,405 [1] INFO LabMPP.repository.databases.ReservationRepository - Finding Reservation
2025-03-19 20:13:12,406 [1] INFO LabMPP.repository.databases.DBUtils - Connection opened successfully.
2025-03-19 20:13:12,407 [1] INFO LabMPP.repository.databases.TripRepoRepository - Finding Trip
2025-03-19 20:13:12,409 [1] INFO LabMPP.repository.databases.DBUtils - Connection opened successfully.
2025-03-19 20:13:12,410 [1] INFO LabMPP.repository.databases.ReservationRepository - Finding Reservation
2025-03-19 20:13:12,411 [1] INFO LabMPP.repository.databases.DBUtils - Connection opened successfully.
2025-03-19 20:13:12,412 [1] INFO LabMPP.repository.databases.TripRepoRepository - Finding Trip
2025-03-19 20:13:12,413 [1] INFO LabMPP.repository.databases.DBUtils - Connection opened successfully.
2025-03-19 20:13:12,414 [1] INFO LabMPP.repository.databases.ReservationRepository - Finding Reservation
2025-03-19 20:13:12,415 [1] INFO LabMPP.repository.databases.DBUtils - Connection opened successfully.
2025-03-19 20:13:12,416 [1] INFO LabMPP.repository.databases.TripRepoRepository - Finding Trip
2025-03-19 20:13:12,417 [1] INFO LabMPP.repository.databases.DBUtils - Connection opened successfully.
2025-03-19 20:13:12,418 [1] INFO LabMPP.repository.databases.ReservationRepository - Finding Reservation
2025-03-19 20:13:12,419 [1] INFO LabMPP.repository.databases.DBUtils - Connection opened successfully.
2025-03-19 20:13:12,420 [1] INFO LabMPP.repository.databases.TripRepoRepository - Finding Trip
2025-03-19 20:13:12,421 [1] INFO LabMPP.repository.databases.DBUtils - Connection opened successfully.
2025-03-19 20:13:12,421 [1] INFO LabMPP.repository.databases.ReservationRepository - Finding Reservation
2025-03-19 20:13:12,422 [1] INFO LabMPP.repository.databases.DBUtils - Connection opened successfully.
2025-03-19 20:13:12,423 [1] INFO LabMPP.repository.databases.TripRepoRepository - Finding Trip
2025-03-19 20:13:12,424 [1] INFO LabMPP.repository.databases.DBUtils - Connection opened successfully.
2025-03-19 20:55:54,465 [1] INFO LabMPP.repository.databases.TripRepoRepository - Creating TripRepository
2025-03-19 20:55:54,482 [1] INFO LabMPP.repository.databases.ManagerRepository - Creating ManagerRepository
2025-03-19 20:55:54,482 [1] INFO LabMPP.repository.databases.ReservationRepository - Creating TripRepository
2025-03-19 20:55:54,483 [1] INFO LabMPP.repository.databases.TripRepoRepository - Creating TripRepository
2025-03-19 20:55:54,483 [1] INFO Program - Aplicația a pornit!
2025-03-19 20:55:54,600 [1] INFO LabMPP.repository.databases.DBUtils - Connection opened successfully.
2025-03-19 20:55:54,605 [1] INFO Program - Test connection successful
2025-03-19 20:55:54,606 [1] INFO LabMPP.repository.databases.TripRepoRepository - Creating TripRepository
2025-03-19 20:55:54,607 [1] INFO LabMPP.repository.databases.TripRepoRepository - Finding all Trips
2025-03-19 20:55:54,608 [1] INFO LabMPP.repository.databases.DBUtils - Connection opened successfully.
2025-03-19 20:55:54,623 [1] INFO LabMPP.repository.databases.TripRepoRepository - Finding all Trips
2025-03-19 20:55:54,623 [1] INFO LabMPP.repository.databases.DBUtils - Connection opened successfully.
2025-03-19 20:55:54,628 [1] INFO LabMPP.repository.databases.TripRepoRepository - Saving Trip
2025-03-19 20:55:54,629 [1] INFO LabMPP.repository.databases.DBUtils - Connection opened successfully.
2025-03-19 20:55:54,639 [1] INFO LabMPP.repository.databases.TripRepoRepository - Finding all Trips
2025-03-19 20:55:54,641 [1] INFO LabMPP.repository.databases.DBUtils - Connection opened successfully.
2025-03-19 20:55:54,643 [1] INFO LabMPP.repository.databases.ManagerRepository - Creating ManagerRepository
2025-03-19 20:55:54,643 [1] INFO LabMPP.repository.databases.ManagerRepository - Finding all Managers
2025-03-19 20:55:54,644 [1] INFO LabMPP.repository.databases.DBUtils - Connection opened successfully.
2025-03-19 20:55:54,646 [1] INFO LabMPP.repository.databases.ManagerRepository - Finding all Managers
2025-03-19 20:55:54,647 [1] INFO LabMPP.repository.databases.DBUtils - Connection opened successfully.
2025-03-19 20:55:54,649 [1] INFO LabMPP.repository.databases.ManagerRepository - Saving Manager
2025-03-19 20:55:54,650 [1] INFO LabMPP.repository.databases.DBUtils - Connection opened successfully.
2025-03-19 20:55:54,654 [1] INFO LabMPP.repository.databases.ManagerRepository - Finding all Managers
2025-03-19 20:55:54,657 [1] INFO LabMPP.repository.databases.DBUtils - Connection opened successfully.
2025-03-19 20:55:54,659 [1] INFO LabMPP.repository.databases.ReservationRepository - Creating TripRepository
2025-03-19 20:55:54,659 [1] INFO LabMPP.repository.databases.TripRepoRepository - Creating TripRepository
2025-03-19 20:55:54,660 [1] INFO LabMPP.repository.databases.ReservationRepository - Finding all Reservations
2025-03-19 20:55:54,661 [1] INFO LabMPP.repository.databases.DBUtils - Connection opened successfully.
2025-03-19 20:55:54,662 [1] INFO LabMPP.repository.databases.ReservationRepository - Finding Reservation
2025-03-19 20:55:54,662 [1] INFO LabMPP.repository.databases.DBUtils - Connection opened successfully.
2025-03-19 20:55:54,663 [1] INFO LabMPP.repository.databases.TripRepoRepository - Finding Trip
2025-03-19 20:55:54,664 [1] INFO LabMPP.repository.databases.DBUtils - Connection opened successfully.
2025-03-19 20:55:54,666 [1] INFO LabMPP.repository.databases.ReservationRepository - Finding Reservation
2025-03-19 20:55:54,667 [1] INFO LabMPP.repository.databases.DBUtils - Connection opened successfully.
2025-03-19 20:55:54,668 [1] INFO LabMPP.repository.databases.TripRepoRepository - Finding Trip
2025-03-19 20:55:54,668 [1] INFO LabMPP.repository.databases.DBUtils - Connection opened successfully.
2025-03-19 20:55:54,669 [1] INFO LabMPP.repository.databases.ReservationRepository - Finding Reservation
2025-03-19 20:55:54,669 [1] INFO LabMPP.repository.databases.DBUtils - Connection opened successfully.
2025-03-19 20:55:54,670 [1] INFO LabMPP.repository.databases.TripRepoRepository - Finding Trip
2025-03-19 20:55:54,670 [1] INFO LabMPP.repository.databases.DBUtils - Connection opened successfully.
2025-03-19 20:55:54,670 [1] INFO LabMPP.repository.databases.ReservationRepository - Finding Reservation
2025-03-19 20:55:54,671 [1] INFO LabMPP.repository.databases.DBUtils - Connection opened successfully.
2025-03-19 20:55:54,671 [1] INFO LabMPP.repository.databases.TripRepoRepository - Finding Trip
2025-03-19 20:55:54,672 [1] INFO LabMPP.repository.databases.DBUtils - Connection opened successfully.
2025-03-19 20:55:54,672 [1] INFO LabMPP.repository.databases.ReservationRepository - Finding Reservation
2025-03-19 20:55:54,673 [1] INFO LabMPP.repository.databases.DBUtils - Connection opened successfully.
2025-03-19 20:55:54,673 [1] INFO LabMPP.repository.databases.TripRepoRepository - Finding Trip
2025-03-19 20:55:54,673 [1] INFO LabMPP.repository.databases.DBUtils - Connection opened successfully.
2025-03-19 20:55:54,674 [1] INFO LabMPP.repository.databases.ReservationRepository - Finding Reservation
2025-03-19 20:55:54,674 [1] INFO LabMPP.repository.databases.DBUtils - Connection opened successfully.
2025-03-19 20:55:54,675 [1] INFO LabMPP.repository.databases.TripRepoRepository - Finding Trip
2025-03-19 20:55:54,675 [1] INFO LabMPP.repository.databases.DBUtils - Connection opened successfully.
2025-03-19 20:55:54,675 [1] INFO LabMPP.repository.databases.ReservationRepository - Finding Reservation
2025-03-19 20:55:54,676 [1] INFO LabMPP.repository.databases.DBUtils - Connection opened successfully.
2025-03-19 20:55:54,676 [1] INFO LabMPP.repository.databases.TripRepoRepository - Finding Trip
2025-03-19 20:55:54,677 [1] INFO LabMPP.repository.databases.DBUtils - Connection opened successfully.
2025-03-19 20:55:54,677 [1] INFO LabMPP.repository.databases.ReservationRepository - Finding Reservation
2025-03-19 20:55:54,678 [1] INFO LabMPP.repository.databases.DBUtils - Connection opened successfully.
2025-03-19 20:55:54,678 [1] INFO LabMPP.repository.databases.TripRepoRepository - Finding Trip
2025-03-19 20:55:54,678 [1] INFO LabMPP.repository.databases.DBUtils - Connection opened successfully.
2025-03-19 20:55:54,679 [1] INFO LabMPP.repository.databases.ReservationRepository - Finding Reservation
2025-03-19 20:55:54,679 [1] INFO LabMPP.repository.databases.DBUtils - Connection opened successfully.
2025-03-19 20:55:54,680 [1] INFO LabMPP.repository.databases.TripRepoRepository - Finding Trip
2025-03-19 20:55:54,680 [1] INFO LabMPP.repository.databases.DBUtils - Connection opened successfully.
2025-03-19 20:55:54,681 [1] INFO LabMPP.repository.databases.ReservationRepository - Finding Reservation
2025-03-19 20:55:54,681 [1] INFO LabMPP.repository.databases.DBUtils - Connection opened successfully.
2025-03-19 20:55:54,682 [1] INFO LabMPP.repository.databases.TripRepoRepository - Finding Trip
2025-03-19 20:55:54,682 [1] INFO LabMPP.repository.databases.DBUtils - Connection opened successfully.
2025-03-19 20:55:54,683 [1] INFO LabMPP.repository.databases.ReservationRepository - Finding Reservation
2025-03-19 20:55:54,683 [1] INFO LabMPP.repository.databases.DBUtils - Connection opened successfully.
2025-03-19 20:55:54,684 [1] INFO LabMPP.repository.databases.TripRepoRepository - Finding Trip
2025-03-19 20:55:54,684 [1] INFO LabMPP.repository.databases.DBUtils - Connection opened successfully.
2025-03-19 20:55:54,685 [1] INFO LabMPP.repository.databases.ReservationRepository - Finding all Reservations
2025-03-19 20:55:54,685 [1] INFO LabMPP.repository.databases.DBUtils - Connection opened successfully.
2025-03-19 20:55:54,686 [1] INFO LabMPP.repository.databases.ReservationRepository - Finding Reservation
2025-03-19 20:55:54,686 [1] INFO LabMPP.repository.databases.DBUtils - Connection opened successfully.
2025-03-19 20:55:54,686 [1] INFO LabMPP.repository.databases.TripRepoRepository - Finding Trip
2025-03-19 20:55:54,687 [1] INFO LabMPP.repository.databases.DBUtils - Connection opened successfully.
2025-03-19 20:55:54,687 [1] INFO LabMPP.repository.databases.ReservationRepository - Finding Reservation
2025-03-19 20:55:54,688 [1] INFO LabMPP.repository.databases.DBUtils - Connection opened successfully.
2025-03-19 20:55:54,688 [1] INFO LabMPP.repository.databases.TripRepoRepository - Finding Trip
2025-03-19 20:55:54,689 [1] INFO LabMPP.repository.databases.DBUtils - Connection opened successfully.
2025-03-19 20:55:54,689 [1] INFO LabMPP.repository.databases.ReservationRepository - Finding Reservation
2025-03-19 20:55:54,690 [1] INFO LabMPP.repository.databases.DBUtils - Connection opened successfully.
2025-03-19 20:55:54,690 [1] INFO LabMPP.repository.databases.TripRepoRepository - Finding Trip
2025-03-19 20:55:54,691 [1] INFO LabMPP.repository.databases.DBUtils - Connection opened successfully.
2025-03-19 20:55:54,692 [1] INFO LabMPP.repository.databases.ReservationRepository - Finding Reservation
2025-03-19 20:55:54,692 [1] INFO LabMPP.repository.databases.DBUtils - Connection opened successfully.
2025-03-19 20:55:54,692 [1] INFO LabMPP.repository.databases.TripRepoRepository - Finding Trip
2025-03-19 20:55:54,693 [1] INFO LabMPP.repository.databases.DBUtils - Connection opened successfully.
2025-03-19 20:55:54,693 [1] INFO LabMPP.repository.databases.ReservationRepository - Finding Reservation
2025-03-19 20:55:54,694 [1] INFO LabMPP.repository.databases.DBUtils - Connection opened successfully.
2025-03-19 20:55:54,694 [1] INFO LabMPP.repository.databases.TripRepoRepository - Finding Trip
2025-03-19 20:55:54,695 [1] INFO LabMPP.repository.databases.DBUtils - Connection opened successfully.
2025-03-19 20:55:54,695 [1] INFO LabMPP.repository.databases.ReservationRepository - Finding Reservation
2025-03-19 20:55:54,696 [1] INFO LabMPP.repository.databases.DBUtils - Connection opened successfully.
2025-03-19 20:55:54,696 [1] INFO LabMPP.repository.databases.TripRepoRepository - Finding Trip
2025-03-19 20:55:54,697 [1] INFO LabMPP.repository.databases.DBUtils - Connection opened successfully.
2025-03-19 20:55:54,697 [1] INFO LabMPP.repository.databases.ReservationRepository - Finding Reservation
2025-03-19 20:55:54,698 [1] INFO LabMPP.repository.databases.DBUtils - Connection opened successfully.
2025-03-19 20:55:54,698 [1] INFO LabMPP.repository.databases.TripRepoRepository - Finding Trip
2025-03-19 20:55:54,699 [1] INFO LabMPP.repository.databases.DBUtils - Connection opened successfully.
2025-03-19 20:55:54,699 [1] INFO LabMPP.repository.databases.ReservationRepository - Finding Reservation
2025-03-19 20:55:54,700 [1] INFO LabMPP.repository.databases.DBUtils - Connection opened successfully.
2025-03-19 20:55:54,701 [1] INFO LabMPP.repository.databases.TripRepoRepository - Finding Trip
2025-03-19 20:55:54,701 [1] INFO LabMPP.repository.databases.DBUtils - Connection opened successfully.
2025-03-19 20:55:54,702 [1] INFO LabMPP.repository.databases.ReservationRepository - Finding Reservation
2025-03-19 20:55:54,702 [1] INFO LabMPP.repository.databases.DBUtils - Connection opened successfully.
2025-03-19 20:55:54,702 [1] INFO LabMPP.repository.databases.TripRepoRepository - Finding Trip
2025-03-19 20:55:54,703 [1] INFO LabMPP.repository.databases.DBUtils - Connection opened successfully.
2025-03-19 20:55:54,703 [1] INFO LabMPP.repository.databases.ReservationRepository - Finding Reservation
2025-03-19 20:55:54,704 [1] INFO LabMPP.repository.databases.DBUtils - Connection opened successfully.
2025-03-19 20:55:54,704 [1] INFO LabMPP.repository.databases.TripRepoRepository - Finding Trip
2025-03-19 20:55:54,704 [1] INFO LabMPP.repository.databases.DBUtils - Connection opened successfully.
2025-03-19 20:55:54,705 [1] INFO LabMPP.repository.databases.ReservationRepository - Finding Reservation
2025-03-19 20:55:54,705 [1] INFO LabMPP.repository.databases.DBUtils - Connection opened successfully.
2025-03-19 20:55:54,706 [1] INFO LabMPP.repository.databases.TripRepoRepository - Finding Trip
2025-03-19 20:55:54,706 [1] INFO LabMPP.repository.databases.DBUtils - Connection opened successfully.
2025-03-19 20:55:54,708 [1] INFO LabMPP.repository.databases.ReservationRepository - Saving Reservation
2025-03-19 20:55:54,709 [1] INFO LabMPP.repository.databases.DBUtils - Connection opened successfully.
2025-03-19 20:55:54,714 [1] INFO LabMPP.repository.databases.ReservationRepository - Finding all Reservations
2025-03-19 20:55:54,717 [1] INFO LabMPP.repository.databases.DBUtils - Connection opened successfully.
2025-03-19 20:55:54,718 [1] INFO LabMPP.repository.databases.ReservationRepository - Finding Reservation
2025-03-19 20:55:54,719 [1] INFO LabMPP.repository.databases.DBUtils - Connection opened successfully.
2025-03-19 20:55:54,719 [1] INFO LabMPP.repository.databases.TripRepoRepository - Finding Trip
2025-03-19 20:55:54,720 [1] INFO LabMPP.repository.databases.DBUtils - Connection opened successfully.
2025-03-19 20:55:54,720 [1] INFO LabMPP.repository.databases.ReservationRepository - Finding Reservation
2025-03-19 20:55:54,721 [1] INFO LabMPP.repository.databases.DBUtils - Connection opened successfully.
2025-03-19 20:55:54,722 [1] INFO LabMPP.repository.databases.TripRepoRepository - Finding Trip
2025-03-19 20:55:54,722 [1] INFO LabMPP.repository.databases.DBUtils - Connection opened successfully.
2025-03-19 20:55:54,722 [1] INFO LabMPP.repository.databases.ReservationRepository - Finding Reservation
2025-03-19 20:55:54,723 [1] INFO LabMPP.repository.databases.DBUtils - Connection opened successfully.
2025-03-19 20:55:54,723 [1] INFO LabMPP.repository.databases.TripRepoRepository - Finding Trip
2025-03-19 20:55:54,724 [1] INFO LabMPP.repository.databases.DBUtils - Connection opened successfully.
2025-03-19 20:55:54,724 [1] INFO LabMPP.repository.databases.ReservationRepository - Finding Reservation
2025-03-19 20:55:54,725 [1] INFO LabMPP.repository.databases.DBUtils - Connection opened successfully.
2025-03-19 20:55:54,725 [1] INFO LabMPP.repository.databases.TripRepoRepository - Finding Trip
2025-03-19 20:55:54,726 [1] INFO LabMPP.repository.databases.DBUtils - Connection opened successfully.
2025-03-19 20:55:54,726 [1] INFO LabMPP.repository.databases.ReservationRepository - Finding Reservation
2025-03-19 20:55:54,727 [1] INFO LabMPP.repository.databases.DBUtils - Connection opened successfully.
2025-03-19 20:55:54,727 [1] INFO LabMPP.repository.databases.TripRepoRepository - Finding Trip
2025-03-19 20:55:54,728 [1] INFO LabMPP.repository.databases.DBUtils - Connection opened successfully.
2025-03-19 20:55:54,728 [1] INFO LabMPP.repository.databases.ReservationRepository - Finding Reservation
2025-03-19 20:55:54,729 [1] INFO LabMPP.repository.databases.DBUtils - Connection opened successfully.
2025-03-19 20:55:54,729 [1] INFO LabMPP.repository.databases.TripRepoRepository - Finding Trip
2025-03-19 20:55:54,730 [1] INFO LabMPP.repository.databases.DBUtils - Connection opened successfully.
2025-03-19 20:55:54,730 [1] INFO LabMPP.repository.databases.ReservationRepository - Finding Reservation
2025-03-19 20:55:54,731 [1] INFO LabMPP.repository.databases.DBUtils - Connection opened successfully.
2025-03-19 20:55:54,731 [1] INFO LabMPP.repository.databases.TripRepoRepository - Finding Trip
2025-03-19 20:55:54,731 [1] INFO LabMPP.repository.databases.DBUtils - Connection opened successfully.
2025-03-19 20:55:54,732 [1] INFO LabMPP.repository.databases.ReservationRepository - Finding Reservation
2025-03-19 20:55:54,732 [1] INFO LabMPP.repository.databases.DBUtils - Connection opened successfully.
2025-03-19 20:55:54,733 [1] INFO LabMPP.repository.databases.TripRepoRepository - Finding Trip
2025-03-19 20:55:54,733 [1] INFO LabMPP.repository.databases.DBUtils - Connection opened successfully.
2025-03-19 20:55:54,734 [1] INFO LabMPP.repository.databases.ReservationRepository - Finding Reservation
2025-03-19 20:55:54,734 [1] INFO LabMPP.repository.databases.DBUtils - Connection opened successfully.
2025-03-19 20:55:54,735 [1] INFO LabMPP.repository.databases.TripRepoRepository - Finding Trip
2025-03-19 20:55:54,735 [1] INFO LabMPP.repository.databases.DBUtils - Connection opened successfully.
2025-03-19 20:55:54,736 [1] INFO LabMPP.repository.databases.ReservationRepository - Finding Reservation
2025-03-19 20:55:54,736 [1] INFO LabMPP.repository.databases.DBUtils - Connection opened successfully.
2025-03-19 20:55:54,736 [1] INFO LabMPP.repository.databases.TripRepoRepository - Finding Trip
2025-03-19 20:55:54,737 [1] INFO LabMPP.repository.databases.DBUtils - Connection opened successfully.
2025-03-19 20:55:54,737 [1] INFO LabMPP.repository.databases.ReservationRepository - Finding Reservation
2025-03-19 20:55:54,738 [1] INFO LabMPP.repository.databases.DBUtils - Connection opened successfully.
2025-03-19 20:55:54,738 [1] INFO LabMPP.repository.databases.TripRepoRepository - Finding Trip
2025-03-19 20:55:54,739 [1] INFO LabMPP.repository.databases.DBUtils - Connection opened successfully.
2025-03-19 20:55:54,739 [1] INFO LabMPP.repository.databases.ReservationRepository - Finding Reservation
2025-03-19 20:55:54,740 [1] INFO LabMPP.repository.databases.DBUtils - Connection opened successfully.
2025-03-19 20:55:54,740 [1] INFO LabMPP.repository.databases.TripRepoRepository - Finding Trip
2025-03-19 20:55:54,741 [1] INFO LabMPP.repository.databases.DBUtils - Connection opened successfully.
2025-03-19 21:06:35,217 [1] INFO LabMPP.repository.databases.TripRepoRepository - Creating TripRepository
2025-03-19 21:06:35,228 [1] INFO LabMPP.repository.databases.ManagerRepository - Creating ManagerRepository
2025-03-19 21:06:35,228 [1] INFO LabMPP.repository.databases.ReservationRepository - Creating TripRepository
2025-03-19 21:06:35,228 [1] INFO LabMPP.repository.databases.TripRepoRepository - Creating TripRepository
2025-03-19 21:06:35,228 [1] INFO Program - Aplicația a pornit!
2025-03-19 21:06:35,285 [1] INFO LabMPP.repository.databases.DBUtils - Connection opened successfully.
2025-03-19 21:06:35,290 [1] INFO Program - Test connection successful
2025-03-19 21:06:35,291 [1] INFO LabMPP.repository.databases.TripRepoRepository - Creating TripRepository
2025-03-19 21:06:35,291 [1] INFO LabMPP.repository.databases.TripRepoRepository - Finding all Trips
2025-03-19 21:06:35,292 [1] INFO LabMPP.repository.databases.DBUtils - Connection opened successfully.
2025-03-19 21:06:35,305 [1] INFO LabMPP.repository.databases.TripRepoRepository - Finding all Trips
2025-03-19 21:06:35,306 [1] INFO LabMPP.repository.databases.DBUtils - Connection opened successfully.
2025-03-19 21:06:35,310 [1] INFO LabMPP.repository.databases.TripRepoRepository - Saving Trip
2025-03-19 21:06:35,311 [1] INFO LabMPP.repository.databases.DBUtils - Connection opened successfully.
2025-03-19 21:06:35,321 [1] INFO LabMPP.repository.databases.TripRepoRepository - Finding all Trips
2025-03-19 21:06:35,323 [1] INFO LabMPP.repository.databases.DBUtils - Connection opened successfully.
2025-03-19 21:06:35,325 [1] INFO LabMPP.repository.databases.ManagerRepository - Creating ManagerRepository
2025-03-19 21:06:35,326 [1] INFO LabMPP.repository.databases.ManagerRepository - Finding all Managers
2025-03-19 21:06:35,326 [1] INFO LabMPP.repository.databases.DBUtils - Connection opened successfully.
2025-03-19 21:06:35,327 [1] INFO LabMPP.repository.databases.ManagerRepository - Finding all Managers
2025-03-19 21:06:35,327 [1] INFO LabMPP.repository.databases.DBUtils - Connection opened successfully.
2025-03-19 21:06:35,329 [1] INFO LabMPP.repository.databases.ManagerRepository - Saving Manager
2025-03-19 21:06:35,330 [1] INFO LabMPP.repository.databases.DBUtils - Connection opened successfully.
2025-03-19 21:06:35,332 [1] INFO LabMPP.repository.databases.ManagerRepository - Finding all Managers
2025-03-19 21:06:35,334 [1] INFO LabMPP.repository.databases.DBUtils - Connection opened successfully.
2025-03-19 21:06:35,336 [1] INFO LabMPP.repository.databases.ReservationRepository - Creating TripRepository
2025-03-19 21:06:35,336 [1] INFO LabMPP.repository.databases.TripRepoRepository - Creating TripRepository
2025-03-19 21:06:35,336 [1] INFO LabMPP.repository.databases.ReservationRepository - Finding all Reservations
2025-03-19 21:06:35,337 [1] INFO LabMPP.repository.databases.DBUtils - Connection opened successfully.
2025-03-19 21:06:35,338 [1] INFO LabMPP.repository.databases.ReservationRepository - Finding Reservation
2025-03-19 21:06:35,338 [1] INFO LabMPP.repository.databases.DBUtils - Connection opened successfully.
2025-03-19 21:06:35,339 [1] INFO LabMPP.repository.databases.TripRepoRepository - Finding Trip
2025-03-19 21:06:35,340 [1] INFO LabMPP.repository.databases.DBUtils - Connection opened successfully.
2025-03-19 21:06:35,341 [1] INFO LabMPP.repository.databases.ReservationRepository - Finding Reservation
2025-03-19 21:06:35,342 [1] INFO LabMPP.repository.databases.DBUtils - Connection opened successfully.
2025-03-19 21:06:35,342 [1] INFO LabMPP.repository.databases.TripRepoRepository - Finding Trip
2025-03-19 21:06:35,343 [1] INFO LabMPP.repository.databases.DBUtils - Connection opened successfully.
2025-03-19 21:06:35,343 [1] INFO LabMPP.repository.databases.ReservationRepository - Finding Reservation
2025-03-19 21:06:35,344 [1] INFO LabMPP.repository.databases.DBUtils - Connection opened successfully.
2025-03-19 21:06:35,344 [1] INFO LabMPP.repository.databases.TripRepoRepository - Finding Trip
2025-03-19 21:06:35,345 [1] INFO LabMPP.repository.databases.DBUtils - Connection opened successfully.
2025-03-19 21:06:35,345 [1] INFO LabMPP.repository.databases.ReservationRepository - Finding Reservation
2025-03-19 21:06:35,345 [1] INFO LabMPP.repository.databases.DBUtils - Connection opened successfully.
2025-03-19 21:06:35,346 [1] INFO LabMPP.repository.databases.TripRepoRepository - Finding Trip
2025-03-19 21:06:35,346 [1] INFO LabMPP.repository.databases.DBUtils - Connection opened successfully.
2025-03-19 21:06:35,346 [1] INFO LabMPP.repository.databases.ReservationRepository - Finding Reservation
2025-03-19 21:06:35,347 [1] INFO LabMPP.repository.databases.DBUtils - Connection opened successfully.
2025-03-19 21:06:35,347 [1] INFO LabMPP.repository.databases.TripRepoRepository - Finding Trip
2025-03-19 21:06:35,348 [1] INFO LabMPP.repository.databases.DBUtils - Connection opened successfully.
2025-03-19 21:06:35,348 [1] INFO LabMPP.repository.databases.ReservationRepository - Finding Reservation
2025-03-19 21:06:35,348 [1] INFO LabMPP.repository.databases.DBUtils - Connection opened successfully.
2025-03-19 21:06:35,348 [1] INFO LabMPP.repository.databases.TripRepoRepository - Finding Trip
2025-03-19 21:06:35,349 [1] INFO LabMPP.repository.databases.DBUtils - Connection opened successfully.
2025-03-19 21:06:35,349 [1] INFO LabMPP.repository.databases.ReservationRepository - Finding Reservation
2025-03-19 21:06:35,350 [1] INFO LabMPP.repository.databases.DBUtils - Connection opened successfully.
2025-03-19 21:06:35,350 [1] INFO LabMPP.repository.databases.TripRepoRepository - Finding Trip
2025-03-19 21:06:35,351 [1] INFO LabMPP.repository.databases.DBUtils - Connection opened successfully.
2025-03-19 21:06:35,351 [1] INFO LabMPP.repository.databases.ReservationRepository - Finding Reservation
2025-03-19 21:06:35,351 [1] INFO LabMPP.repository.databases.DBUtils - Connection opened successfully.
2025-03-19 21:06:35,352 [1] INFO LabMPP.repository.databases.TripRepoRepository - Finding Trip
2025-03-19 21:06:35,352 [1] INFO LabMPP.repository.databases.DBUtils - Connection opened successfully.
2025-03-19 21:06:35,352 [1] INFO LabMPP.repository.databases.ReservationRepository - Finding Reservation
2025-03-19 21:06:35,353 [1] INFO LabMPP.repository.databases.DBUtils - Connection opened successfully.
2025-03-19 21:06:35,353 [1] INFO LabMPP.repository.databases.TripRepoRepository - Finding Trip
2025-03-19 21:06:35,353 [1] INFO LabMPP.repository.databases.DBUtils - Connection opened successfully.
2025-03-19 21:06:35,354 [1] INFO LabMPP.repository.databases.ReservationRepository - Finding Reservation
2025-03-19 21:06:35,354 [1] INFO LabMPP.repository.databases.DBUtils - Connection opened successfully.
2025-03-19 21:06:35,354 [1] INFO LabMPP.repository.databases.TripRepoRepository - Finding Trip
2025-03-19 21:06:35,355 [1] INFO LabMPP.repository.databases.DBUtils - Connection opened successfully.
2025-03-19 21:06:35,355 [1] INFO LabMPP.repository.databases.ReservationRepository - Finding Reservation
2025-03-19 21:06:35,356 [1] INFO LabMPP.repository.databases.DBUtils - Connection opened successfully.
2025-03-19 21:06:35,356 [1] INFO LabMPP.repository.databases.TripRepoRepository - Finding Trip
2025-03-19 21:06:35,357 [1] INFO LabMPP.repository.databases.DBUtils - Connection opened successfully.
2025-03-19 21:06:35,357 [1] INFO LabMPP.repository.databases.ReservationRepository - Finding Reservation
2025-03-19 21:06:35,358 [1] INFO LabMPP.repository.databases.DBUtils - Connection opened successfully.
2025-03-19 21:06:35,358 [1] INFO LabMPP.repository.databases.TripRepoRepository - Finding Trip
2025-03-19 21:06:35,359 [1] INFO LabMPP.repository.databases.DBUtils - Connection opened successfully.
2025-03-19 21:06:35,359 [1] INFO LabMPP.repository.databases.ReservationRepository - Finding all Reservations
2025-03-19 21:06:35,360 [1] INFO LabMPP.repository.databases.DBUtils - Connection opened successfully.
2025-03-19 21:06:35,360 [1] INFO LabMPP.repository.databases.ReservationRepository - Finding Reservation
2025-03-19 21:06:35,361 [1] INFO LabMPP.repository.databases.DBUtils - Connection opened successfully.
2025-03-19 21:06:35,361 [1] INFO LabMPP.repository.databases.TripRepoRepository - Finding Trip
2025-03-19 21:06:35,361 [1] INFO LabMPP.repository.databases.DBUtils - Connection opened successfully.
2025-03-19 21:06:35,361 [1] INFO LabMPP.repository.databases.ReservationRepository - Finding Reservation
2025-03-19 21:06:35,362 [1] INFO LabMPP.repository.databases.DBUtils - Connection opened successfully.
2025-03-19 21:06:35,362 [1] INFO LabMPP.repository.databases.TripRepoRepository - Finding Trip
2025-03-19 21:06:35,363 [1] INFO LabMPP.repository.databases.DBUtils - Connection opened successfully.
2025-03-19 21:06:35,363 [1] INFO LabMPP.repository.databases.ReservationRepository - Finding Reservation
2025-03-19 21:06:35,363 [1] INFO LabMPP.repository.databases.DBUtils - Connection opened successfully.
2025-03-19 21:06:35,363 [1] INFO LabMPP.repository.databases.TripRepoRepository - Finding Trip
2025-03-19 21:06:35,364 [1] INFO LabMPP.repository.databases.DBUtils - Connection opened successfully.
2025-03-19 21:06:35,364 [1] INFO LabMPP.repository.databases.ReservationRepository - Finding Reservation
2025-03-19 21:06:35,365 [1] INFO LabMPP.repository.databases.DBUtils - Connection opened successfully.
2025-03-19 21:06:35,365 [1] INFO LabMPP.repository.databases.TripRepoRepository - Finding Trip
2025-03-19 21:06:35,365 [1] INFO LabMPP.repository.databases.DBUtils - Connection opened successfully.
2025-03-19 21:06:35,366 [1] INFO LabMPP.repository.databases.ReservationRepository - Finding Reservation
2025-03-19 21:06:35,366 [1] INFO LabMPP.repository.databases.DBUtils - Connection opened successfully.
2025-03-19 21:06:35,366 [1] INFO LabMPP.repository.databases.TripRepoRepository - Finding Trip
2025-03-19 21:06:35,367 [1] INFO LabMPP.repository.databases.DBUtils - Connection opened successfully.
2025-03-19 21:06:35,367 [1] INFO LabMPP.repository.databases.ReservationRepository - Finding Reservation
2025-03-19 21:06:35,367 [1] INFO LabMPP.repository.databases.DBUtils - Connection opened successfully.
2025-03-19 21:06:35,368 [1] INFO LabMPP.repository.databases.TripRepoRepository - Finding Trip
2025-03-19 21:06:35,368 [1] INFO LabMPP.repository.databases.DBUtils - Connection opened successfully.
2025-03-19 21:06:35,368 [1] INFO LabMPP.repository.databases.ReservationRepository - Finding Reservation
2025-03-19 21:06:35,369 [1] INFO LabMPP.repository.databases.DBUtils - Connection opened successfully.
2025-03-19 21:06:35,369 [1] INFO LabMPP.repository.databases.TripRepoRepository - Finding Trip
2025-03-19 21:06:35,370 [1] INFO LabMPP.repository.databases.DBUtils - Connection opened successfully.
2025-03-19 21:06:35,370 [1] INFO LabMPP.repository.databases.ReservationRepository - Finding Reservation
2025-03-19 21:06:35,370 [1] INFO LabMPP.repository.databases.DBUtils - Connection opened successfully.
2025-03-19 21:06:35,371 [1] INFO LabMPP.repository.databases.TripRepoRepository - Finding Trip
2025-03-19 21:06:35,371 [1] INFO LabMPP.repository.databases.DBUtils - Connection opened successfully.
2025-03-19 21:06:35,371 [1] INFO LabMPP.repository.databases.ReservationRepository - Finding Reservation
2025-03-19 21:06:35,372 [1] INFO LabMPP.repository.databases.DBUtils - Connection opened successfully.
2025-03-19 21:06:35,372 [1] INFO LabMPP.repository.databases.TripRepoRepository - Finding Trip
2025-03-19 21:06:35,372 [1] INFO LabMPP.repository.databases.DBUtils - Connection opened successfully.
2025-03-19 21:06:35,373 [1] INFO LabMPP.repository.databases.ReservationRepository - Finding Reservation
2025-03-19 21:06:35,373 [1] INFO LabMPP.repository.databases.DBUtils - Connection opened successfully.
2025-03-19 21:06:35,373 [1] INFO LabMPP.repository.databases.TripRepoRepository - Finding Trip
2025-03-19 21:06:35,374 [1] INFO LabMPP.repository.databases.DBUtils - Connection opened successfully.
2025-03-19 21:06:35,374 [1] INFO LabMPP.repository.databases.ReservationRepository - Finding Reservation
2025-03-19 21:06:35,374 [1] INFO LabMPP.repository.databases.DBUtils - Connection opened successfully.
2025-03-19 21:06:35,375 [1] INFO LabMPP.repository.databases.TripRepoRepository - Finding Trip
2025-03-19 21:06:35,375 [1] INFO LabMPP.repository.databases.DBUtils - Connection opened successfully.
2025-03-19 21:06:35,375 [1] INFO LabMPP.repository.databases.ReservationRepository - Finding Reservation
2025-03-19 21:06:35,376 [1] INFO LabMPP.repository.databases.DBUtils - Connection opened successfully.
2025-03-19 21:06:35,376 [1] INFO LabMPP.repository.databases.TripRepoRepository - Finding Trip
2025-03-19 21:06:35,376 [1] INFO LabMPP.repository.databases.DBUtils - Connection opened successfully.
2025-03-19 21:06:35,379 [1] INFO LabMPP.repository.databases.ReservationRepository - Saving Reservation
2025-03-19 21:06:35,379 [1] INFO LabMPP.repository.databases.DBUtils - Connection opened successfully.
2025-03-19 21:06:35,383 [1] INFO LabMPP.repository.databases.ReservationRepository - Finding all Reservations
2025-03-19 21:06:35,385 [1] INFO LabMPP.repository.databases.DBUtils - Connection opened successfully.
2025-03-19 21:06:35,386 [1] INFO LabMPP.repository.databases.ReservationRepository - Finding Reservation
2025-03-19 21:06:35,387 [1] INFO LabMPP.repository.databases.DBUtils - Connection opened successfully.
2025-03-19 21:06:35,387 [1] INFO LabMPP.repository.databases.TripRepoRepository - Finding Trip
2025-03-19 21:06:35,388 [1] INFO LabMPP.repository.databases.DBUtils - Connection opened successfully.
2025-03-19 21:06:35,388 [1] INFO LabMPP.repository.databases.ReservationRepository - Finding Reservation
2025-03-19 21:06:35,389 [1] INFO LabMPP.repository.databases.DBUtils - Connection opened successfully.
2025-03-19 21:06:35,389 [1] INFO LabMPP.repository.databases.TripRepoRepository - Finding Trip
2025-03-19 21:06:35,389 [1] INFO LabMPP.repository.databases.DBUtils - Connection opened successfully.
2025-03-19 21:06:35,390 [1] INFO LabMPP.repository.databases.ReservationRepository - Finding Reservation
2025-03-19 21:06:35,390 [1] INFO LabMPP.repository.databases.DBUtils - Connection opened successfully.
2025-03-19 21:06:35,390 [1] INFO LabMPP.repository.databases.TripRepoRepository - Finding Trip
2025-03-19 21:06:35,391 [1] INFO LabMPP.repository.databases.DBUtils - Connection opened successfully.
2025-03-19 21:06:35,391 [1] INFO LabMPP.repository.databases.ReservationRepository - Finding Reservation
2025-03-19 21:06:35,392 [1] INFO LabMPP.repository.databases.DBUtils - Connection opened successfully.
2025-03-19 21:06:35,392 [1] INFO LabMPP.repository.databases.TripRepoRepository - Finding Trip
2025-03-19 21:06:35,392 [1] INFO LabMPP.repository.databases.DBUtils - Connection opened successfully.
2025-03-19 21:06:35,393 [1] INFO LabMPP.repository.databases.ReservationRepository - Finding Reservation
2025-03-19 21:06:35,393 [1] INFO LabMPP.repository.databases.DBUtils - Connection opened successfully.
2025-03-19 21:06:35,394 [1] INFO LabMPP.repository.databases.TripRepoRepository - Finding Trip
2025-03-19 21:06:35,394 [1] INFO LabMPP.repository.databases.DBUtils - Connection opened successfully.
2025-03-19 21:06:35,394 [1] INFO LabMPP.repository.databases.ReservationRepository - Finding Reservation
2025-03-19 21:06:35,395 [1] INFO LabMPP.repository.databases.DBUtils - Connection opened successfully.
2025-03-19 21:06:35,395 [1] INFO LabMPP.repository.databases.TripRepoRepository - Finding Trip
2025-03-19 21:06:35,396 [1] INFO LabMPP.repository.databases.DBUtils - Connection opened successfully.
2025-03-19 21:06:35,396 [1] INFO LabMPP.repository.databases.ReservationRepository - Finding Reservation
2025-03-19 21:06:35,397 [1] INFO LabMPP.repository.databases.DBUtils - Connection opened successfully.
2025-03-19 21:06:35,397 [1] INFO LabMPP.repository.databases.TripRepoRepository - Finding Trip
2025-03-19 21:06:35,398 [1] INFO LabMPP.repository.databases.DBUtils - Connection opened successfully.
2025-03-19 21:06:35,398 [1] INFO LabMPP.repository.databases.ReservationRepository - Finding Reservation
2025-03-19 21:06:35,398 [1] INFO LabMPP.repository.databases.DBUtils - Connection opened successfully.
2025-03-19 21:06:35,399 [1] INFO LabMPP.repository.databases.TripRepoRepository - Finding Trip
2025-03-19 21:06:35,399 [1] INFO LabMPP.repository.databases.DBUtils - Connection opened successfully.
2025-03-19 21:06:35,399 [1] INFO LabMPP.repository.databases.ReservationRepository - Finding Reservation
2025-03-19 21:06:35,400 [1] INFO LabMPP.repository.databases.DBUtils - Connection opened successfully.
2025-03-19 21:06:35,400 [1] INFO LabMPP.repository.databases.TripRepoRepository - Finding Trip
2025-03-19 21:06:35,400 [1] INFO LabMPP.repository.databases.DBUtils - Connection opened successfully.
2025-03-19 21:06:35,401 [1] INFO LabMPP.repository.databases.ReservationRepository - Finding Reservation
2025-03-19 21:06:35,401 [1] INFO LabMPP.repository.databases.DBUtils - Connection opened successfully.
2025-03-19 21:06:35,401 [1] INFO LabMPP.repository.databases.TripRepoRepository - Finding Trip
2025-03-19 21:06:35,402 [1] INFO LabMPP.repository.databases.DBUtils - Connection opened successfully.
2025-03-19 21:06:35,402 [1] INFO LabMPP.repository.databases.ReservationRepository - Finding Reservation
2025-03-19 21:06:35,402 [1] INFO LabMPP.repository.databases.DBUtils - Connection opened successfully.
2025-03-19 21:06:35,403 [1] INFO LabMPP.repository.databases.TripRepoRepository - Finding Trip
2025-03-19 21:06:35,403 [1] INFO LabMPP.repository.databases.DBUtils - Connection opened successfully.
2025-03-19 21:06:35,403 [1] INFO LabMPP.repository.databases.ReservationRepository - Finding Reservation
2025-03-19 21:06:35,404 [1] INFO LabMPP.repository.databases.DBUtils - Connection opened successfully.
2025-03-19 21:06:35,404 [1] INFO LabMPP.repository.databases.TripRepoRepository - Finding Trip
2025-03-19 21:06:35,405 [1] INFO LabMPP.repository.databases.DBUtils - Connection opened successfully.
2025-03-19 21:06:35,405 [1] INFO LabMPP.repository.databases.ReservationRepository - Finding Reservation
2025-03-19 21:06:35,406 [1] INFO LabMPP.repository.databases.DBUtils - Connection opened successfully.
2025-03-19 21:06:35,406 [1] INFO LabMPP.repository.databases.TripRepoRepository - Finding Trip
2025-03-19 21:06:35,407 [1] INFO LabMPP.repository.databases.DBUtils - Connection opened successfully.
2025-03-19 21:15:37,066 [1] INFO LabMPP.repository.databases.TripRepoRepository - Creating TripRepository
2025-03-19 21:15:37,080 [1] INFO LabMPP.repository.databases.ManagerRepository - Creating ManagerRepository
2025-03-19 21:15:37,080 [1] INFO LabMPP.repository.databases.ReservationRepository - Creating TripRepository
2025-03-19 21:15:37,080 [1] INFO LabMPP.repository.databases.TripRepoRepository - Creating TripRepository
2025-03-19 21:15:37,080 [1] INFO Program - Aplicația a pornit!
2025-03-19 21:15:37,147 [1] INFO LabMPP.repository.databases.DBUtils - Connection opened successfully.
2025-03-19 21:15:37,152 [1] INFO Program - Test connection successful
2025-03-19 21:15:37,153 [1] INFO LabMPP.repository.databases.TripRepoRepository - Creating TripRepository
2025-03-19 21:15:37,154 [1] INFO LabMPP.repository.databases.TripRepoRepository - Finding all Trips
2025-03-19 21:15:37,154 [1] INFO LabMPP.repository.databases.DBUtils - Connection opened successfully.
2025-03-19 21:15:37,167 [1] INFO LabMPP.repository.databases.TripRepoRepository - Finding all Trips
2025-03-19 21:15:37,168 [1] INFO LabMPP.repository.databases.DBUtils - Connection opened successfully.
2025-03-19 21:15:37,172 [1] INFO LabMPP.repository.databases.TripRepoRepository - Saving Trip
2025-03-19 21:15:37,173 [1] INFO LabMPP.repository.databases.DBUtils - Connection opened successfully.
2025-03-19 21:15:37,180 [1] INFO LabMPP.repository.databases.TripRepoRepository - Finding all Trips
2025-03-19 21:15:37,182 [1] INFO LabMPP.repository.databases.DBUtils - Connection opened successfully.
2025-03-19 21:15:37,184 [1] INFO LabMPP.repository.databases.ManagerRepository - Creating ManagerRepository
2025-03-19 21:15:37,185 [1] INFO LabMPP.repository.databases.ManagerRepository - Finding all Managers
2025-03-19 21:15:37,186 [1] INFO LabMPP.repository.databases.DBUtils - Connection opened successfully.
2025-03-19 21:15:37,186 [1] INFO LabMPP.repository.databases.ManagerRepository - Finding all Managers
2025-03-19 21:15:37,187 [1] INFO LabMPP.repository.databases.DBUtils - Connection opened successfully.
2025-03-19 21:15:37,189 [1] INFO LabMPP.repository.databases.ManagerRepository - Saving Manager
2025-03-19 21:15:37,189 [1] INFO LabMPP.repository.databases.DBUtils - Connection opened successfully.
2025-03-19 21:15:37,191 [1] INFO LabMPP.repository.databases.ManagerRepository - Finding all Managers
2025-03-19 21:15:37,193 [1] INFO LabMPP.repository.databases.DBUtils - Connection opened successfully.
2025-03-19 21:15:37,194 [1] INFO LabMPP.repository.databases.ReservationRepository - Creating TripRepository
2025-03-19 21:15:37,194 [1] INFO LabMPP.repository.databases.TripRepoRepository - Creating TripRepository
2025-03-19 21:15:37,195 [1] INFO LabMPP.repository.databases.ReservationRepository - Finding all Reservations
2025-03-19 21:15:37,195 [1] INFO LabMPP.repository.databases.DBUtils - Connection opened successfully.
2025-03-19 21:15:37,196 [1] INFO LabMPP.repository.databases.ReservationRepository - Finding Reservation
2025-03-19 21:15:37,197 [1] INFO LabMPP.repository.databases.DBUtils - Connection opened successfully.
2025-03-19 21:15:37,198 [1] INFO LabMPP.repository.databases.TripRepoRepository - Finding Trip
2025-03-19 21:15:37,198 [1] INFO LabMPP.repository.databases.DBUtils - Connection opened successfully.
2025-03-19 21:15:37,200 [1] INFO LabMPP.repository.databases.ReservationRepository - Finding Reservation
2025-03-19 21:15:37,201 [1] INFO LabMPP.repository.databases.DBUtils - Connection opened successfully.
2025-03-19 21:15:37,201 [1] INFO LabMPP.repository.databases.TripRepoRepository - Finding Trip
2025-03-19 21:15:37,202 [1] INFO LabMPP.repository.databases.DBUtils - Connection opened successfully.
2025-03-19 21:15:37,203 [1] INFO LabMPP.repository.databases.ReservationRepository - Finding Reservation
2025-03-19 21:15:37,203 [1] INFO LabMPP.repository.databases.DBUtils - Connection opened successfully.
2025-03-19 21:15:37,204 [1] INFO LabMPP.repository.databases.TripRepoRepository - Finding Trip
2025-03-19 21:15:37,204 [1] INFO LabMPP.repository.databases.DBUtils - Connection opened successfully.
2025-03-19 21:15:37,205 [1] INFO LabMPP.repository.databases.ReservationRepository - Finding Reservation
2025-03-19 21:15:37,205 [1] INFO LabMPP.repository.databases.DBUtils - Connection opened successfully.
2025-03-19 21:15:37,206 [1] INFO LabMPP.repository.databases.TripRepoRepository - Finding Trip
2025-03-19 21:15:37,206 [1] INFO LabMPP.repository.databases.DBUtils - Connection opened successfully.
2025-03-19 21:15:37,207 [1] INFO LabMPP.repository.databases.ReservationRepository - Finding Reservation
2025-03-19 21:15:37,207 [1] INFO LabMPP.repository.databases.DBUtils - Connection opened successfully.
2025-03-19 21:15:37,207 [1] INFO LabMPP.repository.databases.TripRepoRepository - Finding Trip
2025-03-19 21:15:37,208 [1] INFO LabMPP.repository.databases.DBUtils - Connection opened successfully.
2025-03-19 21:15:37,208 [1] INFO LabMPP.repository.databases.ReservationRepository - Finding Reservation
2025-03-19 21:15:37,208 [1] INFO LabMPP.repository.databases.DBUtils - Connection opened successfully.
2025-03-19 21:15:37,209 [1] INFO LabMPP.repository.databases.TripRepoRepository - Finding Trip
2025-03-19 21:15:37,209 [1] INFO LabMPP.repository.databases.DBUtils - Connection opened successfully.
2025-03-19 21:15:37,209 [1] INFO LabMPP.repository.databases.ReservationRepository - Finding Reservation
2025-03-19 21:15:37,210 [1] INFO LabMPP.repository.databases.DBUtils - Connection opened successfully.
2025-03-19 21:15:37,210 [1] INFO LabMPP.repository.databases.TripRepoRepository - Finding Trip
2025-03-19 21:15:37,210 [1] INFO LabMPP.repository.databases.DBUtils - Connection opened successfully.
2025-03-19 21:15:37,211 [1] INFO LabMPP.repository.databases.ReservationRepository - Finding Reservation
2025-03-19 21:15:37,211 [1] INFO LabMPP.repository.databases.DBUtils - Connection opened successfully.
2025-03-19 21:15:37,211 [1] INFO LabMPP.repository.databases.TripRepoRepository - Finding Trip
2025-03-19 21:15:37,212 [1] INFO LabMPP.repository.databases.DBUtils - Connection opened successfully.
2025-03-19 21:15:37,212 [1] INFO LabMPP.repository.databases.ReservationRepository - Finding Reservation
2025-03-19 21:15:37,212 [1] INFO LabMPP.repository.databases.DBUtils - Connection opened successfully.
2025-03-19 21:15:37,213 [1] INFO LabMPP.repository.databases.TripRepoRepository - Finding Trip
2025-03-19 21:15:37,213 [1] INFO LabMPP.repository.databases.DBUtils - Connection opened successfully.
2025-03-19 21:15:37,213 [1] INFO LabMPP.repository.databases.ReservationRepository - Finding Reservation
2025-03-19 21:15:37,214 [1] INFO LabMPP.repository.databases.DBUtils - Connection opened successfully.
2025-03-19 21:15:37,214 [1] INFO LabMPP.repository.databases.TripRepoRepository - Finding Trip
2025-03-19 21:15:37,214 [1] INFO LabMPP.repository.databases.DBUtils - Connection opened successfully.
2025-03-19 21:15:37,215 [1] INFO LabMPP.repository.databases.ReservationRepository - Finding Reservation
2025-03-19 21:15:37,215 [1] INFO LabMPP.repository.databases.DBUtils - Connection opened successfully.
2025-03-19 21:15:37,216 [1] INFO LabMPP.repository.databases.TripRepoRepository - Finding Trip
2025-03-19 21:15:37,216 [1] INFO LabMPP.repository.databases.DBUtils - Connection opened successfully.
2025-03-19 21:15:37,216 [1] INFO LabMPP.repository.databases.ReservationRepository - Finding Reservation
2025-03-19 21:15:37,217 [1] INFO LabMPP.repository.databases.DBUtils - Connection opened successfully.
2025-03-19 21:15:37,217 [1] INFO LabMPP.repository.databases.TripRepoRepository - Finding Trip
2025-03-19 21:15:37,217 [1] INFO LabMPP.repository.databases.DBUtils - Connection opened successfully.
2025-03-19 21:15:37,218 [1] INFO LabMPP.repository.databases.ReservationRepository - Finding Reservation
2025-03-19 21:15:37,218 [1] INFO LabMPP.repository.databases.DBUtils - Connection opened successfully.
2025-03-19 21:15:37,219 [1] INFO LabMPP.repository.databases.TripRepoRepository - Finding Trip
2025-03-19 21:15:37,219 [1] INFO LabMPP.repository.databases.DBUtils - Connection opened successfully.
2025-03-19 21:15:37,219 [1] INFO LabMPP.repository.databases.ReservationRepository - Finding all Reservations
2025-03-19 21:15:37,220 [1] INFO LabMPP.repository.databases.DBUtils - Connection opened successfully.
2025-03-19 21:15:37,220 [1] INFO LabMPP.repository.databases.ReservationRepository - Finding Reservation
2025-03-19 21:15:37,221 [1] INFO LabMPP.repository.databases.DBUtils - Connection opened successfully.
2025-03-19 21:15:37,221 [1] INFO LabMPP.repository.databases.TripRepoRepository - Finding Trip
2025-03-19 21:15:37,221 [1] INFO LabMPP.repository.databases.DBUtils - Connection opened successfully.
2025-03-19 21:15:37,222 [1] INFO LabMPP.repository.databases.ReservationRepository - Finding Reservation
2025-03-19 21:15:37,222 [1] INFO LabMPP.repository.databases.DBUtils - Connection opened successfully.
2025-03-19 21:15:37,222 [1] INFO LabMPP.repository.databases.TripRepoRepository - Finding Trip
2025-03-19 21:15:37,223 [1] INFO LabMPP.repository.databases.DBUtils - Connection opened successfully.
2025-03-19 21:15:37,223 [1] INFO LabMPP.repository.databases.ReservationRepository - Finding Reservation
2025-03-19 21:15:37,223 [1] INFO LabMPP.repository.databases.DBUtils - Connection opened successfully.
2025-03-19 21:15:37,224 [1] INFO LabMPP.repository.databases.TripRepoRepository - Finding Trip
2025-03-19 21:15:37,224 [1] INFO LabMPP.repository.databases.DBUtils - Connection opened successfully.
2025-03-19 21:15:37,224 [1] INFO LabMPP.repository.databases.ReservationRepository - Finding Reservation
2025-03-19 21:15:37,225 [1] INFO LabMPP.repository.databases.DBUtils - Connection opened successfully.
2025-03-19 21:15:37,225 [1] INFO LabMPP.repository.databases.TripRepoRepository - Finding Trip
2025-03-19 21:15:37,226 [1] INFO LabMPP.repository.databases.DBUtils - Connection opened successfully.
2025-03-19 21:15:37,226 [1] INFO LabMPP.repository.databases.ReservationRepository - Finding Reservation
2025-03-19 21:15:37,227 [1] INFO LabMPP.repository.databases.DBUtils - Connection opened successfully.
2025-03-19 21:15:37,227 [1] INFO LabMPP.repository.databases.TripRepoRepository - Finding Trip
2025-03-19 21:15:37,228 [1] INFO LabMPP.repository.databases.DBUtils - Connection opened successfully.
2025-03-19 21:15:37,228 [1] INFO LabMPP.repository.databases.ReservationRepository - Finding Reservation
2025-03-19 21:15:37,228 [1] INFO LabMPP.repository.databases.DBUtils - Connection opened successfully.
2025-03-19 21:15:37,229 [1] INFO LabMPP.repository.databases.TripRepoRepository - Finding Trip
2025-03-19 21:15:37,229 [1] INFO LabMPP.repository.databases.DBUtils - Connection opened successfully.
2025-03-19 21:15:37,229 [1] INFO LabMPP.repository.databases.ReservationRepository - Finding Reservation
2025-03-19 21:15:37,230 [1] INFO LabMPP.repository.databases.DBUtils - Connection opened successfully.
2025-03-19 21:15:37,230 [1] INFO LabMPP.repository.databases.TripRepoRepository - Finding Trip
2025-03-19 21:15:37,230 [1] INFO LabMPP.repository.databases.DBUtils - Connection opened successfully.
2025-03-19 21:15:37,231 [1] INFO LabMPP.repository.databases.ReservationRepository - Finding Reservation
2025-03-19 21:15:37,231 [1] INFO LabMPP.repository.databases.DBUtils - Connection opened successfully.
2025-03-19 21:15:37,231 [1] INFO LabMPP.repository.databases.TripRepoRepository - Finding Trip
2025-03-19 21:15:37,232 [1] INFO LabMPP.repository.databases.DBUtils - Connection opened successfully.
2025-03-19 21:15:37,232 [1] INFO LabMPP.repository.databases.ReservationRepository - Finding Reservation
2025-03-19 21:15:37,233 [1] INFO LabMPP.repository.databases.DBUtils - Connection opened successfully.
2025-03-19 21:15:37,233 [1] INFO LabMPP.repository.databases.TripRepoRepository - Finding Trip
2025-03-19 21:15:37,233 [1] INFO LabMPP.repository.databases.DBUtils - Connection opened successfully.
2025-03-19 21:15:37,234 [1] INFO LabMPP.repository.databases.ReservationRepository - Finding Reservation
2025-03-19 21:15:37,234 [1] INFO LabMPP.repository.databases.DBUtils - Connection opened successfully.
2025-03-19 21:15:37,234 [1] INFO LabMPP.repository.databases.TripRepoRepository - Finding Trip
2025-03-19 21:15:37,235 [1] INFO LabMPP.repository.databases.DBUtils - Connection opened successfully.
2025-03-19 21:15:37,235 [1] INFO LabMPP.repository.databases.ReservationRepository - Finding Reservation
2025-03-19 21:15:37,235 [1] INFO LabMPP.repository.databases.DBUtils - Connection opened successfully.
2025-03-19 21:15:37,236 [1] INFO LabMPP.repository.databases.TripRepoRepository - Finding Trip
2025-03-19 21:15:37,237 [1] INFO LabMPP.repository.databases.DBUtils - Connection opened successfully.
2025-03-19 21:15:37,237 [1] INFO LabMPP.repository.databases.ReservationRepository - Finding Reservation
2025-03-19 21:15:37,238 [1] INFO LabMPP.repository.databases.DBUtils - Connection opened successfully.
2025-03-19 21:15:37,238 [1] INFO LabMPP.repository.databases.TripRepoRepository - Finding Trip
2025-03-19 21:15:37,238 [1] INFO LabMPP.repository.databases.DBUtils - Connection opened successfully.
2025-03-19 21:15:37,238 [1] INFO LabMPP.repository.databases.ReservationRepository - Finding Reservation
2025-03-19 21:15:37,239 [1] INFO LabMPP.repository.databases.DBUtils - Connection opened successfully.
2025-03-19 21:15:37,239 [1] INFO LabMPP.repository.databases.TripRepoRepository - Finding Trip
2025-03-19 21:15:37,240 [1] INFO LabMPP.repository.databases.DBUtils - Connection opened successfully.
2025-03-19 21:15:37,242 [1] INFO LabMPP.repository.databases.ReservationRepository - Saving Reservation
2025-03-19 21:15:37,242 [1] INFO LabMPP.repository.databases.DBUtils - Connection opened successfully.
2025-03-19 21:15:37,246 [1] INFO LabMPP.repository.databases.ReservationRepository - Finding all Reservations
2025-03-19 21:15:37,249 [1] INFO LabMPP.repository.databases.DBUtils - Connection opened successfully.
2025-03-19 21:15:37,250 [1] INFO LabMPP.repository.databases.ReservationRepository - Finding Reservation
2025-03-19 21:15:37,251 [1] INFO LabMPP.repository.databases.DBUtils - Connection opened successfully.
2025-03-19 21:15:37,252 [1] INFO LabMPP.repository.databases.TripRepoRepository - Finding Trip
2025-03-19 21:15:37,252 [1] INFO LabMPP.repository.databases.DBUtils - Connection opened successfully.
2025-03-19 21:15:37,252 [1] INFO LabMPP.repository.databases.ReservationRepository - Finding Reservation
2025-03-19 21:15:37,253 [1] INFO LabMPP.repository.databases.DBUtils - Connection opened successfully.
2025-03-19 21:15:37,253 [1] INFO LabMPP.repository.databases.TripRepoRepository - Finding Trip
2025-03-19 21:15:37,253 [1] INFO LabMPP.repository.databases.DBUtils - Connection opened successfully.
2025-03-19 21:15:37,253 [1] INFO LabMPP.repository.databases.ReservationRepository - Finding Reservation
2025-03-19 21:15:37,254 [1] INFO LabMPP.repository.databases.DBUtils - Connection opened successfully.
2025-03-19 21:15:37,254 [1] INFO LabMPP.repository.databases.TripRepoRepository - Finding Trip
2025-03-19 21:15:37,254 [1] INFO LabMPP.repository.databases.DBUtils - Connection opened successfully.
2025-03-19 21:15:37,255 [1] INFO LabMPP.repository.databases.ReservationRepository - Finding Reservation
2025-03-19 21:15:37,255 [1] INFO LabMPP.repository.databases.DBUtils - Connection opened successfully.
2025-03-19 21:15:37,256 [1] INFO LabMPP.repository.databases.TripRepoRepository - Finding Trip
2025-03-19 21:15:37,256 [1] INFO LabMPP.repository.databases.DBUtils - Connection opened successfully.
2025-03-19 21:15:37,257 [1] INFO LabMPP.repository.databases.ReservationRepository - Finding Reservation
2025-03-19 21:15:37,257 [1] INFO LabMPP.repository.databases.DBUtils - Connection opened successfully.
2025-03-19 21:15:37,257 [1] INFO LabMPP.repository.databases.TripRepoRepository - Finding Trip
2025-03-19 21:15:37,258 [1] INFO LabMPP.repository.databases.DBUtils - Connection opened successfully.
2025-03-19 21:15:37,258 [1] INFO LabMPP.repository.databases.ReservationRepository - Finding Reservation
2025-03-19 21:15:37,259 [1] INFO LabMPP.repository.databases.DBUtils - Connection opened successfully.
2025-03-19 21:15:37,259 [1] INFO LabMPP.repository.databases.TripRepoRepository - Finding Trip
2025-03-19 21:15:37,259 [1] INFO LabMPP.repository.databases.DBUtils - Connection opened successfully.
2025-03-19 21:15:37,260 [1] INFO LabMPP.repository.databases.ReservationRepository - Finding Reservation
2025-03-19 21:15:37,260 [1] INFO LabMPP.repository.databases.DBUtils - Connection opened successfully.
2025-03-19 21:15:37,260 [1] INFO LabMPP.repository.databases.TripRepoRepository - Finding Trip
2025-03-19 21:15:37,261 [1] INFO LabMPP.repository.databases.DBUtils - Connection opened successfully.
2025-03-19 21:15:37,261 [1] INFO LabMPP.repository.databases.ReservationRepository - Finding Reservation
2025-03-19 21:15:37,261 [1] INFO LabMPP.repository.databases.DBUtils - Connection opened successfully.
2025-03-19 21:15:37,262 [1] INFO LabMPP.repository.databases.TripRepoRepository - Finding Trip
2025-03-19 21:15:37,262 [1] INFO LabMPP.repository.databases.DBUtils - Connection opened successfully.
2025-03-19 21:15:37,262 [1] INFO LabMPP.repository.databases.ReservationRepository - Finding Reservation
2025-03-19 21:15:37,263 [1] INFO LabMPP.repository.databases.DBUtils - Connection opened successfully.
2025-03-19 21:15:37,263 [1] INFO LabMPP.repository.databases.TripRepoRepository - Finding Trip
2025-03-19 21:15:37,263 [1] INFO LabMPP.repository.databases.DBUtils - Connection opened successfully.
2025-03-19 21:15:37,264 [1] INFO LabMPP.repository.databases.ReservationRepository - Finding Reservation
2025-03-19 21:15:37,264 [1] INFO LabMPP.repository.databases.DBUtils - Connection opened successfully.
2025-03-19 21:15:37,265 [1] INFO LabMPP.repository.databases.TripRepoRepository - Finding Trip
2025-03-19 21:15:37,265 [1] INFO LabMPP.repository.databases.DBUtils - Connection opened successfully.
2025-03-19 21:15:37,266 [1] INFO LabMPP.repository.databases.ReservationRepository - Finding Reservation
2025-03-19 21:15:37,266 [1] INFO LabMPP.repository.databases.DBUtils - Connection opened successfully.
2025-03-19 21:15:37,266 [1] INFO LabMPP.repository.databases.TripRepoRepository - Finding Trip
2025-03-19 21:15:37,267 [1] INFO LabMPP.repository.databases.DBUtils - Connection opened successfully.
2025-03-19 21:15:37,267 [1] INFO LabMPP.repository.databases.ReservationRepository - Finding Reservation
2025-03-19 21:15:37,267 [1] INFO LabMPP.repository.databases.DBUtils - Connection opened successfully.
2025-03-19 21:15:37,267 [1] INFO LabMPP.repository.databases.TripRepoRepository - Finding Trip
2025-03-19 21:15:37,268 [1] INFO LabMPP.repository.databases.DBUtils - Connection opened successfully.
2025-03-19 21:15:37,268 [1] INFO LabMPP.repository.databases.ReservationRepository - Finding Reservation
2025-03-19 21:15:37,268 [1] INFO LabMPP.repository.databases.DBUtils - Connection opened successfully.
2025-03-19 21:15:37,269 [1] INFO LabMPP.repository.databases.TripRepoRepository - Finding Trip
2025-03-19 21:15:37,269 [1] INFO LabMPP.repository.databases.DBUtils - Connection opened successfully.
2025-03-19 21:15:37,269 [1] INFO LabMPP.repository.databases.ReservationRepository - Finding Reservation
2025-03-19 21:15:37,270 [1] INFO LabMPP.repository.databases.DBUtils - Connection opened successfully.
2025-03-19 21:15:37,270 [1] INFO LabMPP.repository.databases.TripRepoRepository - Finding Trip
2025-03-19 21:15:37,270 [1] INFO LabMPP.repository.databases.DBUtils - Connection opened successfully.
2025-03-19 21:18:01,842 [1] INFO LabMPP.repository.databases.TripRepoRepository - Creating TripRepository
2025-03-19 21:18:01,855 [1] INFO LabMPP.repository.databases.ManagerRepository - Creating ManagerRepository
2025-03-19 21:18:01,856 [1] INFO LabMPP.repository.databases.ReservationRepository - Creating TripRepository
2025-03-19 21:18:01,856 [1] INFO LabMPP.repository.databases.TripRepoRepository - Creating TripRepository
2025-03-19 21:18:01,856 [1] INFO Program - Aplicația a pornit!
2025-03-19 21:18:01,932 [1] INFO LabMPP.repository.databases.DBUtils - Connection opened successfully.
2025-03-19 21:18:01,937 [1] INFO Program - Test connection successful
2025-03-19 21:18:01,938 [1] INFO LabMPP.repository.databases.TripRepoRepository - Creating TripRepository
2025-03-19 21:18:01,939 [1] INFO LabMPP.repository.databases.TripRepoRepository - Finding all Trips
2025-03-19 21:18:01,939 [1] INFO LabMPP.repository.databases.DBUtils - Connection opened successfully.
2025-03-19 21:18:01,957 [1] INFO LabMPP.repository.databases.TripRepoRepository - Finding all Trips
2025-03-19 21:18:01,957 [1] INFO LabMPP.repository.databases.DBUtils - Connection opened successfully.
2025-03-19 21:18:01,963 [1] INFO LabMPP.repository.databases.TripRepoRepository - Saving Trip
2025-03-19 21:18:01,963 [1] INFO LabMPP.repository.databases.DBUtils - Connection opened successfully.
2025-03-19 21:18:01,973 [1] INFO LabMPP.repository.databases.TripRepoRepository - Finding all Trips
2025-03-19 21:18:01,975 [1] INFO LabMPP.repository.databases.DBUtils - Connection opened successfully.
2025-03-19 21:18:01,978 [1] INFO LabMPP.repository.databases.ManagerRepository - Creating ManagerRepository
2025-03-19 21:18:01,979 [1] INFO LabMPP.repository.databases.ManagerRepository - Finding all Managers
2025-03-19 21:18:01,980 [1] INFO LabMPP.repository.databases.DBUtils - Connection opened successfully.
2025-03-19 21:18:01,981 [1] INFO LabMPP.repository.databases.ManagerRepository - Finding all Managers
2025-03-19 21:18:01,982 [1] INFO LabMPP.repository.databases.DBUtils - Connection opened successfully.
2025-03-19 21:18:01,984 [1] INFO LabMPP.repository.databases.ManagerRepository - Saving Manager
2025-03-19 21:18:01,985 [1] INFO LabMPP.repository.databases.DBUtils - Connection opened successfully.
2025-03-19 21:18:01,988 [1] INFO LabMPP.repository.databases.ManagerRepository - Finding all Managers
2025-03-19 21:18:01,990 [1] INFO LabMPP.repository.databases.DBUtils - Connection opened successfully.
2025-03-19 21:18:01,992 [1] INFO LabMPP.repository.databases.ReservationRepository - Creating TripRepository
2025-03-19 21:18:01,992 [1] INFO LabMPP.repository.databases.TripRepoRepository - Creating TripRepository
2025-03-19 21:18:01,993 [1] INFO LabMPP.repository.databases.ReservationRepository - Finding all Reservations
2025-03-19 21:18:01,993 [1] INFO LabMPP.repository.databases.DBUtils - Connection opened successfully.
2025-03-19 21:18:01,994 [1] INFO LabMPP.repository.databases.ReservationRepository - Finding Reservation
2025-03-19 21:18:01,994 [1] INFO LabMPP.repository.databases.DBUtils - Connection opened successfully.
2025-03-19 21:18:01,995 [1] INFO LabMPP.repository.databases.TripRepoRepository - Finding Trip
2025-03-19 21:18:01,995 [1] INFO LabMPP.repository.databases.DBUtils - Connection opened successfully.
2025-03-19 21:18:01,997 [1] INFO LabMPP.repository.databases.ReservationRepository - Finding Reservation
2025-03-19 21:18:01,997 [1] INFO LabMPP.repository.databases.DBUtils - Connection opened successfully.
2025-03-19 21:18:01,998 [1] INFO LabMPP.repository.databases.TripRepoRepository - Finding Trip
2025-03-19 21:18:01,998 [1] INFO LabMPP.repository.databases.DBUtils - Connection opened successfully.
2025-03-19 21:18:01,998 [1] INFO LabMPP.repository.databases.ReservationRepository - Finding Reservation
2025-03-19 21:18:01,999 [1] INFO LabMPP.repository.databases.DBUtils - Connection opened successfully.
2025-03-19 21:18:01,999 [1] INFO LabMPP.repository.databases.TripRepoRepository - Finding Trip
2025-03-19 21:18:01,999 [1] INFO LabMPP.repository.databases.DBUtils - Connection opened successfully.
2025-03-19 21:18:02,000 [1] INFO LabMPP.repository.databases.ReservationRepository - Finding Reservation
2025-03-19 21:18:02,000 [1] INFO LabMPP.repository.databases.DBUtils - Connection opened successfully.
2025-03-19 21:18:02,000 [1] INFO LabMPP.repository.databases.TripRepoRepository - Finding Trip
2025-03-19 21:18:02,001 [1] INFO LabMPP.repository.databases.DBUtils - Connection opened successfully.
2025-03-19 21:18:02,001 [1] INFO LabMPP.repository.databases.ReservationRepository - Finding Reservation
2025-03-19 21:18:02,002 [1] INFO LabMPP.repository.databases.DBUtils - Connection opened successfully.
2025-03-19 21:18:02,002 [1] INFO LabMPP.repository.databases.TripRepoRepository - Finding Trip
2025-03-19 21:18:02,002 [1] INFO LabMPP.repository.databases.DBUtils - Connection opened successfully.
2025-03-19 21:18:02,002 [1] INFO LabMPP.repository.databases.ReservationRepository - Finding Reservation
2025-03-19 21:18:02,003 [1] INFO LabMPP.repository.databases.DBUtils - Connection opened successfully.
2025-03-19 21:18:02,003 [1] INFO LabMPP.repository.databases.TripRepoRepository - Finding Trip
2025-03-19 21:18:02,003 [1] INFO LabMPP.repository.databases.DBUtils - Connection opened successfully.
2025-03-19 21:18:02,004 [1] INFO LabMPP.repository.databases.ReservationRepository - Finding Reservation
2025-03-19 21:18:02,004 [1] INFO LabMPP.repository.databases.DBUtils - Connection opened successfully.
2025-03-19 21:18:02,004 [1] INFO LabMPP.repository.databases.TripRepoRepository - Finding Trip
2025-03-19 21:18:02,005 [1] INFO LabMPP.repository.databases.DBUtils - Connection opened successfully.
2025-03-19 21:18:02,005 [1] INFO LabMPP.repository.databases.ReservationRepository - Finding Reservation
2025-03-19 21:18:02,005 [1] INFO LabMPP.repository.databases.DBUtils - Connection opened successfully.
2025-03-19 21:18:02,006 [1] INFO LabMPP.repository.databases.TripRepoRepository - Finding Trip
2025-03-19 21:18:02,006 [1] INFO LabMPP.repository.databases.DBUtils - Connection opened successfully.
2025-03-19 21:18:02,006 [1] INFO LabMPP.repository.databases.ReservationRepository - Finding Reservation
2025-03-19 21:18:02,007 [1] INFO LabMPP.repository.databases.DBUtils - Connection opened successfully.
2025-03-19 21:18:02,007 [1] INFO LabMPP.repository.databases.TripRepoRepository - Finding Trip
2025-03-19 21:18:02,008 [1] INFO LabMPP.repository.databases.DBUtils - Connection opened successfully.
2025-03-19 21:18:02,008 [1] INFO LabMPP.repository.databases.ReservationRepository - Finding Reservation
2025-03-19 21:18:02,009 [1] INFO LabMPP.repository.databases.DBUtils - Connection opened successfully.
2025-03-19 21:18:02,009 [1] INFO LabMPP.repository.databases.TripRepoRepository - Finding Trip
2025-03-19 21:18:02,009 [1] INFO LabMPP.repository.databases.DBUtils - Connection opened successfully.
2025-03-19 21:18:02,010 [1] INFO LabMPP.repository.databases.ReservationRepository - Finding Reservation
2025-03-19 21:18:02,010 [1] INFO LabMPP.repository.databases.DBUtils - Connection opened successfully.
2025-03-19 21:18:02,011 [1] INFO LabMPP.repository.databases.TripRepoRepository - Finding Trip
2025-03-19 21:18:02,011 [1] INFO LabMPP.repository.databases.DBUtils - Connection opened successfully.
2025-03-19 21:18:02,012 [1] INFO LabMPP.repository.databases.ReservationRepository - Finding Reservation
2025-03-19 21:18:02,012 [1] INFO LabMPP.repository.databases.DBUtils - Connection opened successfully.
2025-03-19 21:18:02,013 [1] INFO LabMPP.repository.databases.TripRepoRepository - Finding Trip
2025-03-19 21:18:02,013 [1] INFO LabMPP.repository.databases.DBUtils - Connection opened successfully.
2025-03-19 21:18:02,014 [1] INFO LabMPP.repository.databases.ReservationRepository - Finding Reservation
2025-03-19 21:18:02,014 [1] INFO LabMPP.repository.databases.DBUtils - Connection opened successfully.
2025-03-19 21:18:02,014 [1] INFO LabMPP.repository.databases.TripRepoRepository - Finding Trip
2025-03-19 21:18:02,015 [1] INFO LabMPP.repository.databases.DBUtils - Connection opened successfully.
2025-03-19 21:18:02,015 [1] INFO LabMPP.repository.databases.ReservationRepository - Finding Reservation
2025-03-19 21:18:02,015 [1] INFO LabMPP.repository.databases.DBUtils - Connection opened successfully.
2025-03-19 21:18:02,016 [1] INFO LabMPP.repository.databases.TripRepoRepository - Finding Trip
2025-03-19 21:18:02,016 [1] INFO LabMPP.repository.databases.DBUtils - Connection opened successfully.
2025-03-19 21:18:02,016 [1] INFO LabMPP.repository.databases.ReservationRepository - Finding all Reservations
2025-03-19 21:18:02,017 [1] INFO LabMPP.repository.databases.DBUtils - Connection opened successfully.
2025-03-19 21:18:02,017 [1] INFO LabMPP.repository.databases.ReservationRepository - Finding Reservation
2025-03-19 21:18:02,018 [1] INFO LabMPP.repository.databases.DBUtils - Connection opened successfully.
2025-03-19 21:18:02,018 [1] INFO LabMPP.repository.databases.TripRepoRepository - Finding Trip
2025-03-19 21:18:02,019 [1] INFO LabMPP.repository.databases.DBUtils - Connection opened successfully.
2025-03-19 21:18:02,019 [1] INFO LabMPP.repository.databases.ReservationRepository - Finding Reservation
2025-03-19 21:18:02,020 [1] INFO LabMPP.repository.databases.DBUtils - Connection opened successfully.
2025-03-19 21:18:02,020 [1] INFO LabMPP.repository.databases.TripRepoRepository - Finding Trip
2025-03-19 21:18:02,021 [1] INFO LabMPP.repository.databases.DBUtils - Connection opened successfully.
2025-03-19 21:18:02,021 [1] INFO LabMPP.repository.databases.ReservationRepository - Finding Reservation
2025-03-19 21:18:02,022 [1] INFO LabMPP.repository.databases.DBUtils - Connection opened successfully.
2025-03-19 21:18:02,022 [1] INFO LabMPP.repository.databases.TripRepoRepository - Finding Trip
2025-03-19 21:18:02,022 [1] INFO LabMPP.repository.databases.DBUtils - Connection opened successfully.
2025-03-19 21:18:02,022 [1] INFO LabMPP.repository.databases.ReservationRepository - Finding Reservation
2025-03-19 21:18:02,023 [1] INFO LabMPP.repository.databases.DBUtils - Connection opened successfully.
2025-03-19 21:18:02,023 [1] INFO LabMPP.repository.databases.TripRepoRepository - Finding Trip
2025-03-19 21:18:02,023 [1] INFO LabMPP.repository.databases.DBUtils - Connection opened successfully.
2025-03-19 21:18:02,024 [1] INFO LabMPP.repository.databases.ReservationRepository - Finding Reservation
2025-03-19 21:18:02,024 [1] INFO LabMPP.repository.databases.DBUtils - Connection opened successfully.
2025-03-19 21:18:02,024 [1] INFO LabMPP.repository.databases.TripRepoRepository - Finding Trip
2025-03-19 21:18:02,025 [1] INFO LabMPP.repository.databases.DBUtils - Connection opened successfully.
2025-03-19 21:18:02,025 [1] INFO LabMPP.repository.databases.ReservationRepository - Finding Reservation
2025-03-19 21:18:02,025 [1] INFO LabMPP.repository.databases.DBUtils - Connection opened successfully.
2025-03-19 21:18:02,026 [1] INFO LabMPP.repository.databases.TripRepoRepository - Finding Trip
2025-03-19 21:18:02,026 [1] INFO LabMPP.repository.databases.DBUtils - Connection opened successfully.
2025-03-19 21:18:02,026 [1] INFO LabMPP.repository.databases.ReservationRepository - Finding Reservation
2025-03-19 21:18:02,027 [1] INFO LabMPP.repository.databases.DBUtils - Connection opened successfully.
2025-03-19 21:18:02,027 [1] INFO LabMPP.repository.databases.TripRepoRepository - Finding Trip
2025-03-19 21:18:02,027 [1] INFO LabMPP.repository.databases.DBUtils - Connection opened successfully.
2025-03-19 21:18:02,028 [1] INFO LabMPP.repository.databases.ReservationRepository - Finding Reservation
2025-03-19 21:18:02,028 [1] INFO LabMPP.repository.databases.DBUtils - Connection opened successfully.
2025-03-19 21:18:02,029 [1] INFO LabMPP.repository.databases.TripRepoRepository - Finding Trip
2025-03-19 21:18:02,029 [1] INFO LabMPP.repository.databases.DBUtils - Connection opened successfully.
2025-03-19 21:18:02,029 [1] INFO LabMPP.repository.databases.ReservationRepository - Finding Reservation
2025-03-19 21:18:02,030 [1] INFO LabMPP.repository.databases.DBUtils - Connection opened successfully.
2025-03-19 21:18:02,030 [1] INFO LabMPP.repository.databases.TripRepoRepository - Finding Trip
2025-03-19 21:18:02,030 [1] INFO LabMPP.repository.databases.DBUtils - Connection opened successfully.
2025-03-19 21:18:02,030 [1] INFO LabMPP.repository.databases.ReservationRepository - Finding Reservation
2025-03-19 21:18:02,031 [1] INFO LabMPP.repository.databases.DBUtils - Connection opened successfully.
2025-03-19 21:18:02,031 [1] INFO LabMPP.repository.databases.TripRepoRepository - Finding Trip
2025-03-19 21:18:02,032 [1] INFO LabMPP.repository.databases.DBUtils - Connection opened successfully.
2025-03-19 21:18:02,032 [1] INFO LabMPP.repository.databases.ReservationRepository - Finding Reservation
2025-03-19 21:18:02,032 [1] INFO LabMPP.repository.databases.DBUtils - Connection opened successfully.
2025-03-19 21:18:02,032 [1] INFO LabMPP.repository.databases.TripRepoRepository - Finding Trip
2025-03-19 21:18:02,033 [1] INFO LabMPP.repository.databases.DBUtils - Connection opened successfully.
2025-03-19 21:18:02,033 [1] INFO LabMPP.repository.databases.ReservationRepository - Finding Reservation
2025-03-19 21:18:02,033 [1] INFO LabMPP.repository.databases.DBUtils - Connection opened successfully.
2025-03-19 21:18:02,034 [1] INFO LabMPP.repository.databases.TripRepoRepository - Finding Trip
2025-03-19 21:18:02,034 [1] INFO LabMPP.repository.databases.DBUtils - Connection opened successfully.
2025-03-19 21:18:02,034 [1] INFO LabMPP.repository.databases.ReservationRepository - Finding Reservation
2025-03-19 21:18:02,035 [1] INFO LabMPP.repository.databases.DBUtils - Connection opened successfully.
2025-03-19 21:18:02,035 [1] INFO LabMPP.repository.databases.TripRepoRepository - Finding Trip
2025-03-19 21:18:02,035 [1] INFO LabMPP.repository.databases.DBUtils - Connection opened successfully.
2025-03-19 21:18:02,036 [1] INFO LabMPP.repository.databases.ReservationRepository - Finding Reservation
2025-03-19 21:18:02,036 [1] INFO LabMPP.repository.databases.DBUtils - Connection opened successfully.
2025-03-19 21:18:02,036 [1] INFO LabMPP.repository.databases.TripRepoRepository - Finding Trip
2025-03-19 21:18:02,037 [1] INFO LabMPP.repository.databases.DBUtils - Connection opened successfully.
2025-03-19 21:18:02,039 [1] INFO LabMPP.repository.databases.ReservationRepository - Saving Reservation
2025-03-19 21:18:02,039 [1] INFO LabMPP.repository.databases.DBUtils - Connection opened successfully.
2025-03-19 21:18:02,043 [1] INFO LabMPP.repository.databases.ReservationRepository - Finding all Reservations
2025-03-19 21:18:02,045 [1] INFO LabMPP.repository.databases.DBUtils - Connection opened successfully.
2025-03-19 21:18:02,046 [1] INFO LabMPP.repository.databases.ReservationRepository - Finding Reservation
2025-03-19 21:18:02,047 [1] INFO LabMPP.repository.databases.DBUtils - Connection opened successfully.
2025-03-19 21:18:02,047 [1] INFO LabMPP.repository.databases.TripRepoRepository - Finding Trip
2025-03-19 21:18:02,047 [1] INFO LabMPP.repository.databases.DBUtils - Connection opened successfully.
2025-03-19 21:18:02,048 [1] INFO LabMPP.repository.databases.ReservationRepository - Finding Reservation
2025-03-19 21:18:02,048 [1] INFO LabMPP.repository.databases.DBUtils - Connection opened successfully.
2025-03-19 21:18:02,048 [1] INFO LabMPP.repository.databases.TripRepoRepository - Finding Trip
2025-03-19 21:18:02,049 [1] INFO LabMPP.repository.databases.DBUtils - Connection opened successfully.
2025-03-19 21:18:02,049 [1] INFO LabMPP.repository.databases.ReservationRepository - Finding Reservation
2025-03-19 21:18:02,050 [1] INFO LabMPP.repository.databases.DBUtils - Connection opened successfully.
2025-03-19 21:18:02,050 [1] INFO LabMPP.repository.databases.TripRepoRepository - Finding Trip
2025-03-19 21:18:02,050 [1] INFO LabMPP.repository.databases.DBUtils - Connection opened successfully.
2025-03-19 21:18:02,050 [1] INFO LabMPP.repository.databases.ReservationRepository - Finding Reservation
2025-03-19 21:18:02,051 [1] INFO LabMPP.repository.databases.DBUtils - Connection opened successfully.
2025-03-19 21:18:02,051 [1] INFO LabMPP.repository.databases.TripRepoRepository - Finding Trip
2025-03-19 21:18:02,051 [1] INFO LabMPP.repository.databases.DBUtils - Connection opened successfully.
2025-03-19 21:18:02,052 [1] INFO LabMPP.repository.databases.ReservationRepository - Finding Reservation
2025-03-19 21:18:02,052 [1] INFO LabMPP.repository.databases.DBUtils - Connection opened successfully.
2025-03-19 21:18:02,052 [1] INFO LabMPP.repository.databases.TripRepoRepository - Finding Trip
2025-03-19 21:18:02,053 [1] INFO LabMPP.repository.databases.DBUtils - Connection opened successfully.
2025-03-19 21:18:02,053 [1] INFO LabMPP.repository.databases.ReservationRepository - Finding Reservation
2025-03-19 21:18:02,054 [1] INFO LabMPP.repository.databases.DBUtils - Connection opened successfully.
2025-03-19 21:18:02,054 [1] INFO LabMPP.repository.databases.TripRepoRepository - Finding Trip
2025-03-19 21:18:02,055 [1] INFO LabMPP.repository.databases.DBUtils - Connection opened successfully.
2025-03-19 21:18:02,055 [1] INFO LabMPP.repository.databases.ReservationRepository - Finding Reservation
2025-03-19 21:18:02,056 [1] INFO LabMPP.repository.databases.DBUtils - Connection opened successfully.
2025-03-19 21:18:02,056 [1] INFO LabMPP.repository.databases.TripRepoRepository - Finding Trip
2025-03-19 21:18:02,056 [1] INFO LabMPP.repository.databases.DBUtils - Connection opened successfully.
2025-03-19 21:18:02,057 [1] INFO LabMPP.repository.databases.ReservationRepository - Finding Reservation
2025-03-19 21:18:02,057 [1] INFO LabMPP.repository.databases.DBUtils - Connection opened successfully.
2025-03-19 21:18:02,058 [1] INFO LabMPP.repository.databases.TripRepoRepository - Finding Trip
2025-03-19 21:18:02,059 [1] INFO LabMPP.repository.databases.DBUtils - Connection opened successfully.
2025-03-19 21:18:02,059 [1] INFO LabMPP.repository.databases.ReservationRepository - Finding Reservation
2025-03-19 21:18:02,060 [1] INFO LabMPP.repository.databases.DBUtils - Connection opened successfully.
2025-03-19 21:18:02,060 [1] INFO LabMPP.repository.databases.TripRepoRepository - Finding Trip
2025-03-19 21:18:02,061 [1] INFO LabMPP.repository.databases.DBUtils - Connection opened successfully.
2025-03-19 21:18:02,061 [1] INFO LabMPP.repository.databases.ReservationRepository - Finding Reservation
2025-03-19 21:18:02,062 [1] INFO LabMPP.repository.databases.DBUtils - Connection opened successfully.
2025-03-19 21:18:02,062 [1] INFO LabMPP.repository.databases.TripRepoRepository - Finding Trip
2025-03-19 21:18:02,062 [1] INFO LabMPP.repository.databases.DBUtils - Connection opened successfully.
2025-03-19 21:18:02,063 [1] INFO LabMPP.repository.databases.ReservationRepository - Finding Reservation
2025-03-19 21:18:02,063 [1] INFO LabMPP.repository.databases.DBUtils - Connection opened successfully.
2025-03-19 21:18:02,063 [1] INFO LabMPP.repository.databases.TripRepoRepository - Finding Trip
2025-03-19 21:18:02,063 [1] INFO LabMPP.repository.databases.DBUtils - Connection opened successfully.
2025-03-19 21:18:02,064 [1] INFO LabMPP.repository.databases.ReservationRepository - Finding Reservation
2025-03-19 21:18:02,064 [1] INFO LabMPP.repository.databases.DBUtils - Connection opened successfully.
2025-03-19 21:18:02,064 [1] INFO LabMPP.repository.databases.TripRepoRepository - Finding Trip
2025-03-19 21:18:02,065 [1] INFO LabMPP.repository.databases.DBUtils - Connection opened successfully.
2025-03-19 21:18:02,065 [1] INFO LabMPP.repository.databases.ReservationRepository - Finding Reservation
2025-03-19 21:18:02,065 [1] INFO LabMPP.repository.databases.DBUtils - Connection opened successfully.
2025-03-19 21:18:02,066 [1] INFO LabMPP.repository.databases.TripRepoRepository - Finding Trip
2025-03-19 21:18:02,066 [1] INFO LabMPP.repository.databases.DBUtils - Connection opened successfully.
2025-03-19 21:18:02,066 [1] INFO LabMPP.repository.databases.ReservationRepository - Finding Reservation
2025-03-19 21:18:02,067 [1] INFO LabMPP.repository.databases.DBUtils - Connection opened successfully.
2025-03-19 21:18:02,067 [1] INFO LabMPP.repository.databases.TripRepoRepository - Finding Trip
2025-03-19 21:18:02,067 [1] INFO LabMPP.repository.databases.DBUtils - Connection opened successfully.
2025-03-19 21:18:02,067 [1] INFO LabMPP.repository.databases.ReservationRepository - Finding Reservation
2025-03-19 21:18:02,068 [1] INFO LabMPP.repository.databases.DBUtils - Connection opened successfully.
2025-03-19 21:18:02,068 [1] INFO LabMPP.repository.databases.TripRepoRepository - Finding Trip
2025-03-19 21:18:02,068 [1] INFO LabMPP.repository.databases.DBUtils - Connection opened successfully.
2025-03-19 21:18:04,222 [1] INFO LabMPP.service.Service - Getting manager by name
2025-03-19 21:18:04,223 [1] INFO LabMPP.repository.databases.ManagerRepository - Finding all Managers
2025-03-19 21:18:04,224 [1] INFO LabMPP.repository.databases.DBUtils - Connection opened successfully.
2025-03-19 21:18:36,444 [1] INFO LabMPP.service.Service - Getting manager by name
2025-03-19 21:18:36,445 [1] INFO LabMPP.repository.databases.ManagerRepository - Finding all Managers
2025-03-19 21:18:36,448 [1] INFO LabMPP.repository.databases.DBUtils - Connection opened successfully.
2025-03-19 21:20:53,154 [1] INFO LabMPP.repository.databases.TripRepoRepository - Creating TripRepository
2025-03-19 21:20:53,164 [1] INFO LabMPP.repository.databases.ManagerRepository - Creating ManagerRepository
2025-03-19 21:20:53,164 [1] INFO LabMPP.repository.databases.ReservationRepository - Creating TripRepository
2025-03-19 21:20:53,165 [1] INFO LabMPP.repository.databases.TripRepoRepository - Creating TripRepository
2025-03-19 21:20:53,165 [1] INFO Program - Aplicația a pornit!
2025-03-19 21:20:53,219 [1] INFO LabMPP.repository.databases.DBUtils - Connection opened successfully.
2025-03-19 21:20:53,223 [1] INFO Program - Test connection successful
2025-03-19 21:20:53,224 [1] INFO LabMPP.repository.databases.TripRepoRepository - Creating TripRepository
2025-03-19 21:20:53,225 [1] INFO LabMPP.repository.databases.TripRepoRepository - Finding all Trips
2025-03-19 21:20:53,225 [1] INFO LabMPP.repository.databases.DBUtils - Connection opened successfully.
2025-03-19 21:20:53,239 [1] INFO LabMPP.repository.databases.TripRepoRepository - Finding all Trips
2025-03-19 21:20:53,239 [1] INFO LabMPP.repository.databases.DBUtils - Connection opened successfully.
2025-03-19 21:20:53,242 [1] INFO LabMPP.repository.databases.TripRepoRepository - Saving Trip
2025-03-19 21:20:53,243 [1] INFO LabMPP.repository.databases.DBUtils - Connection opened successfully.
2025-03-19 21:20:53,252 [1] INFO LabMPP.repository.databases.TripRepoRepository - Finding all Trips
2025-03-19 21:20:53,255 [1] INFO LabMPP.repository.databases.DBUtils - Connection opened successfully.
2025-03-19 21:20:53,259 [1] INFO LabMPP.repository.databases.ManagerRepository - Creating ManagerRepository
2025-03-19 21:20:53,260 [1] INFO LabMPP.repository.databases.ManagerRepository - Finding all Managers
2025-03-19 21:20:53,260 [1] INFO LabMPP.repository.databases.DBUtils - Connection opened successfully.
2025-03-19 21:20:53,261 [1] INFO LabMPP.repository.databases.ManagerRepository - Finding all Managers
2025-03-19 21:20:53,261 [1] INFO LabMPP.repository.databases.DBUtils - Connection opened successfully.
2025-03-19 21:20:53,263 [1] INFO LabMPP.repository.databases.ManagerRepository - Saving Manager
2025-03-19 21:20:53,264 [1] INFO LabMPP.repository.databases.DBUtils - Connection opened successfully.
2025-03-19 21:20:53,266 [1] INFO LabMPP.repository.databases.ManagerRepository - Finding all Managers
2025-03-19 21:20:53,269 [1] INFO LabMPP.repository.databases.DBUtils - Connection opened successfully.
2025-03-19 21:20:53,271 [1] INFO LabMPP.repository.databases.ReservationRepository - Creating TripRepository
2025-03-19 21:20:53,272 [1] INFO LabMPP.repository.databases.TripRepoRepository - Creating TripRepository
2025-03-19 21:20:53,272 [1] INFO LabMPP.repository.databases.ReservationRepository - Finding all Reservations
2025-03-19 21:20:53,273 [1] INFO LabMPP.repository.databases.DBUtils - Connection opened successfully.
2025-03-19 21:20:53,273 [1] INFO LabMPP.repository.databases.ReservationRepository - Finding Reservation
2025-03-19 21:20:53,274 [1] INFO LabMPP.repository.databases.DBUtils - Connection opened successfully.
2025-03-19 21:20:53,274 [1] INFO LabMPP.repository.databases.TripRepoRepository - Finding Trip
2025-03-19 21:20:53,275 [1] INFO LabMPP.repository.databases.DBUtils - Connection opened successfully.
2025-03-19 21:20:53,276 [1] INFO LabMPP.repository.databases.ReservationRepository - Finding Reservation
2025-03-19 21:20:53,277 [1] INFO LabMPP.repository.databases.DBUtils - Connection opened successfully.
2025-03-19 21:20:53,277 [1] INFO LabMPP.repository.databases.TripRepoRepository - Finding Trip
2025-03-19 21:20:53,277 [1] INFO LabMPP.repository.databases.DBUtils - Connection opened successfully.
2025-03-19 21:20:53,278 [1] INFO LabMPP.repository.databases.ReservationRepository - Finding Reservation
2025-03-19 21:20:53,278 [1] INFO LabMPP.repository.databases.DBUtils - Connection opened successfully.
2025-03-19 21:20:53,278 [1] INFO LabMPP.repository.databases.TripRepoRepository - Finding Trip
2025-03-19 21:20:53,279 [1] INFO LabMPP.repository.databases.DBUtils - Connection opened successfully.
2025-03-19 21:20:53,279 [1] INFO LabMPP.repository.databases.ReservationRepository - Finding Reservation
2025-03-19 21:20:53,280 [1] INFO LabMPP.repository.databases.DBUtils - Connection opened successfully.
2025-03-19 21:20:53,280 [1] INFO LabMPP.repository.databases.TripRepoRepository - Finding Trip
2025-03-19 21:20:53,280 [1] INFO LabMPP.repository.databases.DBUtils - Connection opened successfully.
2025-03-19 21:20:53,281 [1] INFO LabMPP.repository.databases.ReservationRepository - Finding Reservation
2025-03-19 21:20:53,281 [1] INFO LabMPP.repository.databases.DBUtils - Connection opened successfully.
2025-03-19 21:20:53,281 [1] INFO LabMPP.repository.databases.TripRepoRepository - Finding Trip
2025-03-19 21:20:53,282 [1] INFO LabMPP.repository.databases.DBUtils - Connection opened successfully.
2025-03-19 21:20:53,282 [1] INFO LabMPP.repository.databases.ReservationRepository - Finding Reservation
2025-03-19 21:20:53,282 [1] INFO LabMPP.repository.databases.DBUtils - Connection opened successfully.
2025-03-19 21:20:53,283 [1] INFO LabMPP.repository.databases.TripRepoRepository - Finding Trip
2025-03-19 21:20:53,283 [1] INFO LabMPP.repository.databases.DBUtils - Connection opened successfully.
2025-03-19 21:20:53,283 [1] INFO LabMPP.repository.databases.ReservationRepository - Finding Reservation
2025-03-19 21:20:53,284 [1] INFO LabMPP.repository.databases.DBUtils - Connection opened successfully.
2025-03-19 21:20:53,284 [1] INFO LabMPP.repository.databases.TripRepoRepository - Finding Trip
2025-03-19 21:20:53,284 [1] INFO LabMPP.repository.databases.DBUtils - Connection opened successfully.
2025-03-19 21:20:53,285 [1] INFO LabMPP.repository.databases.ReservationRepository - Finding Reservation
2025-03-19 21:20:53,285 [1] INFO LabMPP.repository.databases.DBUtils - Connection opened successfully.
2025-03-19 21:20:53,285 [1] INFO LabMPP.repository.databases.TripRepoRepository - Finding Trip
2025-03-19 21:20:53,285 [1] INFO LabMPP.repository.databases.DBUtils - Connection opened successfully.
2025-03-19 21:20:53,286 [1] INFO LabMPP.repository.databases.ReservationRepository - Finding Reservation
2025-03-19 21:20:53,286 [1] INFO LabMPP.repository.databases.DBUtils - Connection opened successfully.
2025-03-19 21:20:53,286 [1] INFO LabMPP.repository.databases.TripRepoRepository - Finding Trip
2025-03-19 21:20:53,287 [1] INFO LabMPP.repository.databases.DBUtils - Connection opened successfully.
2025-03-19 21:20:53,287 [1] INFO LabMPP.repository.databases.ReservationRepository - Finding Reservation
2025-03-19 21:20:53,287 [1] INFO LabMPP.repository.databases.DBUtils - Connection opened successfully.
2025-03-19 21:20:53,287 [1] INFO LabMPP.repository.databases.TripRepoRepository - Finding Trip
2025-03-19 21:20:53,288 [1] INFO LabMPP.repository.databases.DBUtils - Connection opened successfully.
2025-03-19 21:20:53,288 [1] INFO LabMPP.repository.databases.ReservationRepository - Finding Reservation
2025-03-19 21:20:53,288 [1] INFO LabMPP.repository.databases.DBUtils - Connection opened successfully.
2025-03-19 21:20:53,289 [1] INFO LabMPP.repository.databases.TripRepoRepository - Finding Trip
2025-03-19 21:20:53,289 [1] INFO LabMPP.repository.databases.DBUtils - Connection opened successfully.
2025-03-19 21:20:53,289 [1] INFO LabMPP.repository.databases.ReservationRepository - Finding Reservation
2025-03-19 21:20:53,290 [1] INFO LabMPP.repository.databases.DBUtils - Connection opened successfully.
2025-03-19 21:20:53,290 [1] INFO LabMPP.repository.databases.TripRepoRepository - Finding Trip
2025-03-19 21:20:53,290 [1] INFO LabMPP.repository.databases.DBUtils - Connection opened successfully.
2025-03-19 21:20:53,291 [1] INFO LabMPP.repository.databases.ReservationRepository - Finding Reservation
2025-03-19 21:20:53,291 [1] INFO LabMPP.repository.databases.DBUtils - Connection opened successfully.
2025-03-19 21:20:53,292 [1] INFO LabMPP.repository.databases.TripRepoRepository - Finding Trip
2025-03-19 21:20:53,292 [1] INFO LabMPP.repository.databases.DBUtils - Connection opened successfully.
2025-03-19 21:20:53,292 [1] INFO LabMPP.repository.databases.ReservationRepository - Finding Reservation
2025-03-19 21:20:53,293 [1] INFO LabMPP.repository.databases.DBUtils - Connection opened successfully.
2025-03-19 21:20:53,293 [1] INFO LabMPP.repository.databases.TripRepoRepository - Finding Trip
2025-03-19 21:20:53,293 [1] INFO LabMPP.repository.databases.DBUtils - Connection opened successfully.
2025-03-19 21:20:53,293 [1] INFO LabMPP.repository.databases.ReservationRepository - Finding Reservation
2025-03-19 21:20:53,294 [1] INFO LabMPP.repository.databases.DBUtils - Connection opened successfully.
2025-03-19 21:20:53,294 [1] INFO LabMPP.repository.databases.TripRepoRepository - Finding Trip
2025-03-19 21:20:53,294 [1] INFO LabMPP.repository.databases.DBUtils - Connection opened successfully.
2025-03-19 21:20:53,295 [1] INFO LabMPP.repository.databases.ReservationRepository - Finding all Reservations
2025-03-19 21:20:53,295 [1] INFO LabMPP.repository.databases.DBUtils - Connection opened successfully.
2025-03-19 21:20:53,295 [1] INFO LabMPP.repository.databases.ReservationRepository - Finding Reservation
2025-03-19 21:20:53,295 [1] INFO LabMPP.repository.databases.DBUtils - Connection opened successfully.
2025-03-19 21:20:53,296 [1] INFO LabMPP.repository.databases.TripRepoRepository - Finding Trip
2025-03-19 21:20:53,296 [1] INFO LabMPP.repository.databases.DBUtils - Connection opened successfully.
2025-03-19 21:20:53,296 [1] INFO LabMPP.repository.databases.ReservationRepository - Finding Reservation
2025-03-19 21:20:53,297 [1] INFO LabMPP.repository.databases.DBUtils - Connection opened successfully.
2025-03-19 21:20:53,297 [1] INFO LabMPP.repository.databases.TripRepoRepository - Finding Trip
2025-03-19 21:20:53,298 [1] INFO LabMPP.repository.databases.DBUtils - Connection opened successfully.
2025-03-19 21:20:53,298 [1] INFO LabMPP.repository.databases.ReservationRepository - Finding Reservation
2025-03-19 21:20:53,299 [1] INFO LabMPP.repository.databases.DBUtils - Connection opened successfully.
2025-03-19 21:20:53,299 [1] INFO LabMPP.repository.databases.TripRepoRepository - Finding Trip
2025-03-19 21:20:53,300 [1] INFO LabMPP.repository.databases.DBUtils - Connection opened successfully.
2025-03-19 21:20:53,300 [1] INFO LabMPP.repository.databases.ReservationRepository - Finding Reservation
2025-03-19 21:20:53,300 [1] INFO LabMPP.repository.databases.DBUtils - Connection opened successfully.
2025-03-19 21:20:53,301 [1] INFO LabMPP.repository.databases.TripRepoRepository - Finding Trip
2025-03-19 21:20:53,301 [1] INFO LabMPP.repository.databases.DBUtils - Connection opened successfully.
2025-03-19 21:20:53,301 [1] INFO LabMPP.repository.databases.ReservationRepository - Finding Reservation
2025-03-19 21:20:53,302 [1] INFO LabMPP.repository.databases.DBUtils - Connection opened successfully.
2025-03-19 21:20:53,302 [1] INFO LabMPP.repository.databases.TripRepoRepository - Finding Trip
2025-03-19 21:20:53,302 [1] INFO LabMPP.repository.databases.DBUtils - Connection opened successfully.
2025-03-19 21:20:53,303 [1] INFO LabMPP.repository.databases.ReservationRepository - Finding Reservation
2025-03-19 21:20:53,303 [1] INFO LabMPP.repository.databases.DBUtils - Connection opened successfully.
2025-03-19 21:20:53,303 [1] INFO LabMPP.repository.databases.TripRepoRepository - Finding Trip
2025-03-19 21:20:53,303 [1] INFO LabMPP.repository.databases.DBUtils - Connection opened successfully.
2025-03-19 21:20:53,304 [1] INFO LabMPP.repository.databases.ReservationRepository - Finding Reservation
2025-03-19 21:20:53,304 [1] INFO LabMPP.repository.databases.DBUtils - Connection opened successfully.
2025-03-19 21:20:53,304 [1] INFO LabMPP.repository.databases.TripRepoRepository - Finding Trip
2025-03-19 21:20:53,305 [1] INFO LabMPP.repository.databases.DBUtils - Connection opened successfully.
2025-03-19 21:20:53,305 [1] INFO LabMPP.repository.databases.ReservationRepository - Finding Reservation
2025-03-19 21:20:53,306 [1] INFO LabMPP.repository.databases.DBUtils - Connection opened successfully.
2025-03-19 21:20:53,306 [1] INFO LabMPP.repository.databases.TripRepoRepository - Finding Trip
2025-03-19 21:20:53,306 [1] INFO LabMPP.repository.databases.DBUtils - Connection opened successfully.
2025-03-19 21:20:53,306 [1] INFO LabMPP.repository.databases.ReservationRepository - Finding Reservation
2025-03-19 21:20:53,307 [1] INFO LabMPP.repository.databases.DBUtils - Connection opened successfully.
2025-03-19 21:20:53,307 [1] INFO LabMPP.repository.databases.TripRepoRepository - Finding Trip
2025-03-19 21:20:53,307 [1] INFO LabMPP.repository.databases.DBUtils - Connection opened successfully.
2025-03-19 21:20:53,308 [1] INFO LabMPP.repository.databases.ReservationRepository - Finding Reservation
2025-03-19 21:20:53,308 [1] INFO LabMPP.repository.databases.DBUtils - Connection opened successfully.
2025-03-19 21:20:53,308 [1] INFO LabMPP.repository.databases.TripRepoRepository - Finding Trip
2025-03-19 21:20:53,309 [1] INFO LabMPP.repository.databases.DBUtils - Connection opened successfully.
2025-03-19 21:20:53,309 [1] INFO LabMPP.repository.databases.ReservationRepository - Finding Reservation
2025-03-19 21:20:53,309 [1] INFO LabMPP.repository.databases.DBUtils - Connection opened successfully.
2025-03-19 21:20:53,310 [1] INFO LabMPP.repository.databases.TripRepoRepository - Finding Trip
2025-03-19 21:20:53,310 [1] INFO LabMPP.repository.databases.DBUtils - Connection opened successfully.
2025-03-19 21:20:53,310 [1] INFO LabMPP.repository.databases.ReservationRepository - Finding Reservation
2025-03-19 21:20:53,311 [1] INFO LabMPP.repository.databases.DBUtils - Connection opened successfully.
2025-03-19 21:20:53,311 [1] INFO LabMPP.repository.databases.TripRepoRepository - Finding Trip
2025-03-19 21:20:53,311 [1] INFO LabMPP.repository.databases.DBUtils - Connection opened successfully.
2025-03-19 21:20:53,312 [1] INFO LabMPP.repository.databases.ReservationRepository - Finding Reservation
2025-03-19 21:20:53,312 [1] INFO LabMPP.repository.databases.DBUtils - Connection opened successfully.
2025-03-19 21:20:53,312 [1] INFO LabMPP.repository.databases.TripRepoRepository - Finding Trip
2025-03-19 21:20:53,313 [1] INFO LabMPP.repository.databases.DBUtils - Connection opened successfully.
2025-03-19 21:20:53,313 [1] INFO LabMPP.repository.databases.ReservationRepository - Finding Reservation
2025-03-19 21:20:53,313 [1] INFO LabMPP.repository.databases.DBUtils - Connection opened successfully.
2025-03-19 21:20:53,314 [1] INFO LabMPP.repository.databases.TripRepoRepository - Finding Trip
2025-03-19 21:20:53,314 [1] INFO LabMPP.repository.databases.DBUtils - Connection opened successfully.
2025-03-19 21:20:53,314 [1] INFO LabMPP.repository.databases.ReservationRepository - Finding Reservation
2025-03-19 21:20:53,315 [1] INFO LabMPP.repository.databases.DBUtils - Connection opened successfully.
2025-03-19 21:20:53,315 [1] INFO LabMPP.repository.databases.TripRepoRepository - Finding Trip
2025-03-19 21:20:53,315 [1] INFO LabMPP.repository.databases.DBUtils - Connection opened successfully.
2025-03-19 21:20:53,318 [1] INFO LabMPP.repository.databases.ReservationRepository - Saving Reservation
2025-03-19 21:20:53,318 [1] INFO LabMPP.repository.databases.DBUtils - Connection opened successfully.
2025-03-19 21:20:53,321 [1] INFO LabMPP.repository.databases.ReservationRepository - Finding all Reservations
2025-03-19 21:20:53,323 [1] INFO LabMPP.repository.databases.DBUtils - Connection opened successfully.
2025-03-19 21:20:53,323 [1] INFO LabMPP.repository.databases.ReservationRepository - Finding Reservation
2025-03-19 21:20:53,324 [1] INFO LabMPP.repository.databases.DBUtils - Connection opened successfully.
2025-03-19 21:20:53,324 [1] INFO LabMPP.repository.databases.TripRepoRepository - Finding Trip
2025-03-19 21:20:53,325 [1] INFO LabMPP.repository.databases.DBUtils - Connection opened successfully.
2025-03-19 21:20:53,325 [1] INFO LabMPP.repository.databases.ReservationRepository - Finding Reservation
2025-03-19 21:20:53,325 [1] INFO LabMPP.repository.databases.DBUtils - Connection opened successfully.
2025-03-19 21:20:53,326 [1] INFO LabMPP.repository.databases.TripRepoRepository - Finding Trip
2025-03-19 21:20:53,326 [1] INFO LabMPP.repository.databases.DBUtils - Connection opened successfully.
2025-03-19 21:20:53,326 [1] INFO LabMPP.repository.databases.ReservationRepository - Finding Reservation
2025-03-19 21:20:53,326 [1] INFO LabMPP.repository.databases.DBUtils - Connection opened successfully.
2025-03-19 21:20:53,327 [1] INFO LabMPP.repository.databases.TripRepoRepository - Finding Trip
2025-03-19 21:20:53,327 [1] INFO LabMPP.repository.databases.DBUtils - Connection opened successfully.
2025-03-19 21:20:53,328 [1] INFO LabMPP.repository.databases.ReservationRepository - Finding Reservation
2025-03-19 21:20:53,328 [1] INFO LabMPP.repository.databases.DBUtils - Connection opened successfully.
2025-03-19 21:20:53,328 [1] INFO LabMPP.repository.databases.TripRepoRepository - Finding Trip
2025-03-19 21:20:53,329 [1] INFO LabMPP.repository.databases.DBUtils - Connection opened successfully.
2025-03-19 21:20:53,329 [1] INFO LabMPP.repository.databases.ReservationRepository - Finding Reservation
2025-03-19 21:20:53,329 [1] INFO LabMPP.repository.databases.DBUtils - Connection opened successfully.
2025-03-19 21:20:53,330 [1] INFO LabMPP.repository.databases.TripRepoRepository - Finding Trip
2025-03-19 21:20:53,330 [1] INFO LabMPP.repository.databases.DBUtils - Connection opened successfully.
2025-03-19 21:20:53,330 [1] INFO LabMPP.repository.databases.ReservationRepository - Finding Reservation
2025-03-19 21:20:53,330 [1] INFO LabMPP.repository.databases.DBUtils - Connection opened successfully.
2025-03-19 21:20:53,331 [1] INFO LabMPP.repository.databases.TripRepoRepository - Finding Trip
2025-03-19 21:20:53,331 [1] INFO LabMPP.repository.databases.DBUtils - Connection opened successfully.
2025-03-19 21:20:53,331 [1] INFO LabMPP.repository.databases.ReservationRepository - Finding Reservation
2025-03-19 21:20:53,332 [1] INFO LabMPP.repository.databases.DBUtils - Connection opened successfully.
2025-03-19 21:20:53,332 [1] INFO LabMPP.repository.databases.TripRepoRepository - Finding Trip
2025-03-19 21:20:53,332 [1] INFO LabMPP.repository.databases.DBUtils - Connection opened successfully.
2025-03-19 21:20:53,333 [1] INFO LabMPP.repository.databases.ReservationRepository - Finding Reservation
2025-03-19 21:20:53,333 [1] INFO LabMPP.repository.databases.DBUtils - Connection opened successfully.
2025-03-19 21:20:53,333 [1] INFO LabMPP.repository.databases.TripRepoRepository - Finding Trip
2025-03-19 21:20:53,334 [1] INFO LabMPP.repository.databases.DBUtils - Connection opened successfully.
2025-03-19 21:20:53,334 [1] INFO LabMPP.repository.databases.ReservationRepository - Finding Reservation
2025-03-19 21:20:53,334 [1] INFO LabMPP.repository.databases.DBUtils - Connection opened successfully.
2025-03-19 21:20:53,334 [1] INFO LabMPP.repository.databases.TripRepoRepository - Finding Trip
2025-03-19 21:20:53,335 [1] INFO LabMPP.repository.databases.DBUtils - Connection opened successfully.
2025-03-19 21:20:53,335 [1] INFO LabMPP.repository.databases.ReservationRepository - Finding Reservation
2025-03-19 21:20:53,335 [1] INFO LabMPP.repository.databases.DBUtils - Connection opened successfully.
2025-03-19 21:20:53,336 [1] INFO LabMPP.repository.databases.TripRepoRepository - Finding Trip
2025-03-19 21:20:53,336 [1] INFO LabMPP.repository.databases.DBUtils - Connection opened successfully.
2025-03-19 21:20:53,336 [1] INFO LabMPP.repository.databases.ReservationRepository - Finding Reservation
2025-03-19 21:20:53,337 [1] INFO LabMPP.repository.databases.DBUtils - Connection opened successfully.
2025-03-19 21:20:53,337 [1] INFO LabMPP.repository.databases.TripRepoRepository - Finding Trip
2025-03-19 21:20:53,337 [1] INFO LabMPP.repository.databases.DBUtils - Connection opened successfully.
2025-03-19 21:20:53,337 [1] INFO LabMPP.repository.databases.ReservationRepository - Finding Reservation
2025-03-19 21:20:53,338 [1] INFO LabMPP.repository.databases.DBUtils - Connection opened successfully.
2025-03-19 21:20:53,338 [1] INFO LabMPP.repository.databases.TripRepoRepository - Finding Trip
2025-03-19 21:20:53,338 [1] INFO LabMPP.repository.databases.DBUtils - Connection opened successfully.
2025-03-19 21:20:53,339 [1] INFO LabMPP.repository.databases.ReservationRepository - Finding Reservation
2025-03-19 21:20:53,339 [1] INFO LabMPP.repository.databases.DBUtils - Connection opened successfully.
2025-03-19 21:20:53,339 [1] INFO LabMPP.repository.databases.TripRepoRepository - Finding Trip
2025-03-19 21:20:53,340 [1] INFO LabMPP.repository.databases.DBUtils - Connection opened successfully.
2025-03-19 21:20:53,340 [1] INFO LabMPP.repository.databases.ReservationRepository - Finding Reservation
2025-03-19 21:20:53,340 [1] INFO LabMPP.repository.databases.DBUtils - Connection opened successfully.
2025-03-19 21:20:53,341 [1] INFO LabMPP.repository.databases.TripRepoRepository - Finding Trip
2025-03-19 21:20:53,341 [1] INFO LabMPP.repository.databases.DBUtils - Connection opened successfully.
2025-03-19 21:20:53,341 [1] INFO LabMPP.repository.databases.ReservationRepository - Finding Reservation
2025-03-19 21:20:53,342 [1] INFO LabMPP.repository.databases.DBUtils - Connection opened successfully.
2025-03-19 21:20:53,342 [1] INFO LabMPP.repository.databases.TripRepoRepository - Finding Trip
2025-03-19 21:20:53,342 [1] INFO LabMPP.repository.databases.DBUtils - Connection opened successfully.
2025-03-19 21:20:53,342 [1] INFO LabMPP.repository.databases.ReservationRepository - Finding Reservation
2025-03-19 21:20:53,343 [1] INFO LabMPP.repository.databases.DBUtils - Connection opened successfully.
2025-03-19 21:20:53,343 [1] INFO LabMPP.repository.databases.TripRepoRepository - Finding Trip
2025-03-19 21:20:53,344 [1] INFO LabMPP.repository.databases.DBUtils - Connection opened successfully.
2025-03-19 21:22:31,390 [1] INFO LabMPP.repository.databases.TripRepoRepository - Creating TripRepository
2025-03-19 21:22:31,400 [1] INFO LabMPP.repository.databases.ManagerRepository - Creating ManagerRepository
2025-03-19 21:22:31,400 [1] INFO LabMPP.repository.databases.ReservationRepository - Creating TripRepository
2025-03-19 21:22:31,400 [1] INFO LabMPP.repository.databases.TripRepoRepository - Creating TripRepository
2025-03-19 21:22:31,400 [1] INFO Program - Aplicația a pornit!
2025-03-19 21:22:31,453 [1] INFO LabMPP.repository.databases.DBUtils - Connection opened successfully.
2025-03-19 21:22:31,458 [1] INFO Program - Test connection successful
2025-03-19 21:22:31,459 [1] INFO LabMPP.repository.databases.TripRepoRepository - Creating TripRepository
2025-03-19 21:22:31,460 [1] INFO LabMPP.repository.databases.TripRepoRepository - Finding all Trips
2025-03-19 21:22:31,460 [1] INFO LabMPP.repository.databases.DBUtils - Connection opened successfully.
2025-03-19 21:22:31,474 [1] INFO LabMPP.repository.databases.TripRepoRepository - Finding all Trips
2025-03-19 21:22:31,474 [1] INFO LabMPP.repository.databases.DBUtils - Connection opened successfully.
2025-03-19 21:22:31,478 [1] INFO LabMPP.repository.databases.TripRepoRepository - Saving Trip
2025-03-19 21:22:31,478 [1] INFO LabMPP.repository.databases.DBUtils - Connection opened successfully.
2025-03-19 21:22:31,486 [1] INFO LabMPP.repository.databases.TripRepoRepository - Finding all Trips
2025-03-19 21:22:31,489 [1] INFO LabMPP.repository.databases.DBUtils - Connection opened successfully.
2025-03-19 21:22:31,492 [1] INFO LabMPP.repository.databases.ManagerRepository - Creating ManagerRepository
2025-03-19 21:22:31,493 [1] INFO LabMPP.repository.databases.ManagerRepository - Finding all Managers
2025-03-19 21:22:31,493 [1] INFO LabMPP.repository.databases.DBUtils - Connection opened successfully.
2025-03-19 21:22:31,494 [1] INFO LabMPP.repository.databases.ManagerRepository - Finding all Managers
2025-03-19 21:22:31,494 [1] INFO LabMPP.repository.databases.DBUtils - Connection opened successfully.
2025-03-19 21:22:31,496 [1] INFO LabMPP.repository.databases.ManagerRepository - Saving Manager
2025-03-19 21:22:31,496 [1] INFO LabMPP.repository.databases.DBUtils - Connection opened successfully.
2025-03-19 21:22:31,499 [1] INFO LabMPP.repository.databases.ManagerRepository - Finding all Managers
2025-03-19 21:22:31,501 [1] INFO LabMPP.repository.databases.DBUtils - Connection opened successfully.
2025-03-19 21:22:31,503 [1] INFO LabMPP.repository.databases.ReservationRepository - Creating TripRepository
2025-03-19 21:22:31,503 [1] INFO LabMPP.repository.databases.TripRepoRepository - Creating TripRepository
2025-03-19 21:22:31,503 [1] INFO LabMPP.repository.databases.ReservationRepository - Finding all Reservations
2025-03-19 21:22:31,504 [1] INFO LabMPP.repository.databases.DBUtils - Connection opened successfully.
2025-03-19 21:22:31,504 [1] INFO LabMPP.repository.databases.ReservationRepository - Finding Reservation
2025-03-19 21:22:31,505 [1] INFO LabMPP.repository.databases.DBUtils - Connection opened successfully.
2025-03-19 21:22:31,505 [1] INFO LabMPP.repository.databases.TripRepoRepository - Finding Trip
2025-03-19 21:22:31,506 [1] INFO LabMPP.repository.databases.DBUtils - Connection opened successfully.
2025-03-19 21:22:31,507 [1] INFO LabMPP.repository.databases.ReservationRepository - Finding Reservation
2025-03-19 21:22:31,508 [1] INFO LabMPP.repository.databases.DBUtils - Connection opened successfully.
2025-03-19 21:22:31,508 [1] INFO LabMPP.repository.databases.TripRepoRepository - Finding Trip
2025-03-19 21:22:31,508 [1] INFO LabMPP.repository.databases.DBUtils - Connection opened successfully.
2025-03-19 21:22:31,508 [1] INFO LabMPP.repository.databases.ReservationRepository - Finding Reservation
2025-03-19 21:22:31,509 [1] INFO LabMPP.repository.databases.DBUtils - Connection opened successfully.
2025-03-19 21:22:31,509 [1] INFO LabMPP.repository.databases.TripRepoRepository - Finding Trip
2025-03-19 21:22:31,509 [1] INFO LabMPP.repository.databases.DBUtils - Connection opened successfully.
2025-03-19 21:22:31,510 [1] INFO LabMPP.repository.databases.ReservationRepository - Finding Reservation
2025-03-19 21:22:31,510 [1] INFO LabMPP.repository.databases.DBUtils - Connection opened successfully.
2025-03-19 21:22:31,510 [1] INFO LabMPP.repository.databases.TripRepoRepository - Finding Trip
2025-03-19 21:22:31,511 [1] INFO LabMPP.repository.databases.DBUtils - Connection opened successfully.
2025-03-19 21:22:31,511 [1] INFO LabMPP.repository.databases.ReservationRepository - Finding Reservation
2025-03-19 21:22:31,511 [1] INFO LabMPP.repository.databases.DBUtils - Connection opened successfully.
2025-03-19 21:22:31,512 [1] INFO LabMPP.repository.databases.TripRepoRepository - Finding Trip
2025-03-19 21:22:31,512 [1] INFO LabMPP.repository.databases.DBUtils - Connection opened successfully.
2025-03-19 21:22:31,512 [1] INFO LabMPP.repository.databases.ReservationRepository - Finding Reservation
2025-03-19 21:22:31,513 [1] INFO LabMPP.repository.databases.DBUtils - Connection opened successfully.
2025-03-19 21:22:31,513 [1] INFO LabMPP.repository.databases.TripRepoRepository - Finding Trip
2025-03-19 21:22:31,513 [1] INFO LabMPP.repository.databases.DBUtils - Connection opened successfully.
2025-03-19 21:22:31,513 [1] INFO LabMPP.repository.databases.ReservationRepository - Finding Reservation
2025-03-19 21:22:31,514 [1] INFO LabMPP.repository.databases.DBUtils - Connection opened successfully.
2025-03-19 21:22:31,514 [1] INFO LabMPP.repository.databases.TripRepoRepository - Finding Trip
2025-03-19 21:22:31,514 [1] INFO LabMPP.repository.databases.DBUtils - Connection opened successfully.
2025-03-19 21:22:31,515 [1] INFO LabMPP.repository.databases.ReservationRepository - Finding Reservation
2025-03-19 21:22:31,515 [1] INFO LabMPP.repository.databases.DBUtils - Connection opened successfully.
2025-03-19 21:22:31,516 [1] INFO LabMPP.repository.databases.TripRepoRepository - Finding Trip
2025-03-19 21:22:31,516 [1] INFO LabMPP.repository.databases.DBUtils - Connection opened successfully.
2025-03-19 21:22:31,517 [1] INFO LabMPP.repository.databases.ReservationRepository - Finding Reservation
2025-03-19 21:22:31,517 [1] INFO LabMPP.repository.databases.DBUtils - Connection opened successfully.
2025-03-19 21:22:31,518 [1] INFO LabMPP.repository.databases.TripRepoRepository - Finding Trip
2025-03-19 21:22:31,518 [1] INFO LabMPP.repository.databases.DBUtils - Connection opened successfully.
2025-03-19 21:22:31,518 [1] INFO LabMPP.repository.databases.ReservationRepository - Finding Reservation
2025-03-19 21:22:31,519 [1] INFO LabMPP.repository.databases.DBUtils - Connection opened successfully.
2025-03-19 21:22:31,519 [1] INFO LabMPP.repository.databases.TripRepoRepository - Finding Trip
2025-03-19 21:22:31,519 [1] INFO LabMPP.repository.databases.DBUtils - Connection opened successfully.
2025-03-19 21:22:31,520 [1] INFO LabMPP.repository.databases.ReservationRepository - Finding Reservation
2025-03-19 21:22:31,520 [1] INFO LabMPP.repository.databases.DBUtils - Connection opened successfully.
2025-03-19 21:22:31,520 [1] INFO LabMPP.repository.databases.TripRepoRepository - Finding Trip
2025-03-19 21:22:31,521 [1] INFO LabMPP.repository.databases.DBUtils - Connection opened successfully.
2025-03-19 21:22:31,521 [1] INFO LabMPP.repository.databases.ReservationRepository - Finding Reservation
2025-03-19 21:22:31,521 [1] INFO LabMPP.repository.databases.DBUtils - Connection opened successfully.
2025-03-19 21:22:31,522 [1] INFO LabMPP.repository.databases.TripRepoRepository - Finding Trip
2025-03-19 21:22:31,522 [1] INFO LabMPP.repository.databases.DBUtils - Connection opened successfully.
2025-03-19 21:22:31,522 [1] INFO LabMPP.repository.databases.ReservationRepository - Finding Reservation
2025-03-19 21:22:31,523 [1] INFO LabMPP.repository.databases.DBUtils - Connection opened successfully.
2025-03-19 21:22:31,523 [1] INFO LabMPP.repository.databases.TripRepoRepository - Finding Trip
2025-03-19 21:22:31,523 [1] INFO LabMPP.repository.databases.DBUtils - Connection opened successfully.
2025-03-19 21:22:31,524 [1] INFO LabMPP.repository.databases.ReservationRepository - Finding Reservation
2025-03-19 21:22:31,524 [1] INFO LabMPP.repository.databases.DBUtils - Connection opened successfully.
2025-03-19 21:22:31,524 [1] INFO LabMPP.repository.databases.TripRepoRepository - Finding Trip
2025-03-19 21:22:31,525 [1] INFO LabMPP.repository.databases.DBUtils - Connection opened successfully.
2025-03-19 21:22:31,525 [1] INFO LabMPP.repository.databases.ReservationRepository - Finding Reservation
2025-03-19 21:22:31,525 [1] INFO LabMPP.repository.databases.DBUtils - Connection opened successfully.
2025-03-19 21:22:31,526 [1] INFO LabMPP.repository.databases.TripRepoRepository - Finding Trip
2025-03-19 21:22:31,526 [1] INFO LabMPP.repository.databases.DBUtils - Connection opened successfully.
2025-03-19 21:22:31,527 [1] INFO LabMPP.repository.databases.ReservationRepository - Finding Reservation
2025-03-19 21:22:31,527 [1] INFO LabMPP.repository.databases.DBUtils - Connection opened successfully.
2025-03-19 21:22:31,528 [1] INFO LabMPP.repository.databases.TripRepoRepository - Finding Trip
2025-03-19 21:22:31,528 [1] INFO LabMPP.repository.databases.DBUtils - Connection opened successfully.
2025-03-19 21:22:31,529 [1] INFO LabMPP.repository.databases.ReservationRepository - Finding all Reservations
2025-03-19 21:22:31,529 [1] INFO LabMPP.repository.databases.DBUtils - Connection opened successfully.
2025-03-19 21:22:31,529 [1] INFO LabMPP.repository.databases.ReservationRepository - Finding Reservation
2025-03-19 21:22:31,530 [1] INFO LabMPP.repository.databases.DBUtils - Connection opened successfully.
2025-03-19 21:22:31,530 [1] INFO LabMPP.repository.databases.TripRepoRepository - Finding Trip
2025-03-19 21:22:31,530 [1] INFO LabMPP.repository.databases.DBUtils - Connection opened successfully.
2025-03-19 21:22:31,531 [1] INFO LabMPP.repository.databases.ReservationRepository - Finding Reservation
2025-03-19 21:22:31,531 [1] INFO LabMPP.repository.databases.DBUtils - Connection opened successfully.
2025-03-19 21:22:31,531 [1] INFO LabMPP.repository.databases.TripRepoRepository - Finding Trip
2025-03-19 21:22:31,532 [1] INFO LabMPP.repository.databases.DBUtils - Connection opened successfully.
2025-03-19 21:22:31,532 [1] INFO LabMPP.repository.databases.ReservationRepository - Finding Reservation
2025-03-19 21:22:31,532 [1] INFO LabMPP.repository.databases.DBUtils - Connection opened successfully.
2025-03-19 21:22:31,533 [1] INFO LabMPP.repository.databases.TripRepoRepository - Finding Trip
2025-03-19 21:22:31,533 [1] INFO LabMPP.repository.databases.DBUtils - Connection opened successfully.
2025-03-19 21:22:31,533 [1] INFO LabMPP.repository.databases.ReservationRepository - Finding Reservation
2025-03-19 21:22:31,534 [1] INFO LabMPP.repository.databases.DBUtils - Connection opened successfully.
2025-03-19 21:22:31,534 [1] INFO LabMPP.repository.databases.TripRepoRepository - Finding Trip
2025-03-19 21:22:31,534 [1] INFO LabMPP.repository.databases.DBUtils - Connection opened successfully.
2025-03-19 21:22:31,535 [1] INFO LabMPP.repository.databases.ReservationRepository - Finding Reservation
2025-03-19 21:22:31,535 [1] INFO LabMPP.repository.databases.DBUtils - Connection opened successfully.
2025-03-19 21:22:31,535 [1] INFO LabMPP.repository.databases.TripRepoRepository - Finding Trip
2025-03-19 21:22:31,535 [1] INFO LabMPP.repository.databases.DBUtils - Connection opened successfully.
2025-03-19 21:22:31,536 [1] INFO LabMPP.repository.databases.ReservationRepository - Finding Reservation
2025-03-19 21:22:31,536 [1] INFO LabMPP.repository.databases.DBUtils - Connection opened successfully.
2025-03-19 21:22:31,536 [1] INFO LabMPP.repository.databases.TripRepoRepository - Finding Trip
2025-03-19 21:22:31,537 [1] INFO LabMPP.repository.databases.DBUtils - Connection opened successfully.
2025-03-19 21:22:31,537 [1] INFO LabMPP.repository.databases.ReservationRepository - Finding Reservation
2025-03-19 21:22:31,537 [1] INFO LabMPP.repository.databases.DBUtils - Connection opened successfully.
2025-03-19 21:22:31,538 [1] INFO LabMPP.repository.databases.TripRepoRepository - Finding Trip
2025-03-19 21:22:31,538 [1] INFO LabMPP.repository.databases.DBUtils - Connection opened successfully.
2025-03-19 21:22:31,538 [1] INFO LabMPP.repository.databases.ReservationRepository - Finding Reservation
2025-03-19 21:22:31,539 [1] INFO LabMPP.repository.databases.DBUtils - Connection opened successfully.
2025-03-19 21:22:31,539 [1] INFO LabMPP.repository.databases.TripRepoRepository - Finding Trip
2025-03-19 21:22:31,539 [1] INFO LabMPP.repository.databases.DBUtils - Connection opened successfully.
2025-03-19 21:22:31,539 [1] INFO LabMPP.repository.databases.ReservationRepository - Finding Reservation
2025-03-19 21:22:31,540 [1] INFO LabMPP.repository.databases.DBUtils - Connection opened successfully.
2025-03-19 21:22:31,540 [1] INFO LabMPP.repository.databases.TripRepoRepository - Finding Trip
2025-03-19 21:22:31,540 [1] INFO LabMPP.repository.databases.DBUtils - Connection opened successfully.
2025-03-19 21:22:31,541 [1] INFO LabMPP.repository.databases.ReservationRepository - Finding Reservation
2025-03-19 21:22:31,541 [1] INFO LabMPP.repository.databases.DBUtils - Connection opened successfully.
2025-03-19 21:22:31,541 [1] INFO LabMPP.repository.databases.TripRepoRepository - Finding Trip
2025-03-19 21:22:31,542 [1] INFO LabMPP.repository.databases.DBUtils - Connection opened successfully.
2025-03-19 21:22:31,542 [1] INFO LabMPP.repository.databases.ReservationRepository - Finding Reservation
2025-03-19 21:22:31,542 [1] INFO LabMPP.repository.databases.DBUtils - Connection opened successfully.
2025-03-19 21:22:31,543 [1] INFO LabMPP.repository.databases.TripRepoRepository - Finding Trip
2025-03-19 21:22:31,543 [1] INFO LabMPP.repository.databases.DBUtils - Connection opened successfully.
2025-03-19 21:22:31,543 [1] INFO LabMPP.repository.databases.ReservationRepository - Finding Reservation
2025-03-19 21:22:31,544 [1] INFO LabMPP.repository.databases.DBUtils - Connection opened successfully.
2025-03-19 21:22:31,544 [1] INFO LabMPP.repository.databases.TripRepoRepository - Finding Trip
2025-03-19 21:22:31,544 [1] INFO LabMPP.repository.databases.DBUtils - Connection opened successfully.
2025-03-19 21:22:31,544 [1] INFO LabMPP.repository.databases.ReservationRepository - Finding Reservation
2025-03-19 21:22:31,545 [1] INFO LabMPP.repository.databases.DBUtils - Connection opened successfully.
2025-03-19 21:22:31,545 [1] INFO LabMPP.repository.databases.TripRepoRepository - Finding Trip
2025-03-19 21:22:31,545 [1] INFO LabMPP.repository.databases.DBUtils - Connection opened successfully.
2025-03-19 21:22:31,546 [1] INFO LabMPP.repository.databases.ReservationRepository - Finding Reservation
2025-03-19 21:22:31,546 [1] INFO LabMPP.repository.databases.DBUtils - Connection opened successfully.
2025-03-19 21:22:31,546 [1] INFO LabMPP.repository.databases.TripRepoRepository - Finding Trip
2025-03-19 21:22:31,547 [1] INFO LabMPP.repository.databases.DBUtils - Connection opened successfully.
2025-03-19 21:22:31,547 [1] INFO LabMPP.repository.databases.ReservationRepository - Finding Reservation
2025-03-19 21:22:31,548 [1] INFO LabMPP.repository.databases.DBUtils - Connection opened successfully.
2025-03-19 21:22:31,548 [1] INFO LabMPP.repository.databases.TripRepoRepository - Finding Trip
2025-03-19 21:22:31,548 [1] INFO LabMPP.repository.databases.DBUtils - Connection opened successfully.
2025-03-19 21:22:31,549 [1] INFO LabMPP.repository.databases.ReservationRepository - Finding Reservation
2025-03-19 21:22:31,549 [1] INFO LabMPP.repository.databases.DBUtils - Connection opened successfully.
2025-03-19 21:22:31,549 [1] INFO LabMPP.repository.databases.TripRepoRepository - Finding Trip
2025-03-19 21:22:31,550 [1] INFO LabMPP.repository.databases.DBUtils - Connection opened successfully.
2025-03-19 21:22:31,552 [1] INFO LabMPP.repository.databases.ReservationRepository - Saving Reservation
2025-03-19 21:22:31,552 [1] INFO LabMPP.repository.databases.DBUtils - Connection opened successfully.
2025-03-19 21:22:31,555 [1] INFO LabMPP.repository.databases.ReservationRepository - Finding all Reservations
2025-03-19 21:22:31,557 [1] INFO LabMPP.repository.databases.DBUtils - Connection opened successfully.
2025-03-19 21:22:31,557 [1] INFO LabMPP.repository.databases.ReservationRepository - Finding Reservation
2025-03-19 21:22:31,558 [1] INFO LabMPP.repository.databases.DBUtils - Connection opened successfully.
2025-03-19 21:22:31,558 [1] INFO LabMPP.repository.databases.TripRepoRepository - Finding Trip
2025-03-19 21:22:31,559 [1] INFO LabMPP.repository.databases.DBUtils - Connection opened successfully.
2025-03-19 21:22:31,559 [1] INFO LabMPP.repository.databases.ReservationRepository - Finding Reservation
2025-03-19 21:22:31,559 [1] INFO LabMPP.repository.databases.DBUtils - Connection opened successfully.
2025-03-19 21:22:31,559 [1] INFO LabMPP.repository.databases.TripRepoRepository - Finding Trip
2025-03-19 21:22:31,560 [1] INFO LabMPP.repository.databases.DBUtils - Connection opened successfully.
2025-03-19 21:22:31,560 [1] INFO LabMPP.repository.databases.ReservationRepository - Finding Reservation
2025-03-19 21:22:31,560 [1] INFO LabMPP.repository.databases.DBUtils - Connection opened successfully.
2025-03-19 21:22:31,561 [1] INFO LabMPP.repository.databases.TripRepoRepository - Finding Trip
2025-03-19 21:22:31,561 [1] INFO LabMPP.repository.databases.DBUtils - Connection opened successfully.
2025-03-19 21:22:31,561 [1] INFO LabMPP.repository.databases.ReservationRepository - Finding Reservation
2025-03-19 21:22:31,562 [1] INFO LabMPP.repository.databases.DBUtils - Connection opened successfully.
2025-03-19 21:22:31,562 [1] INFO LabMPP.repository.databases.TripRepoRepository - Finding Trip
2025-03-19 21:22:31,562 [1] INFO LabMPP.repository.databases.DBUtils - Connection opened successfully.
2025-03-19 21:22:31,563 [1] INFO LabMPP.repository.databases.ReservationRepository - Finding Reservation
2025-03-19 21:22:31,563 [1] INFO LabMPP.repository.databases.DBUtils - Connection opened successfully.
2025-03-19 21:22:31,564 [1] INFO LabMPP.repository.databases.TripRepoRepository - Finding Trip
2025-03-19 21:22:31,564 [1] INFO LabMPP.repository.databases.DBUtils - Connection opened successfully.
2025-03-19 21:22:31,565 [1] INFO LabMPP.repository.databases.ReservationRepository - Finding Reservation
2025-03-19 21:22:31,565 [1] INFO LabMPP.repository.databases.DBUtils - Connection opened successfully.
2025-03-19 21:22:31,565 [1] INFO LabMPP.repository.databases.TripRepoRepository - Finding Trip
2025-03-19 21:22:31,566 [1] INFO LabMPP.repository.databases.DBUtils - Connection opened successfully.
2025-03-19 21:22:31,566 [1] INFO LabMPP.repository.databases.ReservationRepository - Finding Reservation
2025-03-19 21:22:31,566 [1] INFO LabMPP.repository.databases.DBUtils - Connection opened successfully.
2025-03-19 21:22:31,567 [1] INFO LabMPP.repository.databases.TripRepoRepository - Finding Trip
2025-03-19 21:22:31,567 [1] INFO LabMPP.repository.databases.DBUtils - Connection opened successfully.
2025-03-19 21:22:31,567 [1] INFO LabMPP.repository.databases.ReservationRepository - Finding Reservation
2025-03-19 21:22:31,568 [1] INFO LabMPP.repository.databases.DBUtils - Connection opened successfully.
2025-03-19 21:22:31,568 [1] INFO LabMPP.repository.databases.TripRepoRepository - Finding Trip
2025-03-19 21:22:31,569 [1] INFO LabMPP.repository.databases.DBUtils - Connection opened successfully.
2025-03-19 21:22:31,569 [1] INFO LabMPP.repository.databases.ReservationRepository - Finding Reservation
2025-03-19 21:22:31,569 [1] INFO LabMPP.repository.databases.DBUtils - Connection opened successfully.
2025-03-19 21:22:31,570 [1] INFO LabMPP.repository.databases.TripRepoRepository - Finding Trip
2025-03-19 21:22:31,570 [1] INFO LabMPP.repository.databases.DBUtils - Connection opened successfully.
2025-03-19 21:22:31,570 [1] INFO LabMPP.repository.databases.ReservationRepository - Finding Reservation
2025-03-19 21:22:31,571 [1] INFO LabMPP.repository.databases.DBUtils - Connection opened successfully.
2025-03-19 21:22:31,571 [1] INFO LabMPP.repository.databases.TripRepoRepository - Finding Trip
2025-03-19 21:22:31,571 [1] INFO LabMPP.repository.databases.DBUtils - Connection opened successfully.
2025-03-19 21:22:31,572 [1] INFO LabMPP.repository.databases.ReservationRepository - Finding Reservation
2025-03-19 21:22:31,572 [1] INFO LabMPP.repository.databases.DBUtils - Connection opened successfully.
2025-03-19 21:22:31,572 [1] INFO LabMPP.repository.databases.TripRepoRepository - Finding Trip
2025-03-19 21:22:31,572 [1] INFO LabMPP.repository.databases.DBUtils - Connection opened successfully.
2025-03-19 21:22:31,573 [1] INFO LabMPP.repository.databases.ReservationRepository - Finding Reservation
2025-03-19 21:22:31,573 [1] INFO LabMPP.repository.databases.DBUtils - Connection opened successfully.
2025-03-19 21:22:31,573 [1] INFO LabMPP.repository.databases.TripRepoRepository - Finding Trip
2025-03-19 21:22:31,574 [1] INFO LabMPP.repository.databases.DBUtils - Connection opened successfully.
2025-03-19 21:22:31,574 [1] INFO LabMPP.repository.databases.ReservationRepository - Finding Reservation
2025-03-19 21:22:31,574 [1] INFO LabMPP.repository.databases.DBUtils - Connection opened successfully.
2025-03-19 21:22:31,574 [1] INFO LabMPP.repository.databases.TripRepoRepository - Finding Trip
2025-03-19 21:22:31,575 [1] INFO LabMPP.repository.databases.DBUtils - Connection opened successfully.
2025-03-19 21:22:31,575 [1] INFO LabMPP.repository.databases.ReservationRepository - Finding Reservation
2025-03-19 21:22:31,575 [1] INFO LabMPP.repository.databases.DBUtils - Connection opened successfully.
2025-03-19 21:22:31,576 [1] INFO LabMPP.repository.databases.TripRepoRepository - Finding Trip
2025-03-19 21:22:31,576 [1] INFO LabMPP.repository.databases.DBUtils - Connection opened successfully.
2025-03-19 21:22:31,576 [1] INFO LabMPP.repository.databases.ReservationRepository - Finding Reservation
2025-03-19 21:22:31,577 [1] INFO LabMPP.repository.databases.DBUtils - Connection opened successfully.
2025-03-19 21:22:31,577 [1] INFO LabMPP.repository.databases.TripRepoRepository - Finding Trip
2025-03-19 21:22:31,577 [1] INFO LabMPP.repository.databases.DBUtils - Connection opened successfully.
2025-03-19 21:22:31,577 [1] INFO LabMPP.repository.databases.ReservationRepository - Finding Reservation
2025-03-19 21:22:31,578 [1] INFO LabMPP.repository.databases.DBUtils - Connection opened successfully.
2025-03-19 21:22:31,578 [1] INFO LabMPP.repository.databases.TripRepoRepository - Finding Trip
2025-03-19 21:22:31,578 [1] INFO LabMPP.repository.databases.DBUtils - Connection opened successfully.
2025-03-19 21:22:31,579 [1] INFO LabMPP.repository.databases.ReservationRepository - Finding Reservation
2025-03-19 21:22:31,579 [1] INFO LabMPP.repository.databases.DBUtils - Connection opened successfully.
2025-03-19 21:22:31,580 [1] INFO LabMPP.repository.databases.TripRepoRepository - Finding Trip
2025-03-19 21:22:31,580 [1] INFO LabMPP.repository.databases.DBUtils - Connection opened successfully.
2025-03-19 21:23:10,043 [1] INFO LabMPP.repository.databases.TripRepoRepository - Creating TripRepository
2025-03-19 21:23:10,055 [1] INFO LabMPP.repository.databases.ManagerRepository - Creating ManagerRepository
2025-03-19 21:23:10,055 [1] INFO LabMPP.repository.databases.ReservationRepository - Creating TripRepository
2025-03-19 21:23:10,055 [1] INFO LabMPP.repository.databases.TripRepoRepository - Creating TripRepository
2025-03-19 21:23:10,055 [1] INFO Program - Aplicația a pornit!
2025-03-19 21:23:10,111 [1] INFO LabMPP.repository.databases.DBUtils - Connection opened successfully.
2025-03-19 21:23:10,115 [1] INFO Program - Test connection successful
2025-03-19 21:23:10,116 [1] INFO LabMPP.repository.databases.TripRepoRepository - Creating TripRepository
2025-03-19 21:23:10,117 [1] INFO LabMPP.repository.databases.TripRepoRepository - Finding all Trips
2025-03-19 21:23:10,117 [1] INFO LabMPP.repository.databases.DBUtils - Connection opened successfully.
2025-03-19 21:23:10,132 [1] INFO LabMPP.repository.databases.TripRepoRepository - Finding all Trips
2025-03-19 21:23:10,132 [1] INFO LabMPP.repository.databases.DBUtils - Connection opened successfully.
2025-03-19 21:23:10,136 [1] INFO LabMPP.repository.databases.TripRepoRepository - Saving Trip
2025-03-19 21:23:10,137 [1] INFO LabMPP.repository.databases.DBUtils - Connection opened successfully.
2025-03-19 21:23:10,145 [1] INFO LabMPP.repository.databases.TripRepoRepository - Finding all Trips
2025-03-19 21:23:10,147 [1] INFO LabMPP.repository.databases.DBUtils - Connection opened successfully.
2025-03-19 21:23:10,149 [1] INFO LabMPP.repository.databases.ManagerRepository - Creating ManagerRepository
2025-03-19 21:23:10,150 [1] INFO LabMPP.repository.databases.ManagerRepository - Finding all Managers
2025-03-19 21:23:10,150 [1] INFO LabMPP.repository.databases.DBUtils - Connection opened successfully.
2025-03-19 21:23:10,151 [1] INFO LabMPP.repository.databases.ManagerRepository - Finding all Managers
2025-03-19 21:23:10,152 [1] INFO LabMPP.repository.databases.DBUtils - Connection opened successfully.
2025-03-19 21:23:10,153 [1] INFO LabMPP.repository.databases.ManagerRepository - Saving Manager
2025-03-19 21:23:10,154 [1] INFO LabMPP.repository.databases.DBUtils - Connection opened successfully.
2025-03-19 21:23:10,157 [1] INFO LabMPP.repository.databases.ManagerRepository - Finding all Managers
2025-03-19 21:23:10,159 [1] INFO LabMPP.repository.databases.DBUtils - Connection opened successfully.
2025-03-19 21:23:10,162 [1] INFO LabMPP.repository.databases.ReservationRepository - Creating TripRepository
2025-03-19 21:23:10,163 [1] INFO LabMPP.repository.databases.TripRepoRepository - Creating TripRepository
2025-03-19 21:23:10,163 [1] INFO LabMPP.repository.databases.ReservationRepository - Finding all Reservations
2025-03-19 21:23:10,164 [1] INFO LabMPP.repository.databases.DBUtils - Connection opened successfully.
2025-03-19 21:23:10,164 [1] INFO LabMPP.repository.databases.ReservationRepository - Finding Reservation
2025-03-19 21:23:10,165 [1] INFO LabMPP.repository.databases.DBUtils - Connection opened successfully.
2025-03-19 21:23:10,166 [1] INFO LabMPP.repository.databases.TripRepoRepository - Finding Trip
2025-03-19 21:23:10,166 [1] INFO LabMPP.repository.databases.DBUtils - Connection opened successfully.
2025-03-19 21:23:10,168 [1] INFO LabMPP.repository.databases.ReservationRepository - Finding Reservation
2025-03-19 21:23:10,168 [1] INFO LabMPP.repository.databases.DBUtils - Connection opened successfully.
2025-03-19 21:23:10,168 [1] INFO LabMPP.repository.databases.TripRepoRepository - Finding Trip
2025-03-19 21:23:10,169 [1] INFO LabMPP.repository.databases.DBUtils - Connection opened successfully.
2025-03-19 21:23:10,169 [1] INFO LabMPP.repository.databases.ReservationRepository - Finding Reservation
2025-03-19 21:23:10,169 [1] INFO LabMPP.repository.databases.DBUtils - Connection opened successfully.
2025-03-19 21:23:10,169 [1] INFO LabMPP.repository.databases.TripRepoRepository - Finding Trip
2025-03-19 21:23:10,170 [1] INFO LabMPP.repository.databases.DBUtils - Connection opened successfully.
2025-03-19 21:23:10,170 [1] INFO LabMPP.repository.databases.ReservationRepository - Finding Reservation
2025-03-19 21:23:10,171 [1] INFO LabMPP.repository.databases.DBUtils - Connection opened successfully.
2025-03-19 21:23:10,171 [1] INFO LabMPP.repository.databases.TripRepoRepository - Finding Trip
2025-03-19 21:23:10,171 [1] INFO LabMPP.repository.databases.DBUtils - Connection opened successfully.
2025-03-19 21:23:10,172 [1] INFO LabMPP.repository.databases.ReservationRepository - Finding Reservation
2025-03-19 21:23:10,172 [1] INFO LabMPP.repository.databases.DBUtils - Connection opened successfully.
2025-03-19 21:23:10,173 [1] INFO LabMPP.repository.databases.TripRepoRepository - Finding Trip
2025-03-19 21:23:10,174 [1] INFO LabMPP.repository.databases.DBUtils - Connection opened successfully.
2025-03-19 21:23:10,174 [1] INFO LabMPP.repository.databases.ReservationRepository - Finding Reservation
2025-03-19 21:23:10,175 [1] INFO LabMPP.repository.databases.DBUtils - Connection opened successfully.
2025-03-19 21:23:10,175 [1] INFO LabMPP.repository.databases.TripRepoRepository - Finding Trip
2025-03-19 21:23:10,176 [1] INFO LabMPP.repository.databases.DBUtils - Connection opened successfully.
2025-03-19 21:23:10,176 [1] INFO LabMPP.repository.databases.ReservationRepository - Finding Reservation
2025-03-19 21:23:10,177 [1] INFO LabMPP.repository.databases.DBUtils - Connection opened successfully.
2025-03-19 21:23:10,177 [1] INFO LabMPP.repository.databases.TripRepoRepository - Finding Trip
2025-03-19 21:23:10,178 [1] INFO LabMPP.repository.databases.DBUtils - Connection opened successfully.
2025-03-19 21:23:10,178 [1] INFO LabMPP.repository.databases.ReservationRepository - Finding Reservation
2025-03-19 21:23:10,178 [1] INFO LabMPP.repository.databases.DBUtils - Connection opened successfully.
2025-03-19 21:23:10,179 [1] INFO LabMPP.repository.databases.TripRepoRepository - Finding Trip
2025-03-19 21:23:10,179 [1] INFO LabMPP.repository.databases.DBUtils - Connection opened successfully.
2025-03-19 21:23:10,180 [1] INFO LabMPP.repository.databases.ReservationRepository - Finding Reservation
2025-03-19 21:23:10,180 [1] INFO LabMPP.repository.databases.DBUtils - Connection opened successfully.
2025-03-19 21:23:10,180 [1] INFO LabMPP.repository.databases.TripRepoRepository - Finding Trip
2025-03-19 21:23:10,181 [1] INFO LabMPP.repository.databases.DBUtils - Connection opened successfully.
2025-03-19 21:23:10,181 [1] INFO LabMPP.repository.databases.ReservationRepository - Finding Reservation
2025-03-19 21:23:10,181 [1] INFO LabMPP.repository.databases.DBUtils - Connection opened successfully.
2025-03-19 21:23:10,182 [1] INFO LabMPP.repository.databases.TripRepoRepository - Finding Trip
2025-03-19 21:23:10,182 [1] INFO LabMPP.repository.databases.DBUtils - Connection opened successfully.
2025-03-19 21:23:10,182 [1] INFO LabMPP.repository.databases.ReservationRepository - Finding Reservation
2025-03-19 21:23:10,183 [1] INFO LabMPP.repository.databases.DBUtils - Connection opened successfully.
2025-03-19 21:23:10,183 [1] INFO LabMPP.repository.databases.TripRepoRepository - Finding Trip
2025-03-19 21:23:10,184 [1] INFO LabMPP.repository.databases.DBUtils - Connection opened successfully.
2025-03-19 21:23:10,184 [1] INFO LabMPP.repository.databases.ReservationRepository - Finding Reservation
2025-03-19 21:23:10,185 [1] INFO LabMPP.repository.databases.DBUtils - Connection opened successfully.
2025-03-19 21:23:10,185 [1] INFO LabMPP.repository.databases.TripRepoRepository - Finding Trip
2025-03-19 21:23:10,185 [1] INFO LabMPP.repository.databases.DBUtils - Connection opened successfully.
2025-03-19 21:23:10,186 [1] INFO LabMPP.repository.databases.ReservationRepository - Finding Reservation
2025-03-19 21:23:10,186 [1] INFO LabMPP.repository.databases.DBUtils - Connection opened successfully.
2025-03-19 21:23:10,187 [1] INFO LabMPP.repository.databases.TripRepoRepository - Finding Trip
2025-03-19 21:23:10,188 [1] INFO LabMPP.repository.databases.DBUtils - Connection opened successfully.
2025-03-19 21:23:10,188 [1] INFO LabMPP.repository.databases.ReservationRepository - Finding Reservation
2025-03-19 21:23:10,189 [1] INFO LabMPP.repository.databases.DBUtils - Connection opened successfully.
2025-03-19 21:23:10,189 [1] INFO LabMPP.repository.databases.TripRepoRepository - Finding Trip
2025-03-19 21:23:10,190 [1] INFO LabMPP.repository.databases.DBUtils - Connection opened successfully.
2025-03-19 21:23:10,190 [1] INFO LabMPP.repository.databases.ReservationRepository - Finding Reservation
2025-03-19 21:23:10,191 [1] INFO LabMPP.repository.databases.DBUtils - Connection opened successfully.
2025-03-19 21:23:10,191 [1] INFO LabMPP.repository.databases.TripRepoRepository - Finding Trip
2025-03-19 21:23:10,192 [1] INFO LabMPP.repository.databases.DBUtils - Connection opened successfully.
2025-03-19 21:23:10,192 [1] INFO LabMPP.repository.databases.ReservationRepository - Finding Reservation
2025-03-19 21:23:10,192 [1] INFO LabMPP.repository.databases.DBUtils - Connection opened successfully.
2025-03-19 21:23:10,193 [1] INFO LabMPP.repository.databases.TripRepoRepository - Finding Trip
2025-03-19 21:23:10,193 [1] INFO LabMPP.repository.databases.DBUtils - Connection opened successfully.
2025-03-19 21:23:10,194 [1] INFO LabMPP.repository.databases.ReservationRepository - Finding Reservation
2025-03-19 21:23:10,194 [1] INFO LabMPP.repository.databases.DBUtils - Connection opened successfully.
2025-03-19 21:23:10,194 [1] INFO LabMPP.repository.databases.TripRepoRepository - Finding Trip
2025-03-19 21:23:10,195 [1] INFO LabMPP.repository.databases.DBUtils - Connection opened successfully.
2025-03-19 21:23:10,195 [1] INFO LabMPP.repository.databases.ReservationRepository - Finding all Reservations
2025-03-19 21:23:10,195 [1] INFO LabMPP.repository.databases.DBUtils - Connection opened successfully.
2025-03-19 21:23:10,196 [1] INFO LabMPP.repository.databases.ReservationRepository - Finding Reservation
2025-03-19 21:23:10,196 [1] INFO LabMPP.repository.databases.DBUtils - Connection opened successfully.
2025-03-19 21:23:10,197 [1] INFO LabMPP.repository.databases.TripRepoRepository - Finding Trip
2025-03-19 21:23:10,197 [1] INFO LabMPP.repository.databases.DBUtils - Connection opened successfully.
2025-03-19 21:23:10,197 [1] INFO LabMPP.repository.databases.ReservationRepository - Finding Reservation
2025-03-19 21:23:10,198 [1] INFO LabMPP.repository.databases.DBUtils - Connection opened successfully.
2025-03-19 21:23:10,198 [1] INFO LabMPP.repository.databases.TripRepoRepository - Finding Trip
2025-03-19 21:23:10,199 [1] INFO LabMPP.repository.databases.DBUtils - Connection opened successfully.
2025-03-19 21:23:10,200 [1] INFO LabMPP.repository.databases.ReservationRepository - Finding Reservation
2025-03-19 21:23:10,200 [1] INFO LabMPP.repository.databases.DBUtils - Connection opened successfully.
2025-03-19 21:23:10,201 [1] INFO LabMPP.repository.databases.TripRepoRepository - Finding Trip
2025-03-19 21:23:10,201 [1] INFO LabMPP.repository.databases.DBUtils - Connection opened successfully.
2025-03-19 21:23:10,202 [1] INFO LabMPP.repository.databases.ReservationRepository - Finding Reservation
2025-03-19 21:23:10,202 [1] INFO LabMPP.repository.databases.DBUtils - Connection opened successfully.
2025-03-19 21:23:10,202 [1] INFO LabMPP.repository.databases.TripRepoRepository - Finding Trip
2025-03-19 21:23:10,203 [1] INFO LabMPP.repository.databases.DBUtils - Connection opened successfully.
2025-03-19 21:23:10,203 [1] INFO LabMPP.repository.databases.ReservationRepository - Finding Reservation
2025-03-19 21:23:10,204 [1] INFO LabMPP.repository.databases.DBUtils - Connection opened successfully.
2025-03-19 21:23:10,204 [1] INFO LabMPP.repository.databases.TripRepoRepository - Finding Trip
2025-03-19 21:23:10,204 [1] INFO LabMPP.repository.databases.DBUtils - Connection opened successfully.
2025-03-19 21:23:10,204 [1] INFO LabMPP.repository.databases.ReservationRepository - Finding Reservation
2025-03-19 21:23:10,205 [1] INFO LabMPP.repository.databases.DBUtils - Connection opened successfully.
2025-03-19 21:23:10,205 [1] INFO LabMPP.repository.databases.TripRepoRepository - Finding Trip
2025-03-19 21:23:10,205 [1] INFO LabMPP.repository.databases.DBUtils - Connection opened successfully.
2025-03-19 21:23:10,206 [1] INFO LabMPP.repository.databases.ReservationRepository - Finding Reservation
2025-03-19 21:23:10,206 [1] INFO LabMPP.repository.databases.DBUtils - Connection opened successfully.
2025-03-19 21:23:10,207 [1] INFO LabMPP.repository.databases.TripRepoRepository - Finding Trip
2025-03-19 21:23:10,207 [1] INFO LabMPP.repository.databases.DBUtils - Connection opened successfully.
2025-03-19 21:23:10,208 [1] INFO LabMPP.repository.databases.ReservationRepository - Finding Reservation
2025-03-19 21:23:10,208 [1] INFO LabMPP.repository.databases.DBUtils - Connection opened successfully.
2025-03-19 21:23:10,208 [1] INFO LabMPP.repository.databases.TripRepoRepository - Finding Trip
2025-03-19 21:23:10,209 [1] INFO LabMPP.repository.databases.DBUtils - Connection opened successfully.
2025-03-19 21:23:10,209 [1] INFO LabMPP.repository.databases.ReservationRepository - Finding Reservation
2025-03-19 21:23:10,210 [1] INFO LabMPP.repository.databases.DBUtils - Connection opened successfully.
2025-03-19 21:23:10,210 [1] INFO LabMPP.repository.databases.TripRepoRepository - Finding Trip
2025-03-19 21:23:10,210 [1] INFO LabMPP.repository.databases.DBUtils - Connection opened successfully.
2025-03-19 21:23:10,211 [1] INFO LabMPP.repository.databases.ReservationRepository - Finding Reservation
2025-03-19 21:23:10,211 [1] INFO LabMPP.repository.databases.DBUtils - Connection opened successfully.
2025-03-19 21:23:10,211 [1] INFO LabMPP.repository.databases.TripRepoRepository - Finding Trip
2025-03-19 21:23:10,212 [1] INFO LabMPP.repository.databases.DBUtils - Connection opened successfully.
2025-03-19 21:23:10,212 [1] INFO LabMPP.repository.databases.ReservationRepository - Finding Reservation
2025-03-19 21:23:10,212 [1] INFO LabMPP.repository.databases.DBUtils - Connection opened successfully.
2025-03-19 21:23:10,213 [1] INFO LabMPP.repository.databases.TripRepoRepository - Finding Trip
2025-03-19 21:23:10,213 [1] INFO LabMPP.repository.databases.DBUtils - Connection opened successfully.
2025-03-19 21:23:10,213 [1] INFO LabMPP.repository.databases.ReservationRepository - Finding Reservation
2025-03-19 21:23:10,214 [1] INFO LabMPP.repository.databases.DBUtils - Connection opened successfully.
2025-03-19 21:23:10,214 [1] INFO LabMPP.repository.databases.TripRepoRepository - Finding Trip
2025-03-19 21:23:10,214 [1] INFO LabMPP.repository.databases.DBUtils - Connection opened successfully.
2025-03-19 21:23:10,214 [1] INFO LabMPP.repository.databases.ReservationRepository - Finding Reservation
2025-03-19 21:23:10,215 [1] INFO LabMPP.repository.databases.DBUtils - Connection opened successfully.
2025-03-19 21:23:10,215 [1] INFO LabMPP.repository.databases.TripRepoRepository - Finding Trip
2025-03-19 21:23:10,215 [1] INFO LabMPP.repository.databases.DBUtils - Connection opened successfully.
2025-03-19 21:23:10,216 [1] INFO LabMPP.repository.databases.ReservationRepository - Finding Reservation
2025-03-19 21:23:10,216 [1] INFO LabMPP.repository.databases.DBUtils - Connection opened successfully.
2025-03-19 21:23:10,216 [1] INFO LabMPP.repository.databases.TripRepoRepository - Finding Trip
2025-03-19 21:23:10,216 [1] INFO LabMPP.repository.databases.DBUtils - Connection opened successfully.
2025-03-19 21:23:10,217 [1] INFO LabMPP.repository.databases.ReservationRepository - Finding Reservation
2025-03-19 21:23:10,217 [1] INFO LabMPP.repository.databases.DBUtils - Connection opened successfully.
2025-03-19 21:23:10,217 [1] INFO LabMPP.repository.databases.TripRepoRepository - Finding Trip
2025-03-19 21:23:10,218 [1] INFO LabMPP.repository.databases.DBUtils - Connection opened successfully.
2025-03-19 21:23:10,218 [1] INFO LabMPP.repository.databases.ReservationRepository - Finding Reservation
2025-03-19 21:23:10,219 [1] INFO LabMPP.repository.databases.DBUtils - Connection opened successfully.
2025-03-19 21:23:10,219 [1] INFO LabMPP.repository.databases.TripRepoRepository - Finding Trip
2025-03-19 21:23:10,219 [1] INFO LabMPP.repository.databases.DBUtils - Connection opened successfully.
2025-03-19 21:23:10,219 [1] INFO LabMPP.repository.databases.ReservationRepository - Finding Reservation
2025-03-19 21:23:10,220 [1] INFO LabMPP.repository.databases.DBUtils - Connection opened successfully.
2025-03-19 21:23:10,220 [1] INFO LabMPP.repository.databases.TripRepoRepository - Finding Trip
2025-03-19 21:23:10,220 [1] INFO LabMPP.repository.databases.DBUtils - Connection opened successfully.
2025-03-19 21:23:10,223 [1] INFO LabMPP.repository.databases.ReservationRepository - Saving Reservation
2025-03-19 21:23:10,223 [1] INFO LabMPP.repository.databases.DBUtils - Connection opened successfully.
2025-03-19 21:23:10,226 [1] INFO LabMPP.repository.databases.ReservationRepository - Finding all Reservations
2025-03-19 21:23:10,227 [1] INFO LabMPP.repository.databases.DBUtils - Connection opened successfully.
2025-03-19 21:23:10,228 [1] INFO LabMPP.repository.databases.ReservationRepository - Finding Reservation
2025-03-19 21:23:10,228 [1] INFO LabMPP.repository.databases.DBUtils - Connection opened successfully.
2025-03-19 21:23:10,229 [1] INFO LabMPP.repository.databases.TripRepoRepository - Finding Trip
2025-03-19 21:23:10,229 [1] INFO LabMPP.repository.databases.DBUtils - Connection opened successfully.
2025-03-19 21:23:10,229 [1] INFO LabMPP.repository.databases.ReservationRepository - Finding Reservation
2025-03-19 21:23:10,230 [1] INFO LabMPP.repository.databases.DBUtils - Connection opened successfully.
2025-03-19 21:23:10,230 [1] INFO LabMPP.repository.databases.TripRepoRepository - Finding Trip
2025-03-19 21:23:10,230 [1] INFO LabMPP.repository.databases.DBUtils - Connection opened successfully.
2025-03-19 21:23:10,231 [1] INFO LabMPP.repository.databases.ReservationRepository - Finding Reservation
2025-03-19 21:23:10,231 [1] INFO LabMPP.repository.databases.DBUtils - Connection opened successfully.
2025-03-19 21:23:10,231 [1] INFO LabMPP.repository.databases.TripRepoRepository - Finding Trip
2025-03-19 21:23:10,232 [1] INFO LabMPP.repository.databases.DBUtils - Connection opened successfully.
2025-03-19 21:23:10,232 [1] INFO LabMPP.repository.databases.ReservationRepository - Finding Reservation
2025-03-19 21:23:10,232 [1] INFO LabMPP.repository.databases.DBUtils - Connection opened successfully.
2025-03-19 21:23:10,233 [1] INFO LabMPP.repository.databases.TripRepoRepository - Finding Trip
2025-03-19 21:23:10,233 [1] INFO LabMPP.repository.databases.DBUtils - Connection opened successfully.
2025-03-19 21:23:10,233 [1] INFO LabMPP.repository.databases.ReservationRepository - Finding Reservation
2025-03-19 21:23:10,234 [1] INFO LabMPP.repository.databases.DBUtils - Connection opened successfully.
2025-03-19 21:23:10,234 [1] INFO LabMPP.repository.databases.TripRepoRepository - Finding Trip
2025-03-19 21:23:10,234 [1] INFO LabMPP.repository.databases.DBUtils - Connection opened successfully.
2025-03-19 21:23:10,235 [1] INFO LabMPP.repository.databases.ReservationRepository - Finding Reservation
2025-03-19 21:23:10,235 [1] INFO LabMPP.repository.databases.DBUtils - Connection opened successfully.
2025-03-19 21:23:10,235 [1] INFO LabMPP.repository.databases.TripRepoRepository - Finding Trip
2025-03-19 21:23:10,236 [1] INFO LabMPP.repository.databases.DBUtils - Connection opened successfully.
2025-03-19 21:23:10,236 [1] INFO LabMPP.repository.databases.ReservationRepository - Finding Reservation
2025-03-19 21:23:10,237 [1] INFO LabMPP.repository.databases.DBUtils - Connection opened successfully.
2025-03-19 21:23:10,237 [1] INFO LabMPP.repository.databases.TripRepoRepository - Finding Trip
2025-03-19 21:23:10,237 [1] INFO LabMPP.repository.databases.DBUtils - Connection opened successfully.
2025-03-19 21:23:10,238 [1] INFO LabMPP.repository.databases.ReservationRepository - Finding Reservation
2025-03-19 21:23:10,238 [1] INFO LabMPP.repository.databases.DBUtils - Connection opened successfully.
2025-03-19 21:23:10,238 [1] INFO LabMPP.repository.databases.TripRepoRepository - Finding Trip
2025-03-19 21:23:10,239 [1] INFO LabMPP.repository.databases.DBUtils - Connection opened successfully.
2025-03-19 21:23:10,239 [1] INFO LabMPP.repository.databases.ReservationRepository - Finding Reservation
2025-03-19 21:23:10,239 [1] INFO LabMPP.repository.databases.DBUtils - Connection opened successfully.
2025-03-19 21:23:10,240 [1] INFO LabMPP.repository.databases.TripRepoRepository - Finding Trip
2025-03-19 21:23:10,240 [1] INFO LabMPP.repository.databases.DBUtils - Connection opened successfully.
2025-03-19 21:23:10,240 [1] INFO LabMPP.repository.databases.ReservationRepository - Finding Reservation
2025-03-19 21:23:10,241 [1] INFO LabMPP.repository.databases.DBUtils - Connection opened successfully.
2025-03-19 21:23:10,241 [1] INFO LabMPP.repository.databases.TripRepoRepository - Finding Trip
2025-03-19 21:23:10,241 [1] INFO LabMPP.repository.databases.DBUtils - Connection opened successfully.
2025-03-19 21:23:10,242 [1] INFO LabMPP.repository.databases.ReservationRepository - Finding Reservation
2025-03-19 21:23:10,242 [1] INFO LabMPP.repository.databases.DBUtils - Connection opened successfully.
2025-03-19 21:23:10,242 [1] INFO LabMPP.repository.databases.TripRepoRepository - Finding Trip
2025-03-19 21:23:10,243 [1] INFO LabMPP.repository.databases.DBUtils - Connection opened successfully.
2025-03-19 21:23:10,243 [1] INFO LabMPP.repository.databases.ReservationRepository - Finding Reservation
2025-03-19 21:23:10,243 [1] INFO LabMPP.repository.databases.DBUtils - Connection opened successfully.
2025-03-19 21:23:10,244 [1] INFO LabMPP.repository.databases.TripRepoRepository - Finding Trip
2025-03-19 21:23:10,244 [1] INFO LabMPP.repository.databases.DBUtils - Connection opened successfully.
2025-03-19 21:23:10,244 [1] INFO LabMPP.repository.databases.ReservationRepository - Finding Reservation
2025-03-19 21:23:10,245 [1] INFO LabMPP.repository.databases.DBUtils - Connection opened successfully.
2025-03-19 21:23:10,245 [1] INFO LabMPP.repository.databases.TripRepoRepository - Finding Trip
2025-03-19 21:23:10,245 [1] INFO LabMPP.repository.databases.DBUtils - Connection opened successfully.
2025-03-19 21:23:10,245 [1] INFO LabMPP.repository.databases.ReservationRepository - Finding Reservation
2025-03-19 21:23:10,246 [1] INFO LabMPP.repository.databases.DBUtils - Connection opened successfully.
2025-03-19 21:23:10,246 [1] INFO LabMPP.repository.databases.TripRepoRepository - Finding Trip
2025-03-19 21:23:10,246 [1] INFO LabMPP.repository.databases.DBUtils - Connection opened successfully.
2025-03-19 21:23:10,247 [1] INFO LabMPP.repository.databases.ReservationRepository - Finding Reservation
2025-03-19 21:23:10,247 [1] INFO LabMPP.repository.databases.DBUtils - Connection opened successfully.
2025-03-19 21:23:10,247 [1] INFO LabMPP.repository.databases.TripRepoRepository - Finding Trip
2025-03-19 21:23:10,247 [1] INFO LabMPP.repository.databases.DBUtils - Connection opened successfully.
2025-03-19 21:23:10,248 [1] INFO LabMPP.repository.databases.ReservationRepository - Finding Reservation
2025-03-19 21:23:10,248 [1] INFO LabMPP.repository.databases.DBUtils - Connection opened successfully.
2025-03-19 21:23:10,248 [1] INFO LabMPP.repository.databases.TripRepoRepository - Finding Trip
2025-03-19 21:23:10,249 [1] INFO LabMPP.repository.databases.DBUtils - Connection opened successfully.
2025-03-19 21:23:10,249 [1] INFO LabMPP.repository.databases.ReservationRepository - Finding Reservation
2025-03-19 21:23:10,249 [1] INFO LabMPP.repository.databases.DBUtils - Connection opened successfully.
2025-03-19 21:23:10,250 [1] INFO LabMPP.repository.databases.TripRepoRepository - Finding Trip
2025-03-19 21:23:10,250 [1] INFO LabMPP.repository.databases.DBUtils - Connection opened successfully.
2025-03-19 21:23:10,250 [1] INFO LabMPP.repository.databases.ReservationRepository - Finding Reservation
2025-03-19 21:23:10,251 [1] INFO LabMPP.repository.databases.DBUtils - Connection opened successfully.
2025-03-19 21:23:10,251 [1] INFO LabMPP.repository.databases.TripRepoRepository - Finding Trip
2025-03-19 21:23:10,252 [1] INFO LabMPP.repository.databases.DBUtils - Connection opened successfully.
2025-03-19 21:27:09,221 [1] INFO LabMPP.repository.databases.TripRepoRepository - Creating TripRepository
2025-03-19 21:27:09,236 [1] INFO LabMPP.repository.databases.ManagerRepository - Creating ManagerRepository
2025-03-19 21:27:09,237 [1] INFO LabMPP.repository.databases.ReservationRepository - Creating TripRepository
2025-03-19 21:27:09,237 [1] INFO LabMPP.repository.databases.TripRepoRepository - Creating TripRepository
2025-03-19 21:27:09,238 [1] INFO Program - Aplicația a pornit!
2025-03-19 21:27:09,321 [1] INFO LabMPP.repository.databases.DBUtils - Connection opened successfully.
2025-03-19 21:27:09,327 [1] INFO Program - Test connection successful
2025-03-19 21:27:09,329 [1] INFO LabMPP.repository.databases.TripRepoRepository - Creating TripRepository
2025-03-19 21:27:09,330 [1] INFO LabMPP.repository.databases.TripRepoRepository - Finding all Trips
2025-03-19 21:27:09,331 [1] INFO LabMPP.repository.databases.DBUtils - Connection opened successfully.
2025-03-19 21:27:09,349 [1] INFO LabMPP.repository.databases.TripRepoRepository - Finding all Trips
2025-03-19 21:27:09,350 [1] INFO LabMPP.repository.databases.DBUtils - Connection opened successfully.
2025-03-19 21:27:09,356 [1] INFO LabMPP.repository.databases.TripRepoRepository - Saving Trip
2025-03-19 21:27:09,357 [1] INFO LabMPP.repository.databases.DBUtils - Connection opened successfully.
2025-03-19 21:27:09,369 [1] INFO LabMPP.repository.databases.TripRepoRepository - Finding all Trips
2025-03-19 21:27:09,372 [1] INFO LabMPP.repository.databases.DBUtils - Connection opened successfully.
2025-03-19 21:27:09,376 [1] INFO LabMPP.repository.databases.ManagerRepository - Creating ManagerRepository
2025-03-19 21:27:09,377 [1] INFO LabMPP.repository.databases.ManagerRepository - Finding all Managers
2025-03-19 21:27:09,377 [1] INFO LabMPP.repository.databases.DBUtils - Connection opened successfully.
2025-03-19 21:27:09,379 [1] INFO LabMPP.repository.databases.ManagerRepository - Finding all Managers
2025-03-19 21:27:09,380 [1] INFO LabMPP.repository.databases.DBUtils - Connection opened successfully.
2025-03-19 21:27:09,383 [1] INFO LabMPP.repository.databases.ManagerRepository - Saving Manager
2025-03-19 21:27:09,384 [1] INFO LabMPP.repository.databases.DBUtils - Connection opened successfully.
2025-03-19 21:27:09,387 [1] INFO LabMPP.repository.databases.ManagerRepository - Finding all Managers
2025-03-19 21:27:09,389 [1] INFO LabMPP.repository.databases.DBUtils - Connection opened successfully.
2025-03-19 21:27:09,392 [1] INFO LabMPP.repository.databases.ReservationRepository - Creating TripRepository
2025-03-19 21:27:09,392 [1] INFO LabMPP.repository.databases.TripRepoRepository - Creating TripRepository
2025-03-19 21:27:09,393 [1] INFO LabMPP.repository.databases.ReservationRepository - Finding all Reservations
2025-03-19 21:27:09,394 [1] INFO LabMPP.repository.databases.DBUtils - Connection opened successfully.
2025-03-19 21:27:09,396 [1] INFO LabMPP.repository.databases.ReservationRepository - Finding Reservation
2025-03-19 21:27:09,397 [1] INFO LabMPP.repository.databases.DBUtils - Connection opened successfully.
2025-03-19 21:27:09,399 [1] INFO LabMPP.repository.databases.TripRepoRepository - Finding Trip
2025-03-19 21:27:09,400 [1] INFO LabMPP.repository.databases.DBUtils - Connection opened successfully.
2025-03-19 21:27:09,403 [1] INFO LabMPP.repository.databases.ReservationRepository - Finding Reservation
2025-03-19 21:27:09,405 [1] INFO LabMPP.repository.databases.DBUtils - Connection opened successfully.
2025-03-19 21:27:09,405 [1] INFO LabMPP.repository.databases.TripRepoRepository - Finding Trip
2025-03-19 21:27:09,406 [1] INFO LabMPP.repository.databases.DBUtils - Connection opened successfully.
2025-03-19 21:27:09,406 [1] INFO LabMPP.repository.databases.ReservationRepository - Finding Reservation
2025-03-19 21:27:09,407 [1] INFO LabMPP.repository.databases.DBUtils - Connection opened successfully.
2025-03-19 21:27:09,408 [1] INFO LabMPP.repository.databases.TripRepoRepository - Finding Trip
2025-03-19 21:27:09,409 [1] INFO LabMPP.repository.databases.DBUtils - Connection opened successfully.
2025-03-19 21:27:09,410 [1] INFO LabMPP.repository.databases.ReservationRepository - Finding Reservation
2025-03-19 21:27:09,410 [1] INFO LabMPP.repository.databases.DBUtils - Connection opened successfully.
2025-03-19 21:27:09,411 [1] INFO LabMPP.repository.databases.TripRepoRepository - Finding Trip
2025-03-19 21:27:09,412 [1] INFO LabMPP.repository.databases.DBUtils - Connection opened successfully.
2025-03-19 21:27:09,412 [1] INFO LabMPP.repository.databases.ReservationRepository - Finding Reservation
2025-03-19 21:27:09,412 [1] INFO LabMPP.repository.databases.DBUtils - Connection opened successfully.
2025-03-19 21:27:09,413 [1] INFO LabMPP.repository.databases.TripRepoRepository - Finding Trip
2025-03-19 21:27:09,414 [1] INFO LabMPP.repository.databases.DBUtils - Connection opened successfully.
2025-03-19 21:27:09,415 [1] INFO LabMPP.repository.databases.ReservationRepository - Finding Reservation
2025-03-19 21:27:09,416 [1] INFO LabMPP.repository.databases.DBUtils - Connection opened successfully.
2025-03-19 21:27:09,416 [1] INFO LabMPP.repository.databases.TripRepoRepository - Finding Trip
2025-03-19 21:27:09,417 [1] INFO LabMPP.repository.databases.DBUtils - Connection opened successfully.
2025-03-19 21:27:09,417 [1] INFO LabMPP.repository.databases.ReservationRepository - Finding Reservation
2025-03-19 21:27:09,418 [1] INFO LabMPP.repository.databases.DBUtils - Connection opened successfully.
2025-03-19 21:27:09,419 [1] INFO LabMPP.repository.databases.TripRepoRepository - Finding Trip
2025-03-19 21:27:09,420 [1] INFO LabMPP.repository.databases.DBUtils - Connection opened successfully.
2025-03-19 21:27:09,420 [1] INFO LabMPP.repository.databases.ReservationRepository - Finding Reservation
2025-03-19 21:27:09,421 [1] INFO LabMPP.repository.databases.DBUtils - Connection opened successfully.
2025-03-19 21:27:09,422 [1] INFO LabMPP.repository.databases.TripRepoRepository - Finding Trip
2025-03-19 21:27:09,423 [1] INFO LabMPP.repository.databases.DBUtils - Connection opened successfully.
2025-03-19 21:27:09,423 [1] INFO LabMPP.repository.databases.ReservationRepository - Finding Reservation
2025-03-19 21:27:09,424 [1] INFO LabMPP.repository.databases.DBUtils - Connection opened successfully.
2025-03-19 21:27:09,424 [1] INFO LabMPP.repository.databases.TripRepoRepository - Finding Trip
2025-03-19 21:27:09,425 [1] INFO LabMPP.repository.databases.DBUtils - Connection opened successfully.
2025-03-19 21:27:09,426 [1] INFO LabMPP.repository.databases.ReservationRepository - Finding Reservation
2025-03-19 21:27:09,427 [1] INFO LabMPP.repository.databases.DBUtils - Connection opened successfully.
2025-03-19 21:27:09,428 [1] INFO LabMPP.repository.databases.TripRepoRepository - Finding Trip
2025-03-19 21:27:09,429 [1] INFO LabMPP.repository.databases.DBUtils - Connection opened successfully.
2025-03-19 21:27:09,430 [1] INFO LabMPP.repository.databases.ReservationRepository - Finding Reservation
2025-03-19 21:27:09,430 [1] INFO LabMPP.repository.databases.DBUtils - Connection opened successfully.
2025-03-19 21:27:09,431 [1] INFO LabMPP.repository.databases.TripRepoRepository - Finding Trip
2025-03-19 21:27:09,431 [1] INFO LabMPP.repository.databases.DBUtils - Connection opened successfully.
2025-03-19 21:27:09,432 [1] INFO LabMPP.repository.databases.ReservationRepository - Finding Reservation
2025-03-19 21:27:09,433 [1] INFO LabMPP.repository.databases.DBUtils - Connection opened successfully.
2025-03-19 21:27:09,433 [1] INFO LabMPP.repository.databases.TripRepoRepository - Finding Trip
2025-03-19 21:27:09,434 [1] INFO LabMPP.repository.databases.DBUtils - Connection opened successfully.
2025-03-19 21:27:09,435 [1] INFO LabMPP.repository.databases.ReservationRepository - Finding Reservation
2025-03-19 21:27:09,435 [1] INFO LabMPP.repository.databases.DBUtils - Connection opened successfully.
2025-03-19 21:27:09,436 [1] INFO LabMPP.repository.databases.TripRepoRepository - Finding Trip
2025-03-19 21:27:09,437 [1] INFO LabMPP.repository.databases.DBUtils - Connection opened successfully.
2025-03-19 21:27:09,437 [1] INFO LabMPP.repository.databases.ReservationRepository - Finding Reservation
2025-03-19 21:27:09,438 [1] INFO LabMPP.repository.databases.DBUtils - Connection opened successfully.
2025-03-19 21:27:09,439 [1] INFO LabMPP.repository.databases.TripRepoRepository - Finding Trip
2025-03-19 21:27:09,440 [1] INFO LabMPP.repository.databases.DBUtils - Connection opened successfully.
2025-03-19 21:27:09,442 [1] INFO LabMPP.repository.databases.ReservationRepository - Finding Reservation
2025-03-19 21:27:09,443 [1] INFO LabMPP.repository.databases.DBUtils - Connection opened successfully.
2025-03-19 21:27:09,443 [1] INFO LabMPP.repository.databases.TripRepoRepository - Finding Trip
2025-03-19 21:27:09,444 [1] INFO LabMPP.repository.databases.DBUtils - Connection opened successfully.
2025-03-19 21:27:09,445 [1] INFO LabMPP.repository.databases.ReservationRepository - Finding Reservation
2025-03-19 21:27:09,446 [1] INFO LabMPP.repository.databases.DBUtils - Connection opened successfully.
2025-03-19 21:27:09,446 [1] INFO LabMPP.repository.databases.TripRepoRepository - Finding Trip
2025-03-19 21:27:09,447 [1] INFO LabMPP.repository.databases.DBUtils - Connection opened successfully.
2025-03-19 21:27:09,448 [1] INFO LabMPP.repository.databases.ReservationRepository - Finding Reservation
2025-03-19 21:27:09,449 [1] INFO LabMPP.repository.databases.DBUtils - Connection opened successfully.
2025-03-19 21:27:09,450 [1] INFO LabMPP.repository.databases.TripRepoRepository - Finding Trip
2025-03-19 21:27:09,450 [1] INFO LabMPP.repository.databases.DBUtils - Connection opened successfully.
2025-03-19 21:27:09,451 [1] INFO LabMPP.repository.databases.ReservationRepository - Finding Reservation
2025-03-19 21:27:09,452 [1] INFO LabMPP.repository.databases.DBUtils - Connection opened successfully.
2025-03-19 21:27:09,452 [1] INFO LabMPP.repository.databases.TripRepoRepository - Finding Trip
2025-03-19 21:27:09,453 [1] INFO LabMPP.repository.databases.DBUtils - Connection opened successfully.
2025-03-19 21:27:09,453 [1] INFO LabMPP.repository.databases.ReservationRepository - Finding all Reservations
2025-03-19 21:27:09,454 [1] INFO LabMPP.repository.databases.DBUtils - Connection opened successfully.
2025-03-19 21:27:09,455 [1] INFO LabMPP.repository.databases.ReservationRepository - Finding Reservation
2025-03-19 21:27:09,456 [1] INFO LabMPP.repository.databases.DBUtils - Connection opened successfully.
2025-03-19 21:27:09,457 [1] INFO LabMPP.repository.databases.TripRepoRepository - Finding Trip
2025-03-19 21:27:09,458 [1] INFO LabMPP.repository.databases.DBUtils - Connection opened successfully.
2025-03-19 21:27:09,459 [1] INFO LabMPP.repository.databases.ReservationRepository - Finding Reservation
2025-03-19 21:27:09,460 [1] INFO LabMPP.repository.databases.DBUtils - Connection opened successfully.
2025-03-19 21:27:09,460 [1] INFO LabMPP.repository.databases.TripRepoRepository - Finding Trip
2025-03-19 21:27:09,461 [1] INFO LabMPP.repository.databases.DBUtils - Connection opened successfully.
2025-03-19 21:27:09,462 [1] INFO LabMPP.repository.databases.ReservationRepository - Finding Reservation
2025-03-19 21:27:09,463 [1] INFO LabMPP.repository.databases.DBUtils - Connection opened successfully.
2025-03-19 21:27:09,464 [1] INFO LabMPP.repository.databases.TripRepoRepository - Finding Trip
2025-03-19 21:27:09,466 [1] INFO LabMPP.repository.databases.DBUtils - Connection opened successfully.
2025-03-19 21:27:09,467 [1] INFO LabMPP.repository.databases.ReservationRepository - Finding Reservation
2025-03-19 21:27:09,467 [1] INFO LabMPP.repository.databases.DBUtils - Connection opened successfully.
2025-03-19 21:27:09,468 [1] INFO LabMPP.repository.databases.TripRepoRepository - Finding Trip
2025-03-19 21:27:09,468 [1] INFO LabMPP.repository.databases.DBUtils - Connection opened successfully.
2025-03-19 21:27:09,469 [1] INFO LabMPP.repository.databases.ReservationRepository - Finding Reservation
2025-03-19 21:27:09,470 [1] INFO LabMPP.repository.databases.DBUtils - Connection opened successfully.
2025-03-19 21:27:09,471 [1] INFO LabMPP.repository.databases.TripRepoRepository - Finding Trip
2025-03-19 21:27:09,472 [1] INFO LabMPP.repository.databases.DBUtils - Connection opened successfully.
2025-03-19 21:27:09,472 [1] INFO LabMPP.repository.databases.ReservationRepository - Finding Reservation
2025-03-19 21:27:09,473 [1] INFO LabMPP.repository.databases.DBUtils - Connection opened successfully.
2025-03-19 21:27:09,473 [1] INFO LabMPP.repository.databases.TripRepoRepository - Finding Trip
2025-03-19 21:27:09,474 [1] INFO LabMPP.repository.databases.DBUtils - Connection opened successfully.
2025-03-19 21:27:09,475 [1] INFO LabMPP.repository.databases.ReservationRepository - Finding Reservation
2025-03-19 21:27:09,475 [1] INFO LabMPP.repository.databases.DBUtils - Connection opened successfully.
2025-03-19 21:27:09,476 [1] INFO LabMPP.repository.databases.TripRepoRepository - Finding Trip
2025-03-19 21:27:09,476 [1] INFO LabMPP.repository.databases.DBUtils - Connection opened successfully.
2025-03-19 21:27:09,477 [1] INFO LabMPP.repository.databases.ReservationRepository - Finding Reservation
2025-03-19 21:27:09,478 [1] INFO LabMPP.repository.databases.DBUtils - Connection opened successfully.
2025-03-19 21:27:09,478 [1] INFO LabMPP.repository.databases.TripRepoRepository - Finding Trip
2025-03-19 21:27:09,479 [1] INFO LabMPP.repository.databases.DBUtils - Connection opened successfully.
2025-03-19 21:27:09,479 [1] INFO LabMPP.repository.databases.ReservationRepository - Finding Reservation
2025-03-19 21:27:09,480 [1] INFO LabMPP.repository.databases.DBUtils - Connection opened successfully.
2025-03-19 21:27:09,481 [1] INFO LabMPP.repository.databases.TripRepoRepository - Finding Trip
2025-03-19 21:27:09,481 [1] INFO LabMPP.repository.databases.DBUtils - Connection opened successfully.
2025-03-19 21:27:09,482 [1] INFO LabMPP.repository.databases.ReservationRepository - Finding Reservation
2025-03-19 21:27:09,482 [1] INFO LabMPP.repository.databases.DBUtils - Connection opened successfully.
2025-03-19 21:27:09,483 [1] INFO LabMPP.repository.databases.TripRepoRepository - Finding Trip
2025-03-19 21:27:09,484 [1] INFO LabMPP.repository.databases.DBUtils - Connection opened successfully.
2025-03-19 21:27:09,484 [1] INFO LabMPP.repository.databases.ReservationRepository - Finding Reservation
2025-03-19 21:27:09,485 [1] INFO LabMPP.repository.databases.DBUtils - Connection opened successfully.
2025-03-19 21:27:09,485 [1] INFO LabMPP.repository.databases.TripRepoRepository - Finding Trip
2025-03-19 21:27:09,486 [1] INFO LabMPP.repository.databases.DBUtils - Connection opened successfully.
2025-03-19 21:27:09,486 [1] INFO LabMPP.repository.databases.ReservationRepository - Finding Reservation
2025-03-19 21:27:09,487 [1] INFO LabMPP.repository.databases.DBUtils - Connection opened successfully.
2025-03-19 21:27:09,487 [1] INFO LabMPP.repository.databases.TripRepoRepository - Finding Trip
2025-03-19 21:27:09,487 [1] INFO LabMPP.repository.databases.DBUtils - Connection opened successfully.
2025-03-19 21:27:09,488 [1] INFO LabMPP.repository.databases.ReservationRepository - Finding Reservation
2025-03-19 21:27:09,488 [1] INFO LabMPP.repository.databases.DBUtils - Connection opened successfully.
2025-03-19 21:27:09,489 [1] INFO LabMPP.repository.databases.TripRepoRepository - Finding Trip
2025-03-19 21:27:09,489 [1] INFO LabMPP.repository.databases.DBUtils - Connection opened successfully.
2025-03-19 21:27:09,490 [1] INFO LabMPP.repository.databases.ReservationRepository - Finding Reservation
2025-03-19 21:27:09,490 [1] INFO LabMPP.repository.databases.DBUtils - Connection opened successfully.
2025-03-19 21:27:09,490 [1] INFO LabMPP.repository.databases.TripRepoRepository - Finding Trip
2025-03-19 21:27:09,491 [1] INFO LabMPP.repository.databases.DBUtils - Connection opened successfully.
2025-03-19 21:27:09,492 [1] INFO LabMPP.repository.databases.ReservationRepository - Finding Reservation
2025-03-19 21:27:09,492 [1] INFO LabMPP.repository.databases.DBUtils - Connection opened successfully.
2025-03-19 21:27:09,493 [1] INFO LabMPP.repository.databases.TripRepoRepository - Finding Trip
2025-03-19 21:27:09,493 [1] INFO LabMPP.repository.databases.DBUtils - Connection opened successfully.
2025-03-19 21:27:09,494 [1] INFO LabMPP.repository.databases.ReservationRepository - Finding Reservation
2025-03-19 21:27:09,494 [1] INFO LabMPP.repository.databases.DBUtils - Connection opened successfully.
2025-03-19 21:27:09,495 [1] INFO LabMPP.repository.databases.TripRepoRepository - Finding Trip
2025-03-19 21:27:09,495 [1] INFO LabMPP.repository.databases.DBUtils - Connection opened successfully.
2025-03-19 21:27:09,496 [1] INFO LabMPP.repository.databases.ReservationRepository - Finding Reservation
2025-03-19 21:27:09,496 [1] INFO LabMPP.repository.databases.DBUtils - Connection opened successfully.
2025-03-19 21:27:09,497 [1] INFO LabMPP.repository.databases.TripRepoRepository - Finding Trip
2025-03-19 21:27:09,497 [1] INFO LabMPP.repository.databases.DBUtils - Connection opened successfully.
2025-03-19 21:27:09,498 [1] INFO LabMPP.repository.databases.ReservationRepository - Finding Reservation
2025-03-19 21:27:09,498 [1] INFO LabMPP.repository.databases.DBUtils - Connection opened successfully.
2025-03-19 21:27:09,499 [1] INFO LabMPP.repository.databases.TripRepoRepository - Finding Trip
2025-03-19 21:27:09,499 [1] INFO LabMPP.repository.databases.DBUtils - Connection opened successfully.
2025-03-19 21:27:09,503 [1] INFO LabMPP.repository.databases.ReservationRepository - Saving Reservation
2025-03-19 21:27:09,504 [1] INFO LabMPP.repository.databases.DBUtils - Connection opened successfully.
2025-03-19 21:27:09,508 [1] INFO LabMPP.repository.databases.ReservationRepository - Finding all Reservations
2025-03-19 21:27:09,511 [1] INFO LabMPP.repository.databases.DBUtils - Connection opened successfully.
2025-03-19 21:27:09,512 [1] INFO LabMPP.repository.databases.ReservationRepository - Finding Reservation
2025-03-19 21:27:09,513 [1] INFO LabMPP.repository.databases.DBUtils - Connection opened successfully.
2025-03-19 21:27:09,513 [1] INFO LabMPP.repository.databases.TripRepoRepository - Finding Trip
2025-03-19 21:27:09,514 [1] INFO LabMPP.repository.databases.DBUtils - Connection opened successfully.
2025-03-19 21:27:09,514 [1] INFO LabMPP.repository.databases.ReservationRepository - Finding Reservation
2025-03-19 21:27:09,515 [1] INFO LabMPP.repository.databases.DBUtils - Connection opened successfully.
2025-03-19 21:27:09,515 [1] INFO LabMPP.repository.databases.TripRepoRepository - Finding Trip
2025-03-19 21:27:09,515 [1] INFO LabMPP.repository.databases.DBUtils - Connection opened successfully.
2025-03-19 21:27:09,516 [1] INFO LabMPP.repository.databases.ReservationRepository - Finding Reservation
2025-03-19 21:27:09,517 [1] INFO LabMPP.repository.databases.DBUtils - Connection opened successfully.
2025-03-19 21:27:09,517 [1] INFO LabMPP.repository.databases.TripRepoRepository - Finding Trip
2025-03-19 21:27:09,518 [1] INFO LabMPP.repository.databases.DBUtils - Connection opened successfully.
2025-03-19 21:27:09,519 [1] INFO LabMPP.repository.databases.ReservationRepository - Finding Reservation
2025-03-19 21:27:09,519 [1] INFO LabMPP.repository.databases.DBUtils - Connection opened successfully.
2025-03-19 21:27:09,520 [1] INFO LabMPP.repository.databases.TripRepoRepository - Finding Trip
2025-03-19 21:27:09,520 [1] INFO LabMPP.repository.databases.DBUtils - Connection opened successfully.
2025-03-19 21:27:09,521 [1] INFO LabMPP.repository.databases.ReservationRepository - Finding Reservation
2025-03-19 21:27:09,521 [1] INFO LabMPP.repository.databases.DBUtils - Connection opened successfully.
2025-03-19 21:27:09,522 [1] INFO LabMPP.repository.databases.TripRepoRepository - Finding Trip
2025-03-19 21:27:09,522 [1] INFO LabMPP.repository.databases.DBUtils - Connection opened successfully.
2025-03-19 21:27:09,523 [1] INFO LabMPP.repository.databases.ReservationRepository - Finding Reservation
2025-03-19 21:27:09,523 [1] INFO LabMPP.repository.databases.DBUtils - Connection opened successfully.
2025-03-19 21:27:09,524 [1] INFO LabMPP.repository.databases.TripRepoRepository - Finding Trip
2025-03-19 21:27:09,524 [1] INFO LabMPP.repository.databases.DBUtils - Connection opened successfully.
2025-03-19 21:27:09,524 [1] INFO LabMPP.repository.databases.ReservationRepository - Finding Reservation
2025-03-19 21:27:09,525 [1] INFO LabMPP.repository.databases.DBUtils - Connection opened successfully.
2025-03-19 21:27:09,525 [1] INFO LabMPP.repository.databases.TripRepoRepository - Finding Trip
2025-03-19 21:27:09,525 [1] INFO LabMPP.repository.databases.DBUtils - Connection opened successfully.
2025-03-19 21:27:09,526 [1] INFO LabMPP.repository.databases.ReservationRepository - Finding Reservation
2025-03-19 21:27:09,526 [1] INFO LabMPP.repository.databases.DBUtils - Connection opened successfully.
2025-03-19 21:27:09,526 [1] INFO LabMPP.repository.databases.TripRepoRepository - Finding Trip
2025-03-19 21:27:09,527 [1] INFO LabMPP.repository.databases.DBUtils - Connection opened successfully.
2025-03-19 21:27:09,527 [1] INFO LabMPP.repository.databases.ReservationRepository - Finding Reservation
2025-03-19 21:27:09,527 [1] INFO LabMPP.repository.databases.DBUtils - Connection opened successfully.
2025-03-19 21:27:09,528 [1] INFO LabMPP.repository.databases.TripRepoRepository - Finding Trip
2025-03-19 21:27:09,528 [1] INFO LabMPP.repository.databases.DBUtils - Connection opened successfully.
2025-03-19 21:27:09,529 [1] INFO LabMPP.repository.databases.ReservationRepository - Finding Reservation
2025-03-19 21:27:09,529 [1] INFO LabMPP.repository.databases.DBUtils - Connection opened successfully.
2025-03-19 21:27:09,529 [1] INFO LabMPP.repository.databases.TripRepoRepository - Finding Trip
2025-03-19 21:27:09,530 [1] INFO LabMPP.repository.databases.DBUtils - Connection opened successfully.
2025-03-19 21:27:09,530 [1] INFO LabMPP.repository.databases.ReservationRepository - Finding Reservation
2025-03-19 21:27:09,531 [1] INFO LabMPP.repository.databases.DBUtils - Connection opened successfully.
2025-03-19 21:27:09,531 [1] INFO LabMPP.repository.databases.TripRepoRepository - Finding Trip
2025-03-19 21:27:09,532 [1] INFO LabMPP.repository.databases.DBUtils - Connection opened successfully.
2025-03-19 21:27:09,533 [1] INFO LabMPP.repository.databases.ReservationRepository - Finding Reservation
2025-03-19 21:27:09,534 [1] INFO LabMPP.repository.databases.DBUtils - Connection opened successfully.
2025-03-19 21:27:09,534 [1] INFO LabMPP.repository.databases.TripRepoRepository - Finding Trip
2025-03-19 21:27:09,535 [1] INFO LabMPP.repository.databases.DBUtils - Connection opened successfully.
2025-03-19 21:27:09,535 [1] INFO LabMPP.repository.databases.ReservationRepository - Finding Reservation
2025-03-19 21:27:09,536 [1] INFO LabMPP.repository.databases.DBUtils - Connection opened successfully.
2025-03-19 21:27:09,537 [1] INFO LabMPP.repository.databases.TripRepoRepository - Finding Trip
2025-03-19 21:27:09,537 [1] INFO LabMPP.repository.databases.DBUtils - Connection opened successfully.
2025-03-19 21:27:09,538 [1] INFO LabMPP.repository.databases.ReservationRepository - Finding Reservation
2025-03-19 21:27:09,539 [1] INFO LabMPP.repository.databases.DBUtils - Connection opened successfully.
2025-03-19 21:27:09,539 [1] INFO LabMPP.repository.databases.TripRepoRepository - Finding Trip
2025-03-19 21:27:09,540 [1] INFO LabMPP.repository.databases.DBUtils - Connection opened successfully.
2025-03-19 21:27:09,540 [1] INFO LabMPP.repository.databases.ReservationRepository - Finding Reservation
2025-03-19 21:27:09,541 [1] INFO LabMPP.repository.databases.DBUtils - Connection opened successfully.
2025-03-19 21:27:09,542 [1] INFO LabMPP.repository.databases.TripRepoRepository - Finding Trip
2025-03-19 21:27:09,542 [1] INFO LabMPP.repository.databases.DBUtils - Connection opened successfully.
2025-03-19 21:27:09,542 [1] INFO LabMPP.repository.databases.ReservationRepository - Finding Reservation
2025-03-19 21:27:09,543 [1] INFO LabMPP.repository.databases.DBUtils - Connection opened successfully.
2025-03-19 21:27:09,543 [1] INFO LabMPP.repository.databases.TripRepoRepository - Finding Trip
2025-03-19 21:27:09,544 [1] INFO LabMPP.repository.databases.DBUtils - Connection opened successfully.
2025-03-19 21:27:09,544 [1] INFO LabMPP.repository.databases.ReservationRepository - Finding Reservation
2025-03-19 21:27:09,544 [1] INFO LabMPP.repository.databases.DBUtils - Connection opened successfully.
2025-03-19 21:27:09,545 [1] INFO LabMPP.repository.databases.TripRepoRepository - Finding Trip
2025-03-19 21:27:09,545 [1] INFO LabMPP.repository.databases.DBUtils - Connection opened successfully.
2025-03-19 21:27:09,546 [1] INFO LabMPP.repository.databases.ReservationRepository - Finding Reservation
2025-03-19 21:27:09,546 [1] INFO LabMPP.repository.databases.DBUtils - Connection opened successfully.
2025-03-19 21:27:09,547 [1] INFO LabMPP.repository.databases.TripRepoRepository - Finding Trip
2025-03-19 21:27:09,547 [1] INFO LabMPP.repository.databases.DBUtils - Connection opened successfully.
2025-03-19 21:27:09,548 [1] INFO LabMPP.repository.databases.ReservationRepository - Finding Reservation
2025-03-19 21:27:09,549 [1] INFO LabMPP.repository.databases.DBUtils - Connection opened successfully.
2025-03-19 21:27:09,549 [1] INFO LabMPP.repository.databases.TripRepoRepository - Finding Trip
2025-03-19 21:27:09,550 [1] INFO LabMPP.repository.databases.DBUtils - Connection opened successfully.
2025-03-19 21:27:19,142 [1] INFO LabMPP.repository.databases.TripRepoRepository - Creating TripRepository
2025-03-19 21:27:19,153 [1] INFO LabMPP.repository.databases.ManagerRepository - Creating ManagerRepository
2025-03-19 21:27:19,153 [1] INFO LabMPP.repository.databases.ReservationRepository - Creating TripRepository
2025-03-19 21:27:19,153 [1] INFO LabMPP.repository.databases.TripRepoRepository - Creating TripRepository
2025-03-19 21:27:19,154 [1] INFO Program - Aplicația a pornit!
2025-03-19 21:27:19,212 [1] INFO LabMPP.repository.databases.DBUtils - Connection opened successfully.
2025-03-19 21:27:19,217 [1] INFO Program - Test connection successful
2025-03-19 21:27:19,218 [1] INFO LabMPP.repository.databases.TripRepoRepository - Creating TripRepository
2025-03-19 21:27:19,219 [1] INFO LabMPP.repository.databases.TripRepoRepository - Finding all Trips
2025-03-19 21:27:19,220 [1] INFO LabMPP.repository.databases.DBUtils - Connection opened successfully.
2025-03-19 21:27:19,235 [1] INFO LabMPP.repository.databases.TripRepoRepository - Finding all Trips
2025-03-19 21:27:19,237 [1] INFO LabMPP.repository.databases.DBUtils - Connection opened successfully.
2025-03-19 21:27:19,244 [1] INFO LabMPP.repository.databases.TripRepoRepository - Saving Trip
2025-03-19 21:27:19,246 [1] INFO LabMPP.repository.databases.DBUtils - Connection opened successfully.
2025-03-19 21:27:19,257 [1] INFO LabMPP.repository.databases.TripRepoRepository - Finding all Trips
2025-03-19 21:27:19,260 [1] INFO LabMPP.repository.databases.DBUtils - Connection opened successfully.
2025-03-19 21:27:19,266 [1] INFO LabMPP.repository.databases.ManagerRepository - Creating ManagerRepository
2025-03-19 21:27:19,267 [1] INFO LabMPP.repository.databases.ManagerRepository - Finding all Managers
2025-03-19 21:27:19,268 [1] INFO LabMPP.repository.databases.DBUtils - Connection opened successfully.
2025-03-19 21:27:19,269 [1] INFO LabMPP.repository.databases.ManagerRepository - Finding all Managers
2025-03-19 21:27:19,270 [1] INFO LabMPP.repository.databases.DBUtils - Connection opened successfully.
2025-03-19 21:27:19,272 [1] INFO LabMPP.repository.databases.ManagerRepository - Saving Manager
2025-03-19 21:27:19,273 [1] INFO LabMPP.repository.databases.DBUtils - Connection opened successfully.
2025-03-19 21:27:19,278 [1] INFO LabMPP.repository.databases.ManagerRepository - Finding all Managers
2025-03-19 21:27:19,282 [1] INFO LabMPP.repository.databases.DBUtils - Connection opened successfully.
2025-03-19 21:27:19,285 [1] INFO LabMPP.repository.databases.ReservationRepository - Creating TripRepository
2025-03-19 21:27:19,285 [1] INFO LabMPP.repository.databases.TripRepoRepository - Creating TripRepository
2025-03-19 21:27:19,286 [1] INFO LabMPP.repository.databases.ReservationRepository - Finding all Reservations
2025-03-19 21:27:19,286 [1] INFO LabMPP.repository.databases.DBUtils - Connection opened successfully.
2025-03-19 21:27:19,287 [1] INFO LabMPP.repository.databases.ReservationRepository - Finding Reservation
2025-03-19 21:27:19,288 [1] INFO LabMPP.repository.databases.DBUtils - Connection opened successfully.
2025-03-19 21:27:19,288 [1] INFO LabMPP.repository.databases.TripRepoRepository - Finding Trip
2025-03-19 21:27:19,289 [1] INFO LabMPP.repository.databases.DBUtils - Connection opened successfully.
2025-03-19 21:27:19,292 [1] INFO LabMPP.repository.databases.ReservationRepository - Finding Reservation
2025-03-19 21:27:19,293 [1] INFO LabMPP.repository.databases.DBUtils - Connection opened successfully.
2025-03-19 21:27:19,294 [1] INFO LabMPP.repository.databases.TripRepoRepository - Finding Trip
2025-03-19 21:27:19,294 [1] INFO LabMPP.repository.databases.DBUtils - Connection opened successfully.
2025-03-19 21:27:19,295 [1] INFO LabMPP.repository.databases.ReservationRepository - Finding Reservation
2025-03-19 21:27:19,296 [1] INFO LabMPP.repository.databases.DBUtils - Connection opened successfully.
2025-03-19 21:27:19,296 [1] INFO LabMPP.repository.databases.TripRepoRepository - Finding Trip
2025-03-19 21:27:19,298 [1] INFO LabMPP.repository.databases.DBUtils - Connection opened successfully.
2025-03-19 21:27:19,299 [1] INFO LabMPP.repository.databases.ReservationRepository - Finding Reservation
2025-03-19 21:27:19,300 [1] INFO LabMPP.repository.databases.DBUtils - Connection opened successfully.
2025-03-19 21:27:19,301 [1] INFO LabMPP.repository.databases.TripRepoRepository - Finding Trip
2025-03-19 21:27:19,302 [1] INFO LabMPP.repository.databases.DBUtils - Connection opened successfully.
2025-03-19 21:27:19,303 [1] INFO LabMPP.repository.databases.ReservationRepository - Finding Reservation
2025-03-19 21:27:19,304 [1] INFO LabMPP.repository.databases.DBUtils - Connection opened successfully.
2025-03-19 21:27:19,305 [1] INFO LabMPP.repository.databases.TripRepoRepository - Finding Trip
2025-03-19 21:27:19,306 [1] INFO LabMPP.repository.databases.DBUtils - Connection opened successfully.
2025-03-19 21:27:19,306 [1] INFO LabMPP.repository.databases.ReservationRepository - Finding Reservation
2025-03-19 21:27:19,306 [1] INFO LabMPP.repository.databases.DBUtils - Connection opened successfully.
2025-03-19 21:27:19,307 [1] INFO LabMPP.repository.databases.TripRepoRepository - Finding Trip
2025-03-19 21:27:19,307 [1] INFO LabMPP.repository.databases.DBUtils - Connection opened successfully.
2025-03-19 21:27:19,307 [1] INFO LabMPP.repository.databases.ReservationRepository - Finding Reservation
2025-03-19 21:27:19,308 [1] INFO LabMPP.repository.databases.DBUtils - Connection opened successfully.
2025-03-19 21:27:19,308 [1] INFO LabMPP.repository.databases.TripRepoRepository - Finding Trip
2025-03-19 21:27:19,309 [1] INFO LabMPP.repository.databases.DBUtils - Connection opened successfully.
2025-03-19 21:27:19,309 [1] INFO LabMPP.repository.databases.ReservationRepository - Finding Reservation
2025-03-19 21:27:19,310 [1] INFO LabMPP.repository.databases.DBUtils - Connection opened successfully.
2025-03-19 21:27:19,310 [1] INFO LabMPP.repository.databases.TripRepoRepository - Finding Trip
2025-03-19 21:27:19,311 [1] INFO LabMPP.repository.databases.DBUtils - Connection opened successfully.
2025-03-19 21:27:19,312 [1] INFO LabMPP.repository.databases.ReservationRepository - Finding Reservation
2025-03-19 21:27:19,313 [1] INFO LabMPP.repository.databases.DBUtils - Connection opened successfully.
2025-03-19 21:27:19,313 [1] INFO LabMPP.repository.databases.TripRepoRepository - Finding Trip
2025-03-19 21:27:19,314 [1] INFO LabMPP.repository.databases.DBUtils - Connection opened successfully.
2025-03-19 21:27:19,314 [1] INFO LabMPP.repository.databases.ReservationRepository - Finding Reservation
2025-03-19 21:27:19,315 [1] INFO LabMPP.repository.databases.DBUtils - Connection opened successfully.
2025-03-19 21:27:19,315 [1] INFO LabMPP.repository.databases.TripRepoRepository - Finding Trip
2025-03-19 21:27:19,316 [1] INFO LabMPP.repository.databases.DBUtils - Connection opened successfully.
2025-03-19 21:27:19,316 [1] INFO LabMPP.repository.databases.ReservationRepository - Finding Reservation
2025-03-19 21:27:19,316 [1] INFO LabMPP.repository.databases.DBUtils - Connection opened successfully.
2025-03-19 21:27:19,317 [1] INFO LabMPP.repository.databases.TripRepoRepository - Finding Trip
2025-03-19 21:27:19,317 [1] INFO LabMPP.repository.databases.DBUtils - Connection opened successfully.
2025-03-19 21:27:19,318 [1] INFO LabMPP.repository.databases.ReservationRepository - Finding Reservation
2025-03-19 21:27:19,319 [1] INFO LabMPP.repository.databases.DBUtils - Connection opened successfully.
2025-03-19 21:27:19,319 [1] INFO LabMPP.repository.databases.TripRepoRepository - Finding Trip
2025-03-19 21:27:19,320 [1] INFO LabMPP.repository.databases.DBUtils - Connection opened successfully.
2025-03-19 21:27:19,320 [1] INFO LabMPP.repository.databases.ReservationRepository - Finding Reservation
2025-03-19 21:27:19,321 [1] INFO LabMPP.repository.databases.DBUtils - Connection opened successfully.
2025-03-19 21:27:19,321 [1] INFO LabMPP.repository.databases.TripRepoRepository - Finding Trip
2025-03-19 21:27:19,322 [1] INFO LabMPP.repository.databases.DBUtils - Connection opened successfully.
2025-03-19 21:27:19,322 [1] INFO LabMPP.repository.databases.ReservationRepository - Finding Reservation
2025-03-19 21:27:19,322 [1] INFO LabMPP.repository.databases.DBUtils - Connection opened successfully.
2025-03-19 21:27:19,323 [1] INFO LabMPP.repository.databases.TripRepoRepository - Finding Trip
2025-03-19 21:27:19,323 [1] INFO LabMPP.repository.databases.DBUtils - Connection opened successfully.
2025-03-19 21:27:19,324 [1] INFO LabMPP.repository.databases.ReservationRepository - Finding Reservation
2025-03-19 21:27:19,325 [1] INFO LabMPP.repository.databases.DBUtils - Connection opened successfully.
2025-03-19 21:27:19,326 [1] INFO LabMPP.repository.databases.TripRepoRepository - Finding Trip
2025-03-19 21:27:19,326 [1] INFO LabMPP.repository.databases.DBUtils - Connection opened successfully.
2025-03-19 21:27:19,327 [1] INFO LabMPP.repository.databases.ReservationRepository - Finding Reservation
2025-03-19 21:27:19,327 [1] INFO LabMPP.repository.databases.DBUtils - Connection opened successfully.
2025-03-19 21:27:19,327 [1] INFO LabMPP.repository.databases.TripRepoRepository - Finding Trip
2025-03-19 21:27:19,328 [1] INFO LabMPP.repository.databases.DBUtils - Connection opened successfully.
2025-03-19 21:27:19,328 [1] INFO LabMPP.repository.databases.ReservationRepository - Finding Reservation
2025-03-19 21:27:19,329 [1] INFO LabMPP.repository.databases.DBUtils - Connection opened successfully.
2025-03-19 21:27:19,329 [1] INFO LabMPP.repository.databases.TripRepoRepository - Finding Trip
2025-03-19 21:27:19,330 [1] INFO LabMPP.repository.databases.DBUtils - Connection opened successfully.
2025-03-19 21:27:19,330 [1] INFO LabMPP.repository.databases.ReservationRepository - Finding Reservation
2025-03-19 21:27:19,330 [1] INFO LabMPP.repository.databases.DBUtils - Connection opened successfully.
2025-03-19 21:27:19,331 [1] INFO LabMPP.repository.databases.TripRepoRepository - Finding Trip
2025-03-19 21:27:19,332 [1] INFO LabMPP.repository.databases.DBUtils - Connection opened successfully.
2025-03-19 21:27:19,332 [1] INFO LabMPP.repository.databases.ReservationRepository - Finding Reservation
2025-03-19 21:27:19,332 [1] INFO LabMPP.repository.databases.DBUtils - Connection opened successfully.
2025-03-19 21:27:19,333 [1] INFO LabMPP.repository.databases.TripRepoRepository - Finding Trip
2025-03-19 21:27:19,334 [1] INFO LabMPP.repository.databases.DBUtils - Connection opened successfully.
2025-03-19 21:27:19,334 [1] INFO LabMPP.repository.databases.ReservationRepository - Finding all Reservations
2025-03-19 21:27:19,334 [1] INFO LabMPP.repository.databases.DBUtils - Connection opened successfully.
2025-03-19 21:27:19,335 [1] INFO LabMPP.repository.databases.ReservationRepository - Finding Reservation
2025-03-19 21:27:19,335 [1] INFO LabMPP.repository.databases.DBUtils - Connection opened successfully.
2025-03-19 21:27:19,335 [1] INFO LabMPP.repository.databases.TripRepoRepository - Finding Trip
2025-03-19 21:27:19,336 [1] INFO LabMPP.repository.databases.DBUtils - Connection opened successfully.
2025-03-19 21:27:19,336 [1] INFO LabMPP.repository.databases.ReservationRepository - Finding Reservation
2025-03-19 21:27:19,336 [1] INFO LabMPP.repository.databases.DBUtils - Connection opened successfully.
2025-03-19 21:27:19,337 [1] INFO LabMPP.repository.databases.TripRepoRepository - Finding Trip
2025-03-19 21:27:19,337 [1] INFO LabMPP.repository.databases.DBUtils - Connection opened successfully.
2025-03-19 21:27:19,337 [1] INFO LabMPP.repository.databases.ReservationRepository - Finding Reservation
2025-03-19 21:27:19,338 [1] INFO LabMPP.repository.databases.DBUtils - Connection opened successfully.
2025-03-19 21:27:19,338 [1] INFO LabMPP.repository.databases.TripRepoRepository - Finding Trip
2025-03-19 21:27:19,338 [1] INFO LabMPP.repository.databases.DBUtils - Connection opened successfully.
2025-03-19 21:27:19,339 [1] INFO LabMPP.repository.databases.ReservationRepository - Finding Reservation
2025-03-19 21:27:19,339 [1] INFO LabMPP.repository.databases.DBUtils - Connection opened successfully.
2025-03-19 21:27:19,339 [1] INFO LabMPP.repository.databases.TripRepoRepository - Finding Trip
2025-03-19 21:27:19,340 [1] INFO LabMPP.repository.databases.DBUtils - Connection opened successfully.
2025-03-19 21:27:19,340 [1] INFO LabMPP.repository.databases.ReservationRepository - Finding Reservation
2025-03-19 21:27:19,340 [1] INFO LabMPP.repository.databases.DBUtils - Connection opened successfully.
2025-03-19 21:27:19,341 [1] INFO LabMPP.repository.databases.TripRepoRepository - Finding Trip
2025-03-19 21:27:19,342 [1] INFO LabMPP.repository.databases.DBUtils - Connection opened successfully.
2025-03-19 21:27:19,342 [1] INFO LabMPP.repository.databases.ReservationRepository - Finding Reservation
2025-03-19 21:27:19,342 [1] INFO LabMPP.repository.databases.DBUtils - Connection opened successfully.
2025-03-19 21:27:19,343 [1] INFO LabMPP.repository.databases.TripRepoRepository - Finding Trip
2025-03-19 21:27:19,343 [1] INFO LabMPP.repository.databases.DBUtils - Connection opened successfully.
2025-03-19 21:27:19,343 [1] INFO LabMPP.repository.databases.ReservationRepository - Finding Reservation
2025-03-19 21:27:19,344 [1] INFO LabMPP.repository.databases.DBUtils - Connection opened successfully.
2025-03-19 21:27:19,344 [1] INFO LabMPP.repository.databases.TripRepoRepository - Finding Trip
2025-03-19 21:27:19,345 [1] INFO LabMPP.repository.databases.DBUtils - Connection opened successfully.
2025-03-19 21:27:19,345 [1] INFO LabMPP.repository.databases.ReservationRepository - Finding Reservation
2025-03-19 21:27:19,346 [1] INFO LabMPP.repository.databases.DBUtils - Connection opened successfully.
2025-03-19 21:27:19,346 [1] INFO LabMPP.repository.databases.TripRepoRepository - Finding Trip
2025-03-19 21:27:19,347 [1] INFO LabMPP.repository.databases.DBUtils - Connection opened successfully.
2025-03-19 21:27:19,347 [1] INFO LabMPP.repository.databases.ReservationRepository - Finding Reservation
2025-03-19 21:27:19,348 [1] INFO LabMPP.repository.databases.DBUtils - Connection opened successfully.
2025-03-19 21:27:19,348 [1] INFO LabMPP.repository.databases.TripRepoRepository - Finding Trip
2025-03-19 21:27:19,349 [1] INFO LabMPP.repository.databases.DBUtils - Connection opened successfully.
2025-03-19 21:27:19,349 [1] INFO LabMPP.repository.databases.ReservationRepository - Finding Reservation
2025-03-19 21:27:19,350 [1] INFO LabMPP.repository.databases.DBUtils - Connection opened successfully.
2025-03-19 21:27:19,350 [1] INFO LabMPP.repository.databases.TripRepoRepository - Finding Trip
2025-03-19 21:27:19,350 [1] INFO LabMPP.repository.databases.DBUtils - Connection opened successfully.
2025-03-19 21:27:19,351 [1] INFO LabMPP.repository.databases.ReservationRepository - Finding Reservation
2025-03-19 21:27:19,351 [1] INFO LabMPP.repository.databases.DBUtils - Connection opened successfully.
2025-03-19 21:27:19,352 [1] INFO LabMPP.repository.databases.TripRepoRepository - Finding Trip
2025-03-19 21:27:19,352 [1] INFO LabMPP.repository.databases.DBUtils - Connection opened successfully.
2025-03-19 21:27:19,353 [1] INFO LabMPP.repository.databases.ReservationRepository - Finding Reservation
2025-03-19 21:27:19,353 [1] INFO LabMPP.repository.databases.DBUtils - Connection opened successfully.
2025-03-19 21:27:19,354 [1] INFO LabMPP.repository.databases.TripRepoRepository - Finding Trip
2025-03-19 21:27:19,354 [1] INFO LabMPP.repository.databases.DBUtils - Connection opened successfully.
2025-03-19 21:27:19,355 [1] INFO LabMPP.repository.databases.ReservationRepository - Finding Reservation
2025-03-19 21:27:19,355 [1] INFO LabMPP.repository.databases.DBUtils - Connection opened successfully.
2025-03-19 21:27:19,355 [1] INFO LabMPP.repository.databases.TripRepoRepository - Finding Trip
2025-03-19 21:27:19,356 [1] INFO LabMPP.repository.databases.DBUtils - Connection opened successfully.
2025-03-19 21:27:19,356 [1] INFO LabMPP.repository.databases.ReservationRepository - Finding Reservation
2025-03-19 21:27:19,356 [1] INFO LabMPP.repository.databases.DBUtils - Connection opened successfully.
2025-03-19 21:27:19,357 [1] INFO LabMPP.repository.databases.TripRepoRepository - Finding Trip
2025-03-19 21:27:19,357 [1] INFO LabMPP.repository.databases.DBUtils - Connection opened successfully.
2025-03-19 21:27:19,358 [1] INFO LabMPP.repository.databases.ReservationRepository - Finding Reservation
2025-03-19 21:27:19,358 [1] INFO LabMPP.repository.databases.DBUtils - Connection opened successfully.
2025-03-19 21:27:19,359 [1] INFO LabMPP.repository.databases.TripRepoRepository - Finding Trip
2025-03-19 21:27:19,359 [1] INFO LabMPP.repository.databases.DBUtils - Connection opened successfully.
2025-03-19 21:27:19,359 [1] INFO LabMPP.repository.databases.ReservationRepository - Finding Reservation
2025-03-19 21:27:19,360 [1] INFO LabMPP.repository.databases.DBUtils - Connection opened successfully.
2025-03-19 21:27:19,360 [1] INFO LabMPP.repository.databases.TripRepoRepository - Finding Trip
2025-03-19 21:27:19,361 [1] INFO LabMPP.repository.databases.DBUtils - Connection opened successfully.
2025-03-19 21:27:19,361 [1] INFO LabMPP.repository.databases.ReservationRepository - Finding Reservation
2025-03-19 21:27:19,362 [1] INFO LabMPP.repository.databases.DBUtils - Connection opened successfully.
2025-03-19 21:27:19,362 [1] INFO LabMPP.repository.databases.TripRepoRepository - Finding Trip
2025-03-19 21:27:19,362 [1] INFO LabMPP.repository.databases.DBUtils - Connection opened successfully.
2025-03-19 21:27:19,363 [1] INFO LabMPP.repository.databases.ReservationRepository - Finding Reservation
2025-03-19 21:27:19,363 [1] INFO LabMPP.repository.databases.DBUtils - Connection opened successfully.
2025-03-19 21:27:19,363 [1] INFO LabMPP.repository.databases.TripRepoRepository - Finding Trip
2025-03-19 21:27:19,364 [1] INFO LabMPP.repository.databases.DBUtils - Connection opened successfully.
2025-03-19 21:27:19,364 [1] INFO LabMPP.repository.databases.ReservationRepository - Finding Reservation
2025-03-19 21:27:19,364 [1] INFO LabMPP.repository.databases.DBUtils - Connection opened successfully.
2025-03-19 21:27:19,365 [1] INFO LabMPP.repository.databases.TripRepoRepository - Finding Trip
2025-03-19 21:27:19,365 [1] INFO LabMPP.repository.databases.DBUtils - Connection opened successfully.
2025-03-19 21:27:19,369 [1] INFO LabMPP.repository.databases.ReservationRepository - Saving Reservation
2025-03-19 21:27:19,370 [1] INFO LabMPP.repository.databases.DBUtils - Connection opened successfully.
2025-03-19 21:27:19,375 [1] INFO LabMPP.repository.databases.ReservationRepository - Finding all Reservations
2025-03-19 21:27:19,378 [1] INFO LabMPP.repository.databases.DBUtils - Connection opened successfully.
2025-03-19 21:27:19,378 [1] INFO LabMPP.repository.databases.ReservationRepository - Finding Reservation
2025-03-19 21:27:19,379 [1] INFO LabMPP.repository.databases.DBUtils - Connection opened successfully.
2025-03-19 21:27:19,380 [1] INFO LabMPP.repository.databases.TripRepoRepository - Finding Trip
2025-03-19 21:27:19,380 [1] INFO LabMPP.repository.databases.DBUtils - Connection opened successfully.
2025-03-19 21:27:19,381 [1] INFO LabMPP.repository.databases.ReservationRepository - Finding Reservation
2025-03-19 21:27:19,381 [1] INFO LabMPP.repository.databases.DBUtils - Connection opened successfully.
2025-03-19 21:27:19,382 [1] INFO LabMPP.repository.databases.TripRepoRepository - Finding Trip
2025-03-19 21:27:19,382 [1] INFO LabMPP.repository.databases.DBUtils - Connection opened successfully.
2025-03-19 21:27:19,383 [1] INFO LabMPP.repository.databases.ReservationRepository - Finding Reservation
2025-03-19 21:27:19,383 [1] INFO LabMPP.repository.databases.DBUtils - Connection opened successfully.
2025-03-19 21:27:19,383 [1] INFO LabMPP.repository.databases.TripRepoRepository - Finding Trip
2025-03-19 21:27:19,384 [1] INFO LabMPP.repository.databases.DBUtils - Connection opened successfully.
2025-03-19 21:27:19,384 [1] INFO LabMPP.repository.databases.ReservationRepository - Finding Reservation
2025-03-19 21:27:19,385 [1] INFO LabMPP.repository.databases.DBUtils - Connection opened successfully.
2025-03-19 21:27:19,385 [1] INFO LabMPP.repository.databases.TripRepoRepository - Finding Trip
2025-03-19 21:27:19,385 [1] INFO LabMPP.repository.databases.DBUtils - Connection opened successfully.
2025-03-19 21:27:19,386 [1] INFO LabMPP.repository.databases.ReservationRepository - Finding Reservation
2025-03-19 21:27:19,386 [1] INFO LabMPP.repository.databases.DBUtils - Connection opened successfully.
2025-03-19 21:27:19,386 [1] INFO LabMPP.repository.databases.TripRepoRepository - Finding Trip
2025-03-19 21:27:19,387 [1] INFO LabMPP.repository.databases.DBUtils - Connection opened successfully.
2025-03-19 21:27:19,388 [1] INFO LabMPP.repository.databases.ReservationRepository - Finding Reservation
2025-03-19 21:27:19,389 [1] INFO LabMPP.repository.databases.DBUtils - Connection opened successfully.
2025-03-19 21:27:19,389 [1] INFO LabMPP.repository.databases.TripRepoRepository - Finding Trip
2025-03-19 21:27:19,390 [1] INFO LabMPP.repository.databases.DBUtils - Connection opened successfully.
2025-03-19 21:27:19,391 [1] INFO LabMPP.repository.databases.ReservationRepository - Finding Reservation
2025-03-19 21:27:19,391 [1] INFO LabMPP.repository.databases.DBUtils - Connection opened successfully.
2025-03-19 21:27:19,392 [1] INFO LabMPP.repository.databases.TripRepoRepository - Finding Trip
2025-03-19 21:27:19,393 [1] INFO LabMPP.repository.databases.DBUtils - Connection opened successfully.
2025-03-19 21:27:19,393 [1] INFO LabMPP.repository.databases.ReservationRepository - Finding Reservation
2025-03-19 21:27:19,394 [1] INFO LabMPP.repository.databases.DBUtils - Connection opened successfully.
2025-03-19 21:27:19,395 [1] INFO LabMPP.repository.databases.TripRepoRepository - Finding Trip
2025-03-19 21:27:19,395 [1] INFO LabMPP.repository.databases.DBUtils - Connection opened successfully.
2025-03-19 21:27:19,395 [1] INFO LabMPP.repository.databases.ReservationRepository - Finding Reservation
2025-03-19 21:27:19,396 [1] INFO LabMPP.repository.databases.DBUtils - Connection opened successfully.
2025-03-19 21:27:19,396 [1] INFO LabMPP.repository.databases.TripRepoRepository - Finding Trip
2025-03-19 21:27:19,397 [1] INFO LabMPP.repository.databases.DBUtils - Connection opened successfully.
2025-03-19 21:27:19,397 [1] INFO LabMPP.repository.databases.ReservationRepository - Finding Reservation
2025-03-19 21:27:19,397 [1] INFO LabMPP.repository.databases.DBUtils - Connection opened successfully.
2025-03-19 21:27:19,398 [1] INFO LabMPP.repository.databases.TripRepoRepository - Finding Trip
2025-03-19 21:27:19,398 [1] INFO LabMPP.repository.databases.DBUtils - Connection opened successfully.
2025-03-19 21:27:19,398 [1] INFO LabMPP.repository.databases.ReservationRepository - Finding Reservation
2025-03-19 21:27:19,399 [1] INFO LabMPP.repository.databases.DBUtils - Connection opened successfully.
2025-03-19 21:27:19,399 [1] INFO LabMPP.repository.databases.TripRepoRepository - Finding Trip
2025-03-19 21:27:19,399 [1] INFO LabMPP.repository.databases.DBUtils - Connection opened successfully.
2025-03-19 21:27:19,400 [1] INFO LabMPP.repository.databases.ReservationRepository - Finding Reservation
2025-03-19 21:27:19,400 [1] INFO LabMPP.repository.databases.DBUtils - Connection opened successfully.
2025-03-19 21:27:19,401 [1] INFO LabMPP.repository.databases.TripRepoRepository - Finding Trip
2025-03-19 21:27:19,401 [1] INFO LabMPP.repository.databases.DBUtils - Connection opened successfully.
2025-03-19 21:27:19,402 [1] INFO LabMPP.repository.databases.ReservationRepository - Finding Reservation
2025-03-19 21:27:19,403 [1] INFO LabMPP.repository.databases.DBUtils - Connection opened successfully.
2025-03-19 21:27:19,404 [1] INFO LabMPP.repository.databases.TripRepoRepository - Finding Trip
2025-03-19 21:27:19,405 [1] INFO LabMPP.repository.databases.DBUtils - Connection opened successfully.
2025-03-19 21:27:19,406 [1] INFO LabMPP.repository.databases.ReservationRepository - Finding Reservation
2025-03-19 21:27:19,406 [1] INFO LabMPP.repository.databases.DBUtils - Connection opened successfully.
2025-03-19 21:27:19,407 [1] INFO LabMPP.repository.databases.TripRepoRepository - Finding Trip
2025-03-19 21:27:19,408 [1] INFO LabMPP.repository.databases.DBUtils - Connection opened successfully.
2025-03-19 21:27:19,408 [1] INFO LabMPP.repository.databases.ReservationRepository - Finding Reservation
2025-03-19 21:27:19,410 [1] INFO LabMPP.repository.databases.DBUtils - Connection opened successfully.
2025-03-19 21:27:19,410 [1] INFO LabMPP.repository.databases.TripRepoRepository - Finding Trip
2025-03-19 21:27:19,411 [1] INFO LabMPP.repository.databases.DBUtils - Connection opened successfully.
2025-03-19 21:27:19,412 [1] INFO LabMPP.repository.databases.ReservationRepository - Finding Reservation
2025-03-19 21:27:19,412 [1] INFO LabMPP.repository.databases.DBUtils - Connection opened successfully.
2025-03-19 21:27:19,413 [1] INFO LabMPP.repository.databases.TripRepoRepository - Finding Trip
2025-03-19 21:27:19,414 [1] INFO LabMPP.repository.databases.DBUtils - Connection opened successfully.
2025-03-19 21:27:19,415 [1] INFO LabMPP.repository.databases.ReservationRepository - Finding Reservation
2025-03-19 21:27:19,416 [1] INFO LabMPP.repository.databases.DBUtils - Connection opened successfully.
2025-03-19 21:27:19,417 [1] INFO LabMPP.repository.databases.TripRepoRepository - Finding Trip
2025-03-19 21:27:19,418 [1] INFO LabMPP.repository.databases.DBUtils - Connection opened successfully.
2025-03-19 21:27:19,419 [1] INFO LabMPP.repository.databases.ReservationRepository - Finding Reservation
2025-03-19 21:27:19,420 [1] INFO LabMPP.repository.databases.DBUtils - Connection opened successfully.
2025-03-19 21:27:19,420 [1] INFO LabMPP.repository.databases.TripRepoRepository - Finding Trip
2025-03-19 21:27:19,421 [1] INFO LabMPP.repository.databases.DBUtils - Connection opened successfully.
2025-03-19 21:27:19,421 [1] INFO LabMPP.repository.databases.ReservationRepository - Finding Reservation
2025-03-19 21:27:19,422 [1] INFO LabMPP.repository.databases.DBUtils - Connection opened successfully.
2025-03-19 21:27:19,423 [1] INFO LabMPP.repository.databases.TripRepoRepository - Finding Trip
2025-03-19 21:27:19,423 [1] INFO LabMPP.repository.databases.DBUtils - Connection opened successfully.
2025-03-19 21:27:19,424 [1] INFO LabMPP.repository.databases.ReservationRepository - Finding Reservation
2025-03-19 21:27:19,424 [1] INFO LabMPP.repository.databases.DBUtils - Connection opened successfully.
2025-03-19 21:27:19,425 [1] INFO LabMPP.repository.databases.TripRepoRepository - Finding Trip
2025-03-19 21:27:19,426 [1] INFO LabMPP.repository.databases.DBUtils - Connection opened successfully.
2025-03-20 07:25:15,248 [1] INFO LabMPP.repository.databases.TripRepoRepository - Creating TripRepository
2025-03-20 07:25:15,279 [1] INFO LabMPP.repository.databases.ManagerRepository - Creating ManagerRepository
2025-03-20 07:25:15,279 [1] INFO LabMPP.repository.databases.ReservationRepository - Creating TripRepository
2025-03-20 07:25:15,280 [1] INFO LabMPP.repository.databases.TripRepoRepository - Creating TripRepository
2025-03-20 07:25:15,280 [1] INFO Program - Aplicația a pornit!
2025-03-20 07:25:15,425 [1] INFO LabMPP.repository.databases.DBUtils - Connection opened successfully.
2025-03-20 07:25:15,439 [1] INFO Program - Test connection successful
2025-03-20 07:25:15,441 [1] INFO LabMPP.repository.databases.TripRepoRepository - Creating TripRepository
2025-03-20 07:25:15,442 [1] INFO LabMPP.repository.databases.TripRepoRepository - Finding all Trips
2025-03-20 07:25:15,443 [1] INFO LabMPP.repository.databases.DBUtils - Connection opened successfully.
2025-03-20 07:25:15,485 [1] INFO LabMPP.repository.databases.TripRepoRepository - Finding all Trips
2025-03-20 07:25:15,486 [1] INFO LabMPP.repository.databases.DBUtils - Connection opened successfully.
2025-03-20 07:25:15,502 [1] INFO LabMPP.repository.databases.TripRepoRepository - Saving Trip
2025-03-20 07:25:15,504 [1] INFO LabMPP.repository.databases.DBUtils - Connection opened successfully.
2025-03-20 07:25:15,535 [1] INFO LabMPP.repository.databases.TripRepoRepository - Finding all Trips
2025-03-20 07:25:15,540 [1] INFO LabMPP.repository.databases.DBUtils - Connection opened successfully.
2025-03-20 07:25:15,548 [1] INFO LabMPP.repository.databases.ManagerRepository - Creating ManagerRepository
2025-03-20 07:25:15,550 [1] INFO LabMPP.repository.databases.ManagerRepository - Finding all Managers
2025-03-20 07:25:15,552 [1] INFO LabMPP.repository.databases.DBUtils - Connection opened successfully.
2025-03-20 07:25:15,554 [1] INFO LabMPP.repository.databases.ManagerRepository - Finding all Managers
2025-03-20 07:25:15,556 [1] INFO LabMPP.repository.databases.DBUtils - Connection opened successfully.
2025-03-20 07:25:15,563 [1] INFO LabMPP.repository.databases.ManagerRepository - Saving Manager
2025-03-20 07:25:15,565 [1] INFO LabMPP.repository.databases.DBUtils - Connection opened successfully.
2025-03-20 07:25:15,573 [1] INFO LabMPP.repository.databases.ManagerRepository - Finding all Managers
2025-03-20 07:25:15,576 [1] INFO LabMPP.repository.databases.DBUtils - Connection opened successfully.
2025-03-20 07:25:15,581 [1] INFO LabMPP.repository.databases.ReservationRepository - Creating TripRepository
2025-03-20 07:25:15,582 [1] INFO LabMPP.repository.databases.TripRepoRepository - Creating TripRepository
2025-03-20 07:25:15,583 [1] INFO LabMPP.repository.databases.ReservationRepository - Finding all Reservations
2025-03-20 07:25:15,585 [1] INFO LabMPP.repository.databases.DBUtils - Connection opened successfully.
2025-03-20 07:25:15,587 [1] INFO LabMPP.repository.databases.ReservationRepository - Finding Reservation
2025-03-20 07:25:15,588 [1] INFO LabMPP.repository.databases.DBUtils - Connection opened successfully.
2025-03-20 07:25:15,591 [1] INFO LabMPP.repository.databases.TripRepoRepository - Finding Trip
2025-03-20 07:25:15,593 [1] INFO LabMPP.repository.databases.DBUtils - Connection opened successfully.
2025-03-20 07:25:15,598 [1] INFO LabMPP.repository.databases.ReservationRepository - Finding Reservation
2025-03-20 07:25:15,600 [1] INFO LabMPP.repository.databases.DBUtils - Connection opened successfully.
2025-03-20 07:25:15,601 [1] INFO LabMPP.repository.databases.TripRepoRepository - Finding Trip
2025-03-20 07:25:15,602 [1] INFO LabMPP.repository.databases.DBUtils - Connection opened successfully.
2025-03-20 07:25:15,603 [1] INFO LabMPP.repository.databases.ReservationRepository - Finding Reservation
2025-03-20 07:25:15,605 [1] INFO LabMPP.repository.databases.DBUtils - Connection opened successfully.
2025-03-20 07:25:15,606 [1] INFO LabMPP.repository.databases.TripRepoRepository - Finding Trip
2025-03-20 07:25:15,607 [1] INFO LabMPP.repository.databases.DBUtils - Connection opened successfully.
2025-03-20 07:25:15,609 [1] INFO LabMPP.repository.databases.ReservationRepository - Finding Reservation
2025-03-20 07:25:15,611 [1] INFO LabMPP.repository.databases.DBUtils - Connection opened successfully.
2025-03-20 07:25:15,612 [1] INFO LabMPP.repository.databases.TripRepoRepository - Finding Trip
2025-03-20 07:25:15,614 [1] INFO LabMPP.repository.databases.DBUtils - Connection opened successfully.
2025-03-20 07:25:15,615 [1] INFO LabMPP.repository.databases.ReservationRepository - Finding Reservation
2025-03-20 07:25:15,617 [1] INFO LabMPP.repository.databases.DBUtils - Connection opened successfully.
2025-03-20 07:25:15,618 [1] INFO LabMPP.repository.databases.TripRepoRepository - Finding Trip
2025-03-20 07:25:15,620 [1] INFO LabMPP.repository.databases.DBUtils - Connection opened successfully.
2025-03-20 07:25:15,621 [1] INFO LabMPP.repository.databases.ReservationRepository - Finding Reservation
2025-03-20 07:25:15,623 [1] INFO LabMPP.repository.databases.DBUtils - Connection opened successfully.
2025-03-20 07:25:15,624 [1] INFO LabMPP.repository.databases.TripRepoRepository - Finding Trip
2025-03-20 07:25:15,625 [1] INFO LabMPP.repository.databases.DBUtils - Connection opened successfully.
2025-03-20 07:25:15,626 [1] INFO LabMPP.repository.databases.ReservationRepository - Finding Reservation
2025-03-20 07:25:15,628 [1] INFO LabMPP.repository.databases.DBUtils - Connection opened successfully.
2025-03-20 07:25:15,628 [1] INFO LabMPP.repository.databases.TripRepoRepository - Finding Trip
2025-03-20 07:25:15,630 [1] INFO LabMPP.repository.databases.DBUtils - Connection opened successfully.
2025-03-20 07:25:15,631 [1] INFO LabMPP.repository.databases.ReservationRepository - Finding Reservation
2025-03-20 07:25:15,633 [1] INFO LabMPP.repository.databases.DBUtils - Connection opened successfully.
2025-03-20 07:25:15,634 [1] INFO LabMPP.repository.databases.TripRepoRepository - Finding Trip
2025-03-20 07:25:15,635 [1] INFO LabMPP.repository.databases.DBUtils - Connection opened successfully.
2025-03-20 07:25:15,637 [1] INFO LabMPP.repository.databases.ReservationRepository - Finding Reservation
2025-03-20 07:25:15,638 [1] INFO LabMPP.repository.databases.DBUtils - Connection opened successfully.
2025-03-20 07:25:15,639 [1] INFO LabMPP.repository.databases.TripRepoRepository - Finding Trip
2025-03-20 07:25:15,640 [1] INFO LabMPP.repository.databases.DBUtils - Connection opened successfully.
2025-03-20 07:25:15,641 [1] INFO LabMPP.repository.databases.ReservationRepository - Finding Reservation
2025-03-20 07:25:15,643 [1] INFO LabMPP.repository.databases.DBUtils - Connection opened successfully.
2025-03-20 07:25:15,644 [1] INFO LabMPP.repository.databases.TripRepoRepository - Finding Trip
2025-03-20 07:25:15,645 [1] INFO LabMPP.repository.databases.DBUtils - Connection opened successfully.
2025-03-20 07:25:15,647 [1] INFO LabMPP.repository.databases.ReservationRepository - Finding Reservation
2025-03-20 07:25:15,649 [1] INFO LabMPP.repository.databases.DBUtils - Connection opened successfully.
2025-03-20 07:25:15,651 [1] INFO LabMPP.repository.databases.TripRepoRepository - Finding Trip
2025-03-20 07:25:15,653 [1] INFO LabMPP.repository.databases.DBUtils - Connection opened successfully.
2025-03-20 07:25:15,654 [1] INFO LabMPP.repository.databases.ReservationRepository - Finding Reservation
2025-03-20 07:25:15,656 [1] INFO LabMPP.repository.databases.DBUtils - Connection opened successfully.
2025-03-20 07:25:15,657 [1] INFO LabMPP.repository.databases.TripRepoRepository - Finding Trip
2025-03-20 07:25:15,659 [1] INFO LabMPP.repository.databases.DBUtils - Connection opened successfully.
2025-03-20 07:25:15,660 [1] INFO LabMPP.repository.databases.ReservationRepository - Finding Reservation
2025-03-20 07:25:15,661 [1] INFO LabMPP.repository.databases.DBUtils - Connection opened successfully.
2025-03-20 07:25:15,662 [1] INFO LabMPP.repository.databases.TripRepoRepository - Finding Trip
2025-03-20 07:25:15,664 [1] INFO LabMPP.repository.databases.DBUtils - Connection opened successfully.
2025-03-20 07:25:15,665 [1] INFO LabMPP.repository.databases.ReservationRepository - Finding Reservation
2025-03-20 07:25:15,666 [1] INFO LabMPP.repository.databases.DBUtils - Connection opened successfully.
2025-03-20 07:25:15,667 [1] INFO LabMPP.repository.databases.TripRepoRepository - Finding Trip
2025-03-20 07:25:15,668 [1] INFO LabMPP.repository.databases.DBUtils - Connection opened successfully.
2025-03-20 07:25:15,669 [1] INFO LabMPP.repository.databases.ReservationRepository - Finding Reservation
2025-03-20 07:25:15,671 [1] INFO LabMPP.repository.databases.DBUtils - Connection opened successfully.
2025-03-20 07:25:15,671 [1] INFO LabMPP.repository.databases.TripRepoRepository - Finding Trip
2025-03-20 07:25:15,673 [1] INFO LabMPP.repository.databases.DBUtils - Connection opened successfully.
2025-03-20 07:25:15,674 [1] INFO LabMPP.repository.databases.ReservationRepository - Finding Reservation
2025-03-20 07:25:15,675 [1] INFO LabMPP.repository.databases.DBUtils - Connection opened successfully.
2025-03-20 07:25:15,676 [1] INFO LabMPP.repository.databases.TripRepoRepository - Finding Trip
2025-03-20 07:25:15,677 [1] INFO LabMPP.repository.databases.DBUtils - Connection opened successfully.
2025-03-20 07:25:15,678 [1] INFO LabMPP.repository.databases.ReservationRepository - Finding Reservation
2025-03-20 07:25:15,679 [1] INFO LabMPP.repository.databases.DBUtils - Connection opened successfully.
2025-03-20 07:25:15,680 [1] INFO LabMPP.repository.databases.TripRepoRepository - Finding Trip
2025-03-20 07:25:15,681 [1] INFO LabMPP.repository.databases.DBUtils - Connection opened successfully.
2025-03-20 07:25:15,682 [1] INFO LabMPP.repository.databases.ReservationRepository - Finding Reservation
2025-03-20 07:25:15,683 [1] INFO LabMPP.repository.databases.DBUtils - Connection opened successfully.
2025-03-20 07:25:15,684 [1] INFO LabMPP.repository.databases.TripRepoRepository - Finding Trip
2025-03-20 07:25:15,685 [1] INFO LabMPP.repository.databases.DBUtils - Connection opened successfully.
2025-03-20 07:25:15,686 [1] INFO LabMPP.repository.databases.ReservationRepository - Finding Reservation
2025-03-20 07:25:15,687 [1] INFO LabMPP.repository.databases.DBUtils - Connection opened successfully.
2025-03-20 07:25:15,688 [1] INFO LabMPP.repository.databases.TripRepoRepository - Finding Trip
2025-03-20 07:25:15,690 [1] INFO LabMPP.repository.databases.DBUtils - Connection opened successfully.
2025-03-20 07:25:15,691 [1] INFO LabMPP.repository.databases.ReservationRepository - Finding Reservation
2025-03-20 07:25:15,692 [1] INFO LabMPP.repository.databases.DBUtils - Connection opened successfully.
2025-03-20 07:25:15,694 [1] INFO LabMPP.repository.databases.TripRepoRepository - Finding Trip
2025-03-20 07:25:15,696 [1] INFO LabMPP.repository.databases.DBUtils - Connection opened successfully.
2025-03-20 07:25:15,698 [1] INFO LabMPP.repository.databases.ReservationRepository - Finding all Reservations
2025-03-20 07:25:15,699 [1] INFO LabMPP.repository.databases.DBUtils - Connection opened successfully.
2025-03-20 07:25:15,700 [1] INFO LabMPP.repository.databases.ReservationRepository - Finding Reservation
2025-03-20 07:25:15,702 [1] INFO LabMPP.repository.databases.DBUtils - Connection opened successfully.
2025-03-20 07:25:15,703 [1] INFO LabMPP.repository.databases.TripRepoRepository - Finding Trip
2025-03-20 07:25:15,704 [1] INFO LabMPP.repository.databases.DBUtils - Connection opened successfully.
2025-03-20 07:25:15,705 [1] INFO LabMPP.repository.databases.ReservationRepository - Finding Reservation
2025-03-20 07:25:15,706 [1] INFO LabMPP.repository.databases.DBUtils - Connection opened successfully.
2025-03-20 07:25:15,707 [1] INFO LabMPP.repository.databases.TripRepoRepository - Finding Trip
2025-03-20 07:25:15,709 [1] INFO LabMPP.repository.databases.DBUtils - Connection opened successfully.
2025-03-20 07:25:15,710 [1] INFO LabMPP.repository.databases.ReservationRepository - Finding Reservation
2025-03-20 07:25:15,711 [1] INFO LabMPP.repository.databases.DBUtils - Connection opened successfully.
2025-03-20 07:25:15,712 [1] INFO LabMPP.repository.databases.TripRepoRepository - Finding Trip
2025-03-20 07:25:15,714 [1] INFO LabMPP.repository.databases.DBUtils - Connection opened successfully.
2025-03-20 07:25:15,715 [1] INFO LabMPP.repository.databases.ReservationRepository - Finding Reservation
2025-03-20 07:25:15,717 [1] INFO LabMPP.repository.databases.DBUtils - Connection opened successfully.
2025-03-20 07:25:15,718 [1] INFO LabMPP.repository.databases.TripRepoRepository - Finding Trip
2025-03-20 07:25:15,720 [1] INFO LabMPP.repository.databases.DBUtils - Connection opened successfully.
2025-03-20 07:25:15,721 [1] INFO LabMPP.repository.databases.ReservationRepository - Finding Reservation
2025-03-20 07:25:15,722 [1] INFO LabMPP.repository.databases.DBUtils - Connection opened successfully.
2025-03-20 07:25:15,723 [1] INFO LabMPP.repository.databases.TripRepoRepository - Finding Trip
2025-03-20 07:25:15,724 [1] INFO LabMPP.repository.databases.DBUtils - Connection opened successfully.
2025-03-20 07:25:15,725 [1] INFO LabMPP.repository.databases.ReservationRepository - Finding Reservation
2025-03-20 07:25:15,727 [1] INFO LabMPP.repository.databases.DBUtils - Connection opened successfully.
2025-03-20 07:25:15,728 [1] INFO LabMPP.repository.databases.TripRepoRepository - Finding Trip
2025-03-20 07:25:15,729 [1] INFO LabMPP.repository.databases.DBUtils - Connection opened successfully.
2025-03-20 07:25:15,731 [1] INFO LabMPP.repository.databases.ReservationRepository - Finding Reservation
2025-03-20 07:25:15,732 [1] INFO LabMPP.repository.databases.DBUtils - Connection opened successfully.
2025-03-20 07:25:15,733 [1] INFO LabMPP.repository.databases.TripRepoRepository - Finding Trip
2025-03-20 07:25:15,735 [1] INFO LabMPP.repository.databases.DBUtils - Connection opened successfully.
2025-03-20 07:25:15,736 [1] INFO LabMPP.repository.databases.ReservationRepository - Finding Reservation
2025-03-20 07:25:15,737 [1] INFO LabMPP.repository.databases.DBUtils - Connection opened successfully.
2025-03-20 07:25:15,738 [1] INFO LabMPP.repository.databases.TripRepoRepository - Finding Trip
2025-03-20 07:25:15,740 [1] INFO LabMPP.repository.databases.DBUtils - Connection opened successfully.
2025-03-20 07:25:15,742 [1] INFO LabMPP.repository.databases.ReservationRepository - Finding Reservation
2025-03-20 07:25:15,743 [1] INFO LabMPP.repository.databases.DBUtils - Connection opened successfully.
2025-03-20 07:25:15,744 [1] INFO LabMPP.repository.databases.TripRepoRepository - Finding Trip
2025-03-20 07:25:15,746 [1] INFO LabMPP.repository.databases.DBUtils - Connection opened successfully.
2025-03-20 07:25:15,747 [1] INFO LabMPP.repository.databases.ReservationRepository - Finding Reservation
2025-03-20 07:25:15,748 [1] INFO LabMPP.repository.databases.DBUtils - Connection opened successfully.
2025-03-20 07:25:15,749 [1] INFO LabMPP.repository.databases.TripRepoRepository - Finding Trip
2025-03-20 07:25:15,751 [1] INFO LabMPP.repository.databases.DBUtils - Connection opened successfully.
2025-03-20 07:25:15,752 [1] INFO LabMPP.repository.databases.ReservationRepository - Finding Reservation
2025-03-20 07:25:15,753 [1] INFO LabMPP.repository.databases.DBUtils - Connection opened successfully.
2025-03-20 07:25:15,754 [1] INFO LabMPP.repository.databases.TripRepoRepository - Finding Trip
2025-03-20 07:25:15,756 [1] INFO LabMPP.repository.databases.DBUtils - Connection opened successfully.
2025-03-20 07:25:15,757 [1] INFO LabMPP.repository.databases.ReservationRepository - Finding Reservation
2025-03-20 07:25:15,758 [1] INFO LabMPP.repository.databases.DBUtils - Connection opened successfully.
2025-03-20 07:25:15,759 [1] INFO LabMPP.repository.databases.TripRepoRepository - Finding Trip
2025-03-20 07:25:15,761 [1] INFO LabMPP.repository.databases.DBUtils - Connection opened successfully.
2025-03-20 07:25:15,762 [1] INFO LabMPP.repository.databases.ReservationRepository - Finding Reservation
2025-03-20 07:25:15,763 [1] INFO LabMPP.repository.databases.DBUtils - Connection opened successfully.
2025-03-20 07:25:15,764 [1] INFO LabMPP.repository.databases.TripRepoRepository - Finding Trip
2025-03-20 07:25:15,765 [1] INFO LabMPP.repository.databases.DBUtils - Connection opened successfully.
2025-03-20 07:25:15,767 [1] INFO LabMPP.repository.databases.ReservationRepository - Finding Reservation
2025-03-20 07:25:15,768 [1] INFO LabMPP.repository.databases.DBUtils - Connection opened successfully.
2025-03-20 07:25:15,769 [1] INFO LabMPP.repository.databases.TripRepoRepository - Finding Trip
2025-03-20 07:25:15,771 [1] INFO LabMPP.repository.databases.DBUtils - Connection opened successfully.
2025-03-20 07:25:15,772 [1] INFO LabMPP.repository.databases.ReservationRepository - Finding Reservation
2025-03-20 07:25:15,774 [1] INFO LabMPP.repository.databases.DBUtils - Connection opened successfully.
2025-03-20 07:25:15,775 [1] INFO LabMPP.repository.databases.TripRepoRepository - Finding Trip
2025-03-20 07:25:15,777 [1] INFO LabMPP.repository.databases.DBUtils - Connection opened successfully.
2025-03-20 07:25:15,779 [1] INFO LabMPP.repository.databases.ReservationRepository - Finding Reservation
2025-03-20 07:25:15,781 [1] INFO LabMPP.repository.databases.DBUtils - Connection opened successfully.
2025-03-20 07:25:15,782 [1] INFO LabMPP.repository.databases.TripRepoRepository - Finding Trip
2025-03-20 07:25:15,783 [1] INFO LabMPP.repository.databases.DBUtils - Connection opened successfully.
2025-03-20 07:25:15,784 [1] INFO LabMPP.repository.databases.ReservationRepository - Finding Reservation
2025-03-20 07:25:15,785 [1] INFO LabMPP.repository.databases.DBUtils - Connection opened successfully.
2025-03-20 07:25:15,786 [1] INFO LabMPP.repository.databases.TripRepoRepository - Finding Trip
2025-03-20 07:25:15,792 [1] INFO LabMPP.repository.databases.DBUtils - Connection opened successfully.
2025-03-20 07:25:15,794 [1] INFO LabMPP.repository.databases.ReservationRepository - Finding Reservation
2025-03-20 07:25:15,796 [1] INFO LabMPP.repository.databases.DBUtils - Connection opened successfully.
2025-03-20 07:25:15,798 [1] INFO LabMPP.repository.databases.TripRepoRepository - Finding Trip
2025-03-20 07:25:15,800 [1] INFO LabMPP.repository.databases.DBUtils - Connection opened successfully.
2025-03-20 07:25:15,801 [1] INFO LabMPP.repository.databases.ReservationRepository - Finding Reservation
2025-03-20 07:25:15,803 [1] INFO LabMPP.repository.databases.DBUtils - Connection opened successfully.
2025-03-20 07:25:15,805 [1] INFO LabMPP.repository.databases.TripRepoRepository - Finding Trip
2025-03-20 07:25:15,806 [1] INFO LabMPP.repository.databases.DBUtils - Connection opened successfully.
2025-03-20 07:25:15,808 [1] INFO LabMPP.repository.databases.ReservationRepository - Finding Reservation
2025-03-20 07:25:15,809 [1] INFO LabMPP.repository.databases.DBUtils - Connection opened successfully.
2025-03-20 07:25:15,810 [1] INFO LabMPP.repository.databases.TripRepoRepository - Finding Trip
2025-03-20 07:25:15,812 [1] INFO LabMPP.repository.databases.DBUtils - Connection opened successfully.
2025-03-20 07:25:15,819 [1] INFO LabMPP.repository.databases.ReservationRepository - Saving Reservation
2025-03-20 07:25:15,821 [1] INFO LabMPP.repository.databases.DBUtils - Connection opened successfully.
2025-03-20 07:25:15,828 [1] INFO LabMPP.repository.databases.ReservationRepository - Finding all Reservations
2025-03-20 07:25:15,833 [1] INFO LabMPP.repository.databases.DBUtils - Connection opened successfully.
2025-03-20 07:25:15,835 [1] INFO LabMPP.repository.databases.ReservationRepository - Finding Reservation
2025-03-20 07:25:15,836 [1] INFO LabMPP.repository.databases.DBUtils - Connection opened successfully.
2025-03-20 07:25:15,837 [1] INFO LabMPP.repository.databases.TripRepoRepository - Finding Trip
2025-03-20 07:25:15,839 [1] INFO LabMPP.repository.databases.DBUtils - Connection opened successfully.
2025-03-20 07:25:15,840 [1] INFO LabMPP.repository.databases.ReservationRepository - Finding Reservation
2025-03-20 07:25:15,842 [1] INFO LabMPP.repository.databases.DBUtils - Connection opened successfully.
2025-03-20 07:25:15,843 [1] INFO LabMPP.repository.databases.TripRepoRepository - Finding Trip
2025-03-20 07:25:15,844 [1] INFO LabMPP.repository.databases.DBUtils - Connection opened successfully.
2025-03-20 07:25:15,845 [1] INFO LabMPP.repository.databases.ReservationRepository - Finding Reservation
2025-03-20 07:25:15,846 [1] INFO LabMPP.repository.databases.DBUtils - Connection opened successfully.
2025-03-20 07:25:15,847 [1] INFO LabMPP.repository.databases.TripRepoRepository - Finding Trip
2025-03-20 07:25:15,849 [1] INFO LabMPP.repository.databases.DBUtils - Connection opened successfully.
2025-03-20 07:25:15,851 [1] INFO LabMPP.repository.databases.ReservationRepository - Finding Reservation
2025-03-20 07:25:15,852 [1] INFO LabMPP.repository.databases.DBUtils - Connection opened successfully.
2025-03-20 07:25:15,853 [1] INFO LabMPP.repository.databases.TripRepoRepository - Finding Trip
2025-03-20 07:25:15,855 [1] INFO LabMPP.repository.databases.DBUtils - Connection opened successfully.
2025-03-20 07:25:15,857 [1] INFO LabMPP.repository.databases.ReservationRepository - Finding Reservation
2025-03-20 07:25:15,858 [1] INFO LabMPP.repository.databases.DBUtils - Connection opened successfully.
2025-03-20 07:25:15,859 [1] INFO LabMPP.repository.databases.TripRepoRepository - Finding Trip
2025-03-20 07:25:15,860 [1] INFO LabMPP.repository.databases.DBUtils - Connection opened successfully.
2025-03-20 07:25:15,861 [1] INFO LabMPP.repository.databases.ReservationRepository - Finding Reservation
2025-03-20 07:25:15,862 [1] INFO LabMPP.repository.databases.DBUtils - Connection opened successfully.
2025-03-20 07:25:15,863 [1] INFO LabMPP.repository.databases.TripRepoRepository - Finding Trip
2025-03-20 07:25:15,865 [1] INFO LabMPP.repository.databases.DBUtils - Connection opened successfully.
2025-03-20 07:25:15,867 [1] INFO LabMPP.repository.databases.ReservationRepository - Finding Reservation
2025-03-20 07:25:15,868 [1] INFO LabMPP.repository.databases.DBUtils - Connection opened successfully.
2025-03-20 07:25:15,870 [1] INFO LabMPP.repository.databases.TripRepoRepository - Finding Trip
2025-03-20 07:25:15,871 [1] INFO LabMPP.repository.databases.DBUtils - Connection opened successfully.
2025-03-20 07:25:15,872 [1] INFO LabMPP.repository.databases.ReservationRepository - Finding Reservation
2025-03-20 07:25:15,874 [1] INFO LabMPP.repository.databases.DBUtils - Connection opened successfully.
2025-03-20 07:25:15,874 [1] INFO LabMPP.repository.databases.TripRepoRepository - Finding Trip
2025-03-20 07:25:15,876 [1] INFO LabMPP.repository.databases.DBUtils - Connection opened successfully.
2025-03-20 07:25:15,877 [1] INFO LabMPP.repository.databases.ReservationRepository - Finding Reservation
2025-03-20 07:25:15,878 [1] INFO LabMPP.repository.databases.DBUtils - Connection opened successfully.
2025-03-20 07:25:15,879 [1] INFO LabMPP.repository.databases.TripRepoRepository - Finding Trip
2025-03-20 07:25:15,880 [1] INFO LabMPP.repository.databases.DBUtils - Connection opened successfully.
2025-03-20 07:25:15,881 [1] INFO LabMPP.repository.databases.ReservationRepository - Finding Reservation
2025-03-20 07:25:15,883 [1] INFO LabMPP.repository.databases.DBUtils - Connection opened successfully.
2025-03-20 07:25:15,883 [1] INFO LabMPP.repository.databases.TripRepoRepository - Finding Trip
2025-03-20 07:25:15,884 [1] INFO LabMPP.repository.databases.DBUtils - Connection opened successfully.
2025-03-20 07:25:15,886 [1] INFO LabMPP.repository.databases.ReservationRepository - Finding Reservation
2025-03-20 07:25:15,888 [1] INFO LabMPP.repository.databases.DBUtils - Connection opened successfully.
2025-03-20 07:25:15,889 [1] INFO LabMPP.repository.databases.TripRepoRepository - Finding Trip
2025-03-20 07:25:15,890 [1] INFO LabMPP.repository.databases.DBUtils - Connection opened successfully.
2025-03-20 07:25:15,892 [1] INFO LabMPP.repository.databases.ReservationRepository - Finding Reservation
2025-03-20 07:25:15,893 [1] INFO LabMPP.repository.databases.DBUtils - Connection opened successfully.
2025-03-20 07:25:15,894 [1] INFO LabMPP.repository.databases.TripRepoRepository - Finding Trip
2025-03-20 07:25:15,895 [1] INFO LabMPP.repository.databases.DBUtils - Connection opened successfully.
2025-03-20 07:25:15,896 [1] INFO LabMPP.repository.databases.ReservationRepository - Finding Reservation
2025-03-20 07:25:15,897 [1] INFO LabMPP.repository.databases.DBUtils - Connection opened successfully.
2025-03-20 07:25:15,899 [1] INFO LabMPP.repository.databases.TripRepoRepository - Finding Trip
2025-03-20 07:25:15,900 [1] INFO LabMPP.repository.databases.DBUtils - Connection opened successfully.
2025-03-20 07:25:15,901 [1] INFO LabMPP.repository.databases.ReservationRepository - Finding Reservation
2025-03-20 07:25:15,903 [1] INFO LabMPP.repository.databases.DBUtils - Connection opened successfully.
2025-03-20 07:25:15,904 [1] INFO LabMPP.repository.databases.TripRepoRepository - Finding Trip
2025-03-20 07:25:15,905 [1] INFO LabMPP.repository.databases.DBUtils - Connection opened successfully.
2025-03-20 07:25:15,906 [1] INFO LabMPP.repository.databases.ReservationRepository - Finding Reservation
2025-03-20 07:25:15,907 [1] INFO LabMPP.repository.databases.DBUtils - Connection opened successfully.
2025-03-20 07:25:15,909 [1] INFO LabMPP.repository.databases.TripRepoRepository - Finding Trip
2025-03-20 07:25:15,911 [1] INFO LabMPP.repository.databases.DBUtils - Connection opened successfully.
2025-03-20 07:25:15,913 [1] INFO LabMPP.repository.databases.ReservationRepository - Finding Reservation
2025-03-20 07:25:15,914 [1] INFO LabMPP.repository.databases.DBUtils - Connection opened successfully.
2025-03-20 07:25:15,915 [1] INFO LabMPP.repository.databases.TripRepoRepository - Finding Trip
2025-03-20 07:25:15,916 [1] INFO LabMPP.repository.databases.DBUtils - Connection opened successfully.
2025-03-20 07:25:15,917 [1] INFO LabMPP.repository.databases.ReservationRepository - Finding Reservation
2025-03-20 07:25:15,919 [1] INFO LabMPP.repository.databases.DBUtils - Connection opened successfully.
2025-03-20 07:25:15,920 [1] INFO LabMPP.repository.databases.TripRepoRepository - Finding Trip
2025-03-20 07:25:15,922 [1] INFO LabMPP.repository.databases.DBUtils - Connection opened successfully.
2025-03-20 07:25:15,923 [1] INFO LabMPP.repository.databases.ReservationRepository - Finding Reservation
2025-03-20 07:25:15,924 [1] INFO LabMPP.repository.databases.DBUtils - Connection opened successfully.
2025-03-20 07:25:15,926 [1] INFO LabMPP.repository.databases.TripRepoRepository - Finding Trip
2025-03-20 07:25:15,929 [1] INFO LabMPP.repository.databases.DBUtils - Connection opened successfully.
2025-03-20 07:25:15,930 [1] INFO LabMPP.repository.databases.ReservationRepository - Finding Reservation
2025-03-20 07:25:15,932 [1] INFO LabMPP.repository.databases.DBUtils - Connection opened successfully.
2025-03-20 07:25:15,934 [1] INFO LabMPP.repository.databases.TripRepoRepository - Finding Trip
2025-03-20 07:25:15,935 [1] INFO LabMPP.repository.databases.DBUtils - Connection opened successfully.
2025-03-20 07:25:15,936 [1] INFO LabMPP.repository.databases.ReservationRepository - Finding Reservation
2025-03-20 07:25:15,938 [1] INFO LabMPP.repository.databases.DBUtils - Connection opened successfully.
2025-03-20 07:25:15,939 [1] INFO LabMPP.repository.databases.TripRepoRepository - Finding Trip
2025-03-20 07:25:15,941 [1] INFO LabMPP.repository.databases.DBUtils - Connection opened successfully.
2025-03-20 07:25:15,942 [1] INFO LabMPP.repository.databases.ReservationRepository - Finding Reservation
2025-03-20 07:25:15,944 [1] INFO LabMPP.repository.databases.DBUtils - Connection opened successfully.
2025-03-20 07:25:15,946 [1] INFO LabMPP.repository.databases.TripRepoRepository - Finding Trip
2025-03-20 07:25:15,947 [1] INFO LabMPP.repository.databases.DBUtils - Connection opened successfully.
2025-03-20 07:25:33,610 [1] INFO LabMPP.repository.databases.TripRepoRepository - Creating TripRepository
2025-03-20 07:25:33,626 [1] INFO LabMPP.repository.databases.ManagerRepository - Creating ManagerRepository
2025-03-20 07:25:33,626 [1] INFO LabMPP.repository.databases.ReservationRepository - Creating TripRepository
2025-03-20 07:25:33,627 [1] INFO LabMPP.repository.databases.TripRepoRepository - Creating TripRepository
2025-03-20 07:25:33,627 [1] INFO Program - Aplicația a pornit!
2025-03-20 07:25:33,723 [1] INFO LabMPP.repository.databases.DBUtils - Connection opened successfully.
2025-03-20 07:25:33,729 [1] INFO Program - Test connection successful
2025-03-20 07:25:33,730 [1] INFO LabMPP.repository.databases.TripRepoRepository - Creating TripRepository
2025-03-20 07:25:33,731 [1] INFO LabMPP.repository.databases.TripRepoRepository - Finding all Trips
2025-03-20 07:25:33,731 [1] INFO LabMPP.repository.databases.DBUtils - Connection opened successfully.
2025-03-20 07:25:33,749 [1] INFO LabMPP.repository.databases.TripRepoRepository - Finding all Trips
2025-03-20 07:25:33,751 [1] INFO LabMPP.repository.databases.DBUtils - Connection opened successfully.
2025-03-20 07:25:33,760 [1] INFO LabMPP.repository.databases.TripRepoRepository - Saving Trip
2025-03-20 07:25:33,761 [1] INFO LabMPP.repository.databases.DBUtils - Connection opened successfully.
2025-03-20 07:25:33,775 [1] INFO LabMPP.repository.databases.TripRepoRepository - Finding all Trips
2025-03-20 07:25:33,779 [1] INFO LabMPP.repository.databases.DBUtils - Connection opened successfully.
2025-03-20 07:25:33,787 [1] INFO LabMPP.repository.databases.ManagerRepository - Creating ManagerRepository
2025-03-20 07:25:33,788 [1] INFO LabMPP.repository.databases.ManagerRepository - Finding all Managers
2025-03-20 07:25:33,789 [1] INFO LabMPP.repository.databases.DBUtils - Connection opened successfully.
2025-03-20 07:25:33,790 [1] INFO LabMPP.repository.databases.ManagerRepository - Finding all Managers
2025-03-20 07:25:33,791 [1] INFO LabMPP.repository.databases.DBUtils - Connection opened successfully.
2025-03-20 07:25:33,797 [1] INFO LabMPP.repository.databases.ManagerRepository - Saving Manager
2025-03-20 07:25:33,798 [1] INFO LabMPP.repository.databases.DBUtils - Connection opened successfully.
2025-03-20 07:25:33,804 [1] INFO LabMPP.repository.databases.ManagerRepository - Finding all Managers
2025-03-20 07:25:33,807 [1] INFO LabMPP.repository.databases.DBUtils - Connection opened successfully.
2025-03-20 07:25:33,812 [1] INFO LabMPP.repository.databases.ReservationRepository - Creating TripRepository
2025-03-20 07:25:33,813 [1] INFO LabMPP.repository.databases.TripRepoRepository - Creating TripRepository
2025-03-20 07:25:33,814 [1] INFO LabMPP.repository.databases.ReservationRepository - Finding all Reservations
2025-03-20 07:25:33,815 [1] INFO LabMPP.repository.databases.DBUtils - Connection opened successfully.
2025-03-20 07:25:33,816 [1] INFO LabMPP.repository.databases.ReservationRepository - Finding Reservation
2025-03-20 07:25:33,817 [1] INFO LabMPP.repository.databases.DBUtils - Connection opened successfully.
2025-03-20 07:25:33,818 [1] INFO LabMPP.repository.databases.TripRepoRepository - Finding Trip
2025-03-20 07:25:33,819 [1] INFO LabMPP.repository.databases.DBUtils - Connection opened successfully.
2025-03-20 07:25:33,822 [1] INFO LabMPP.repository.databases.ReservationRepository - Finding Reservation
2025-03-20 07:25:33,823 [1] INFO LabMPP.repository.databases.DBUtils - Connection opened successfully.
2025-03-20 07:25:33,824 [1] INFO LabMPP.repository.databases.TripRepoRepository - Finding Trip
2025-03-20 07:25:33,824 [1] INFO LabMPP.repository.databases.DBUtils - Connection opened successfully.
2025-03-20 07:25:33,825 [1] INFO LabMPP.repository.databases.ReservationRepository - Finding Reservation
2025-03-20 07:25:33,826 [1] INFO LabMPP.repository.databases.DBUtils - Connection opened successfully.
2025-03-20 07:25:33,827 [1] INFO LabMPP.repository.databases.TripRepoRepository - Finding Trip
2025-03-20 07:25:33,828 [1] INFO LabMPP.repository.databases.DBUtils - Connection opened successfully.
2025-03-20 07:25:33,829 [1] INFO LabMPP.repository.databases.ReservationRepository - Finding Reservation
2025-03-20 07:25:33,830 [1] INFO LabMPP.repository.databases.DBUtils - Connection opened successfully.
2025-03-20 07:25:33,831 [1] INFO LabMPP.repository.databases.TripRepoRepository - Finding Trip
2025-03-20 07:25:33,833 [1] INFO LabMPP.repository.databases.DBUtils - Connection opened successfully.
2025-03-20 07:25:33,834 [1] INFO LabMPP.repository.databases.ReservationRepository - Finding Reservation
2025-03-20 07:25:33,835 [1] INFO LabMPP.repository.databases.DBUtils - Connection opened successfully.
2025-03-20 07:25:33,836 [1] INFO LabMPP.repository.databases.TripRepoRepository - Finding Trip
2025-03-20 07:25:33,837 [1] INFO LabMPP.repository.databases.DBUtils - Connection opened successfully.
2025-03-20 07:25:33,837 [1] INFO LabMPP.repository.databases.ReservationRepository - Finding Reservation
2025-03-20 07:25:33,838 [1] INFO LabMPP.repository.databases.DBUtils - Connection opened successfully.
2025-03-20 07:25:33,839 [1] INFO LabMPP.repository.databases.TripRepoRepository - Finding Trip
2025-03-20 07:25:33,840 [1] INFO LabMPP.repository.databases.DBUtils - Connection opened successfully.
2025-03-20 07:25:33,841 [1] INFO LabMPP.repository.databases.ReservationRepository - Finding Reservation
2025-03-20 07:25:33,842 [1] INFO LabMPP.repository.databases.DBUtils - Connection opened successfully.
2025-03-20 07:25:33,843 [1] INFO LabMPP.repository.databases.TripRepoRepository - Finding Trip
2025-03-20 07:25:33,844 [1] INFO LabMPP.repository.databases.DBUtils - Connection opened successfully.
2025-03-20 07:25:33,845 [1] INFO LabMPP.repository.databases.ReservationRepository - Finding Reservation
2025-03-20 07:25:33,845 [1] INFO LabMPP.repository.databases.DBUtils - Connection opened successfully.
2025-03-20 07:25:33,846 [1] INFO LabMPP.repository.databases.TripRepoRepository - Finding Trip
2025-03-20 07:25:33,847 [1] INFO LabMPP.repository.databases.DBUtils - Connection opened successfully.
2025-03-20 07:25:33,847 [1] INFO LabMPP.repository.databases.ReservationRepository - Finding Reservation
2025-03-20 07:25:33,848 [1] INFO LabMPP.repository.databases.DBUtils - Connection opened successfully.
2025-03-20 07:25:33,849 [1] INFO LabMPP.repository.databases.TripRepoRepository - Finding Trip
2025-03-20 07:25:33,849 [1] INFO LabMPP.repository.databases.DBUtils - Connection opened successfully.
2025-03-20 07:25:33,850 [1] INFO LabMPP.repository.databases.ReservationRepository - Finding Reservation
2025-03-20 07:25:33,851 [1] INFO LabMPP.repository.databases.DBUtils - Connection opened successfully.
2025-03-20 07:25:33,851 [1] INFO LabMPP.repository.databases.TripRepoRepository - Finding Trip
2025-03-20 07:25:33,852 [1] INFO LabMPP.repository.databases.DBUtils - Connection opened successfully.
2025-03-20 07:25:33,852 [1] INFO LabMPP.repository.databases.ReservationRepository - Finding Reservation
2025-03-20 07:25:33,853 [1] INFO LabMPP.repository.databases.DBUtils - Connection opened successfully.
2025-03-20 07:25:33,854 [1] INFO LabMPP.repository.databases.TripRepoRepository - Finding Trip
2025-03-20 07:25:33,854 [1] INFO LabMPP.repository.databases.DBUtils - Connection opened successfully.
2025-03-20 07:25:33,855 [1] INFO LabMPP.repository.databases.ReservationRepository - Finding Reservation
2025-03-20 07:25:33,856 [1] INFO LabMPP.repository.databases.DBUtils - Connection opened successfully.
2025-03-20 07:25:33,856 [1] INFO LabMPP.repository.databases.TripRepoRepository - Finding Trip
2025-03-20 07:25:33,857 [1] INFO LabMPP.repository.databases.DBUtils - Connection opened successfully.
2025-03-20 07:25:33,857 [1] INFO LabMPP.repository.databases.ReservationRepository - Finding Reservation
2025-03-20 07:25:33,858 [1] INFO LabMPP.repository.databases.DBUtils - Connection opened successfully.
2025-03-20 07:25:33,859 [1] INFO LabMPP.repository.databases.TripRepoRepository - Finding Trip
2025-03-20 07:25:33,860 [1] INFO LabMPP.repository.databases.DBUtils - Connection opened successfully.
2025-03-20 07:25:33,860 [1] INFO LabMPP.repository.databases.ReservationRepository - Finding Reservation
2025-03-20 07:25:33,861 [1] INFO LabMPP.repository.databases.DBUtils - Connection opened successfully.
2025-03-20 07:25:33,862 [1] INFO LabMPP.repository.databases.TripRepoRepository - Finding Trip
2025-03-20 07:25:33,863 [1] INFO LabMPP.repository.databases.DBUtils - Connection opened successfully.
2025-03-20 07:25:33,864 [1] INFO LabMPP.repository.databases.ReservationRepository - Finding Reservation
2025-03-20 07:25:33,865 [1] INFO LabMPP.repository.databases.DBUtils - Connection opened successfully.
2025-03-20 07:25:33,866 [1] INFO LabMPP.repository.databases.TripRepoRepository - Finding Trip
2025-03-20 07:25:33,866 [1] INFO LabMPP.repository.databases.DBUtils - Connection opened successfully.
2025-03-20 07:25:33,867 [1] INFO LabMPP.repository.databases.ReservationRepository - Finding Reservation
2025-03-20 07:25:33,868 [1] INFO LabMPP.repository.databases.DBUtils - Connection opened successfully.
2025-03-20 07:25:33,869 [1] INFO LabMPP.repository.databases.TripRepoRepository - Finding Trip
2025-03-20 07:25:33,870 [1] INFO LabMPP.repository.databases.DBUtils - Connection opened successfully.
2025-03-20 07:25:33,871 [1] INFO LabMPP.repository.databases.ReservationRepository - Finding Reservation
2025-03-20 07:25:33,872 [1] INFO LabMPP.repository.databases.DBUtils - Connection opened successfully.
2025-03-20 07:25:33,872 [1] INFO LabMPP.repository.databases.TripRepoRepository - Finding Trip
2025-03-20 07:25:33,873 [1] INFO LabMPP.repository.databases.DBUtils - Connection opened successfully.
2025-03-20 07:25:33,874 [1] INFO LabMPP.repository.databases.ReservationRepository - Finding Reservation
2025-03-20 07:25:33,875 [1] INFO LabMPP.repository.databases.DBUtils - Connection opened successfully.
2025-03-20 07:25:33,875 [1] INFO LabMPP.repository.databases.TripRepoRepository - Finding Trip
2025-03-20 07:25:33,876 [1] INFO LabMPP.repository.databases.DBUtils - Connection opened successfully.
2025-03-20 07:25:33,876 [1] INFO LabMPP.repository.databases.ReservationRepository - Finding Reservation
2025-03-20 07:25:33,877 [1] INFO LabMPP.repository.databases.DBUtils - Connection opened successfully.
2025-03-20 07:25:33,878 [1] INFO LabMPP.repository.databases.TripRepoRepository - Finding Trip
2025-03-20 07:25:33,878 [1] INFO LabMPP.repository.databases.DBUtils - Connection opened successfully.
2025-03-20 07:25:33,879 [1] INFO LabMPP.repository.databases.ReservationRepository - Finding Reservation
2025-03-20 07:25:33,879 [1] INFO LabMPP.repository.databases.DBUtils - Connection opened successfully.
2025-03-20 07:25:33,880 [1] INFO LabMPP.repository.databases.TripRepoRepository - Finding Trip
2025-03-20 07:25:33,881 [1] INFO LabMPP.repository.databases.DBUtils - Connection opened successfully.
2025-03-20 07:25:33,881 [1] INFO LabMPP.repository.databases.ReservationRepository - Finding Reservation
2025-03-20 07:25:33,882 [1] INFO LabMPP.repository.databases.DBUtils - Connection opened successfully.
2025-03-20 07:25:33,883 [1] INFO LabMPP.repository.databases.TripRepoRepository - Finding Trip
2025-03-20 07:25:33,884 [1] INFO LabMPP.repository.databases.DBUtils - Connection opened successfully.
2025-03-20 07:25:33,885 [1] INFO LabMPP.repository.databases.ReservationRepository - Finding all Reservations
2025-03-20 07:25:33,886 [1] INFO LabMPP.repository.databases.DBUtils - Connection opened successfully.
2025-03-20 07:25:33,887 [1] INFO LabMPP.repository.databases.ReservationRepository - Finding Reservation
2025-03-20 07:25:33,888 [1] INFO LabMPP.repository.databases.DBUtils - Connection opened successfully.
2025-03-20 07:25:33,889 [1] INFO LabMPP.repository.databases.TripRepoRepository - Finding Trip
2025-03-20 07:25:33,890 [1] INFO LabMPP.repository.databases.DBUtils - Connection opened successfully.
2025-03-20 07:25:33,890 [1] INFO LabMPP.repository.databases.ReservationRepository - Finding Reservation
2025-03-20 07:25:33,891 [1] INFO LabMPP.repository.databases.DBUtils - Connection opened successfully.
2025-03-20 07:25:33,892 [1] INFO LabMPP.repository.databases.TripRepoRepository - Finding Trip
2025-03-20 07:25:33,892 [1] INFO LabMPP.repository.databases.DBUtils - Connection opened successfully.
2025-03-20 07:25:33,893 [1] INFO LabMPP.repository.databases.ReservationRepository - Finding Reservation
2025-03-20 07:25:33,894 [1] INFO LabMPP.repository.databases.DBUtils - Connection opened successfully.
2025-03-20 07:25:33,895 [1] INFO LabMPP.repository.databases.TripRepoRepository - Finding Trip
2025-03-20 07:25:33,895 [1] INFO LabMPP.repository.databases.DBUtils - Connection opened successfully.
2025-03-20 07:25:33,896 [1] INFO LabMPP.repository.databases.ReservationRepository - Finding Reservation
2025-03-20 07:25:33,897 [1] INFO LabMPP.repository.databases.DBUtils - Connection opened successfully.
2025-03-20 07:25:33,897 [1] INFO LabMPP.repository.databases.TripRepoRepository - Finding Trip
2025-03-20 07:25:33,898 [1] INFO LabMPP.repository.databases.DBUtils - Connection opened successfully.
2025-03-20 07:25:33,899 [1] INFO LabMPP.repository.databases.ReservationRepository - Finding Reservation
2025-03-20 07:25:33,899 [1] INFO LabMPP.repository.databases.DBUtils - Connection opened successfully.
2025-03-20 07:25:33,900 [1] INFO LabMPP.repository.databases.TripRepoRepository - Finding Trip
2025-03-20 07:25:33,901 [1] INFO LabMPP.repository.databases.DBUtils - Connection opened successfully.
2025-03-20 07:25:33,901 [1] INFO LabMPP.repository.databases.ReservationRepository - Finding Reservation
2025-03-20 07:25:33,902 [1] INFO LabMPP.repository.databases.DBUtils - Connection opened successfully.
2025-03-20 07:25:33,905 [1] INFO LabMPP.repository.databases.TripRepoRepository - Finding Trip
2025-03-20 07:25:33,906 [1] INFO LabMPP.repository.databases.DBUtils - Connection opened successfully.
2025-03-20 07:25:33,907 [1] INFO LabMPP.repository.databases.ReservationRepository - Finding Reservation
2025-03-20 07:25:33,909 [1] INFO LabMPP.repository.databases.DBUtils - Connection opened successfully.
2025-03-20 07:25:33,909 [1] INFO LabMPP.repository.databases.TripRepoRepository - Finding Trip
2025-03-20 07:25:33,911 [1] INFO LabMPP.repository.databases.DBUtils - Connection opened successfully.
2025-03-20 07:25:33,912 [1] INFO LabMPP.repository.databases.ReservationRepository - Finding Reservation
2025-03-20 07:25:33,913 [1] INFO LabMPP.repository.databases.DBUtils - Connection opened successfully.
2025-03-20 07:25:33,913 [1] INFO LabMPP.repository.databases.TripRepoRepository - Finding Trip
2025-03-20 07:25:33,915 [1] INFO LabMPP.repository.databases.DBUtils - Connection opened successfully.
2025-03-20 07:25:33,916 [1] INFO LabMPP.repository.databases.ReservationRepository - Finding Reservation
2025-03-20 07:25:33,917 [1] INFO LabMPP.repository.databases.DBUtils - Connection opened successfully.
2025-03-20 07:25:33,918 [1] INFO LabMPP.repository.databases.TripRepoRepository - Finding Trip
2025-03-20 07:25:33,920 [1] INFO LabMPP.repository.databases.DBUtils - Connection opened successfully.
2025-03-20 07:25:33,920 [1] INFO LabMPP.repository.databases.ReservationRepository - Finding Reservation
2025-03-20 07:25:33,922 [1] INFO LabMPP.repository.databases.DBUtils - Connection opened successfully.
2025-03-20 07:25:33,922 [1] INFO LabMPP.repository.databases.TripRepoRepository - Finding Trip
2025-03-20 07:25:33,924 [1] INFO LabMPP.repository.databases.DBUtils - Connection opened successfully.
2025-03-20 07:25:33,925 [1] INFO LabMPP.repository.databases.ReservationRepository - Finding Reservation
2025-03-20 07:25:33,927 [1] INFO LabMPP.repository.databases.DBUtils - Connection opened successfully.
2025-03-20 07:25:33,928 [1] INFO LabMPP.repository.databases.TripRepoRepository - Finding Trip
2025-03-20 07:25:33,928 [1] INFO LabMPP.repository.databases.DBUtils - Connection opened successfully.
2025-03-20 07:25:33,929 [1] INFO LabMPP.repository.databases.ReservationRepository - Finding Reservation
2025-03-20 07:25:33,930 [1] INFO LabMPP.repository.databases.DBUtils - Connection opened successfully.
2025-03-20 07:25:33,931 [1] INFO LabMPP.repository.databases.TripRepoRepository - Finding Trip
2025-03-20 07:25:33,932 [1] INFO LabMPP.repository.databases.DBUtils - Connection opened successfully.
2025-03-20 07:25:33,933 [1] INFO LabMPP.repository.databases.ReservationRepository - Finding Reservation
2025-03-20 07:25:33,935 [1] INFO LabMPP.repository.databases.DBUtils - Connection opened successfully.
2025-03-20 07:25:33,936 [1] INFO LabMPP.repository.databases.TripRepoRepository - Finding Trip
2025-03-20 07:25:33,937 [1] INFO LabMPP.repository.databases.DBUtils - Connection opened successfully.
2025-03-20 07:25:33,938 [1] INFO LabMPP.repository.databases.ReservationRepository - Finding Reservation
2025-03-20 07:25:33,939 [1] INFO LabMPP.repository.databases.DBUtils - Connection opened successfully.
2025-03-20 07:25:33,940 [1] INFO LabMPP.repository.databases.TripRepoRepository - Finding Trip
2025-03-20 07:25:33,941 [1] INFO LabMPP.repository.databases.DBUtils - Connection opened successfully.
2025-03-20 07:25:33,942 [1] INFO LabMPP.repository.databases.ReservationRepository - Finding Reservation
2025-03-20 07:25:33,943 [1] INFO LabMPP.repository.databases.DBUtils - Connection opened successfully.
2025-03-20 07:25:33,944 [1] INFO LabMPP.repository.databases.TripRepoRepository - Finding Trip
2025-03-20 07:25:33,945 [1] INFO LabMPP.repository.databases.DBUtils - Connection opened successfully.
2025-03-20 07:25:33,946 [1] INFO LabMPP.repository.databases.ReservationRepository - Finding Reservation
2025-03-20 07:25:33,947 [1] INFO LabMPP.repository.databases.DBUtils - Connection opened successfully.
2025-03-20 07:25:33,947 [1] INFO LabMPP.repository.databases.TripRepoRepository - Finding Trip
2025-03-20 07:25:33,949 [1] INFO LabMPP.repository.databases.DBUtils - Connection opened successfully.
2025-03-20 07:25:33,950 [1] INFO LabMPP.repository.databases.ReservationRepository - Finding Reservation
2025-03-20 07:25:33,951 [1] INFO LabMPP.repository.databases.DBUtils - Connection opened successfully.
2025-03-20 07:25:33,951 [1] INFO LabMPP.repository.databases.TripRepoRepository - Finding Trip
2025-03-20 07:25:33,952 [1] INFO LabMPP.repository.databases.DBUtils - Connection opened successfully.
2025-03-20 07:25:33,953 [1] INFO LabMPP.repository.databases.ReservationRepository - Finding Reservation
2025-03-20 07:25:33,954 [1] INFO LabMPP.repository.databases.DBUtils - Connection opened successfully.
2025-03-20 07:25:33,955 [1] INFO LabMPP.repository.databases.TripRepoRepository - Finding Trip
2025-03-20 07:25:33,956 [1] INFO LabMPP.repository.databases.DBUtils - Connection opened successfully.
2025-03-20 07:25:33,957 [1] INFO LabMPP.repository.databases.ReservationRepository - Finding Reservation
2025-03-20 07:25:33,958 [1] INFO LabMPP.repository.databases.DBUtils - Connection opened successfully.
2025-03-20 07:25:33,959 [1] INFO LabMPP.repository.databases.TripRepoRepository - Finding Trip
2025-03-20 07:25:33,960 [1] INFO LabMPP.repository.databases.DBUtils - Connection opened successfully.
2025-03-20 07:25:33,961 [1] INFO LabMPP.repository.databases.ReservationRepository - Finding Reservation
2025-03-20 07:25:33,963 [1] INFO LabMPP.repository.databases.DBUtils - Connection opened successfully.
2025-03-20 07:25:33,964 [1] INFO LabMPP.repository.databases.TripRepoRepository - Finding Trip
2025-03-20 07:25:33,965 [1] INFO LabMPP.repository.databases.DBUtils - Connection opened successfully.
2025-03-20 07:25:33,967 [1] INFO LabMPP.repository.databases.ReservationRepository - Finding Reservation
2025-03-20 07:25:33,968 [1] INFO LabMPP.repository.databases.DBUtils - Connection opened successfully.
2025-03-20 07:25:33,969 [1] INFO LabMPP.repository.databases.TripRepoRepository - Finding Trip
2025-03-20 07:25:33,971 [1] INFO LabMPP.repository.databases.DBUtils - Connection opened successfully.
2025-03-20 07:25:33,979 [1] INFO LabMPP.repository.databases.ReservationRepository - Saving Reservation
2025-03-20 07:25:33,981 [1] INFO LabMPP.repository.databases.DBUtils - Connection opened successfully.
2025-03-20 07:25:33,990 [1] INFO LabMPP.repository.databases.ReservationRepository - Finding all Reservations
2025-03-20 07:25:33,994 [1] INFO LabMPP.repository.databases.DBUtils - Connection opened successfully.
2025-03-20 07:25:33,996 [1] INFO LabMPP.repository.databases.ReservationRepository - Finding Reservation
2025-03-20 07:25:33,997 [1] INFO LabMPP.repository.databases.DBUtils - Connection opened successfully.
2025-03-20 07:25:33,998 [1] INFO LabMPP.repository.databases.TripRepoRepository - Finding Trip
2025-03-20 07:25:34,000 [1] INFO LabMPP.repository.databases.DBUtils - Connection opened successfully.
2025-03-20 07:25:34,001 [1] INFO LabMPP.repository.databases.ReservationRepository - Finding Reservation
2025-03-20 07:25:34,003 [1] INFO LabMPP.repository.databases.DBUtils - Connection opened successfully.
2025-03-20 07:25:34,004 [1] INFO LabMPP.repository.databases.TripRepoRepository - Finding Trip
2025-03-20 07:25:34,005 [1] INFO LabMPP.repository.databases.DBUtils - Connection opened successfully.
2025-03-20 07:25:34,006 [1] INFO LabMPP.repository.databases.ReservationRepository - Finding Reservation
2025-03-20 07:25:34,008 [1] INFO LabMPP.repository.databases.DBUtils - Connection opened successfully.
2025-03-20 07:25:34,009 [1] INFO LabMPP.repository.databases.TripRepoRepository - Finding Trip
2025-03-20 07:25:34,010 [1] INFO LabMPP.repository.databases.DBUtils - Connection opened successfully.
2025-03-20 07:25:34,011 [1] INFO LabMPP.repository.databases.ReservationRepository - Finding Reservation
2025-03-20 07:25:34,012 [1] INFO LabMPP.repository.databases.DBUtils - Connection opened successfully.
2025-03-20 07:25:34,013 [1] INFO LabMPP.repository.databases.TripRepoRepository - Finding Trip
2025-03-20 07:25:34,015 [1] INFO LabMPP.repository.databases.DBUtils - Connection opened successfully.
2025-03-20 07:25:34,015 [1] INFO LabMPP.repository.databases.ReservationRepository - Finding Reservation
2025-03-20 07:25:34,017 [1] INFO LabMPP.repository.databases.DBUtils - Connection opened successfully.
2025-03-20 07:25:34,018 [1] INFO LabMPP.repository.databases.TripRepoRepository - Finding Trip
2025-03-20 07:25:34,020 [1] INFO LabMPP.repository.databases.DBUtils - Connection opened successfully.
2025-03-20 07:25:34,021 [1] INFO LabMPP.repository.databases.ReservationRepository - Finding Reservation
2025-03-20 07:25:34,023 [1] INFO LabMPP.repository.databases.DBUtils - Connection opened successfully.
2025-03-20 07:25:34,024 [1] INFO LabMPP.repository.databases.TripRepoRepository - Finding Trip
2025-03-20 07:25:34,026 [1] INFO LabMPP.repository.databases.DBUtils - Connection opened successfully.
2025-03-20 07:25:34,027 [1] INFO LabMPP.repository.databases.ReservationRepository - Finding Reservation
2025-03-20 07:25:34,029 [1] INFO LabMPP.repository.databases.DBUtils - Connection opened successfully.
2025-03-20 07:25:34,030 [1] INFO LabMPP.repository.databases.TripRepoRepository - Finding Trip
2025-03-20 07:25:34,031 [1] INFO LabMPP.repository.databases.DBUtils - Connection opened successfully.
2025-03-20 07:25:34,033 [1] INFO LabMPP.repository.databases.ReservationRepository - Finding Reservation
2025-03-20 07:25:34,034 [1] INFO LabMPP.repository.databases.DBUtils - Connection opened successfully.
2025-03-20 07:25:34,036 [1] INFO LabMPP.repository.databases.TripRepoRepository - Finding Trip
2025-03-20 07:25:34,037 [1] INFO LabMPP.repository.databases.DBUtils - Connection opened successfully.
2025-03-20 07:25:34,038 [1] INFO LabMPP.repository.databases.ReservationRepository - Finding Reservation
2025-03-20 07:25:34,040 [1] INFO LabMPP.repository.databases.DBUtils - Connection opened successfully.
2025-03-20 07:25:34,042 [1] INFO LabMPP.repository.databases.TripRepoRepository - Finding Trip
2025-03-20 07:25:34,043 [1] INFO LabMPP.repository.databases.DBUtils - Connection opened successfully.
2025-03-20 07:25:34,044 [1] INFO LabMPP.repository.databases.ReservationRepository - Finding Reservation
2025-03-20 07:25:34,046 [1] INFO LabMPP.repository.databases.DBUtils - Connection opened successfully.
2025-03-20 07:25:34,047 [1] INFO LabMPP.repository.databases.TripRepoRepository - Finding Trip
2025-03-20 07:25:34,048 [1] INFO LabMPP.repository.databases.DBUtils - Connection opened successfully.
2025-03-20 07:25:34,050 [1] INFO LabMPP.repository.databases.ReservationRepository - Finding Reservation
2025-03-20 07:25:34,051 [1] INFO LabMPP.repository.databases.DBUtils - Connection opened successfully.
2025-03-20 07:25:34,052 [1] INFO LabMPP.repository.databases.TripRepoRepository - Finding Trip
2025-03-20 07:25:34,053 [1] INFO LabMPP.repository.databases.DBUtils - Connection opened successfully.
2025-03-20 07:25:34,054 [1] INFO LabMPP.repository.databases.ReservationRepository - Finding Reservation
2025-03-20 07:25:34,055 [1] INFO LabMPP.repository.databases.DBUtils - Connection opened successfully.
2025-03-20 07:25:34,056 [1] INFO LabMPP.repository.databases.TripRepoRepository - Finding Trip
2025-03-20 07:25:34,057 [1] INFO LabMPP.repository.databases.DBUtils - Connection opened successfully.
2025-03-20 07:25:34,058 [1] INFO LabMPP.repository.databases.ReservationRepository - Finding Reservation
2025-03-20 07:25:34,059 [1] INFO LabMPP.repository.databases.DBUtils - Connection opened successfully.
2025-03-20 07:25:34,061 [1] INFO LabMPP.repository.databases.TripRepoRepository - Finding Trip
2025-03-20 07:25:34,062 [1] INFO LabMPP.repository.databases.DBUtils - Connection opened successfully.
2025-03-20 07:25:34,063 [1] INFO LabMPP.repository.databases.ReservationRepository - Finding Reservation
2025-03-20 07:25:34,065 [1] INFO LabMPP.repository.databases.DBUtils - Connection opened successfully.
2025-03-20 07:25:34,066 [1] INFO LabMPP.repository.databases.TripRepoRepository - Finding Trip
2025-03-20 07:25:34,068 [1] INFO LabMPP.repository.databases.DBUtils - Connection opened successfully.
2025-03-20 07:25:34,069 [1] INFO LabMPP.repository.databases.ReservationRepository - Finding Reservation
2025-03-20 07:25:34,070 [1] INFO LabMPP.repository.databases.DBUtils - Connection opened successfully.
2025-03-20 07:25:34,071 [1] INFO LabMPP.repository.databases.TripRepoRepository - Finding Trip
2025-03-20 07:25:34,073 [1] INFO LabMPP.repository.databases.DBUtils - Connection opened successfully.
2025-03-20 07:25:34,074 [1] INFO LabMPP.repository.databases.ReservationRepository - Finding Reservation
2025-03-20 07:25:34,075 [1] INFO LabMPP.repository.databases.DBUtils - Connection opened successfully.
2025-03-20 07:25:34,076 [1] INFO LabMPP.repository.databases.TripRepoRepository - Finding Trip
2025-03-20 07:25:34,078 [1] INFO LabMPP.repository.databases.DBUtils - Connection opened successfully.
2025-03-20 07:25:34,079 [1] INFO LabMPP.repository.databases.ReservationRepository - Finding Reservation
2025-03-20 07:25:34,080 [1] INFO LabMPP.repository.databases.DBUtils - Connection opened successfully.
2025-03-20 07:25:34,081 [1] INFO LabMPP.repository.databases.TripRepoRepository - Finding Trip
2025-03-20 07:25:34,083 [1] INFO LabMPP.repository.databases.DBUtils - Connection opened successfully.
2025-03-20 07:25:34,084 [1] INFO LabMPP.repository.databases.ReservationRepository - Finding Reservation
2025-03-20 07:25:34,086 [1] INFO LabMPP.repository.databases.DBUtils - Connection opened successfully.
2025-03-20 07:25:34,087 [1] INFO LabMPP.repository.databases.TripRepoRepository - Finding Trip
2025-03-20 07:25:34,088 [1] INFO LabMPP.repository.databases.DBUtils - Connection opened successfully.
2025-03-20 07:25:34,089 [1] INFO LabMPP.repository.databases.ReservationRepository - Finding Reservation
2025-03-20 07:25:34,091 [1] INFO LabMPP.repository.databases.DBUtils - Connection opened successfully.
2025-03-20 07:25:34,092 [1] INFO LabMPP.repository.databases.TripRepoRepository - Finding Trip
2025-03-20 07:25:34,098 [1] INFO LabMPP.repository.databases.DBUtils - Connection opened successfully.
2025-03-20 07:25:34,101 [1] INFO LabMPP.repository.databases.ReservationRepository - Finding Reservation
2025-03-20 07:25:34,103 [1] INFO LabMPP.repository.databases.DBUtils - Connection opened successfully.
2025-03-20 07:25:34,104 [1] INFO LabMPP.repository.databases.TripRepoRepository - Finding Trip
2025-03-20 07:25:34,105 [1] INFO LabMPP.repository.databases.DBUtils - Connection opened successfully.
2025-03-20 07:25:34,106 [1] INFO LabMPP.repository.databases.ReservationRepository - Finding Reservation
2025-03-20 07:25:34,108 [1] INFO LabMPP.repository.databases.DBUtils - Connection opened successfully.
2025-03-20 07:25:34,109 [1] INFO LabMPP.repository.databases.TripRepoRepository - Finding Trip
2025-03-20 07:25:34,112 [1] INFO LabMPP.repository.databases.DBUtils - Connection opened successfully.
2025-03-20 07:25:34,114 [1] INFO LabMPP.repository.databases.ReservationRepository - Finding Reservation
2025-03-20 07:25:34,115 [1] INFO LabMPP.repository.databases.DBUtils - Connection opened successfully.
2025-03-20 07:25:34,119 [1] INFO LabMPP.repository.databases.TripRepoRepository - Finding Trip
2025-03-20 07:25:34,150 [1] INFO LabMPP.repository.databases.DBUtils - Connection opened successfully.
2025-03-20 07:25:36,183 [1] INFO LabMPP.service.Service - Getting manager by name
2025-03-20 07:25:36,184 [1] INFO LabMPP.repository.databases.ManagerRepository - Finding all Managers
2025-03-20 07:25:36,185 [1] INFO LabMPP.repository.databases.DBUtils - Connection opened successfully.
2025-03-20 07:38:10,195 [1] INFO LabMPP.repository.databases.TripRepoRepository - Creating TripRepository
2025-03-20 07:38:10,214 [1] INFO LabMPP.repository.databases.ManagerRepository - Creating ManagerRepository
2025-03-20 07:38:10,215 [1] INFO LabMPP.repository.databases.ReservationRepository - Creating TripRepository
2025-03-20 07:38:10,215 [1] INFO LabMPP.repository.databases.TripRepoRepository - Creating TripRepository
2025-03-20 07:38:10,216 [1] INFO Program - Aplicația a pornit!
2025-03-20 07:38:10,298 [1] INFO LabMPP.repository.databases.DBUtils - Connection opened successfully.
2025-03-20 07:38:10,303 [1] INFO Program - Test connection successful
2025-03-20 07:38:10,305 [1] INFO LabMPP.repository.databases.TripRepoRepository - Creating TripRepository
2025-03-20 07:38:10,306 [1] INFO LabMPP.repository.databases.TripRepoRepository - Finding all Trips
2025-03-20 07:38:10,306 [1] INFO LabMPP.repository.databases.DBUtils - Connection opened successfully.
2025-03-20 07:38:10,324 [1] INFO LabMPP.repository.databases.TripRepoRepository - Finding all Trips
2025-03-20 07:38:10,325 [1] INFO LabMPP.repository.databases.DBUtils - Connection opened successfully.
2025-03-20 07:38:10,335 [1] INFO LabMPP.repository.databases.TripRepoRepository - Saving Trip
2025-03-20 07:38:10,336 [1] INFO LabMPP.repository.databases.DBUtils - Connection opened successfully.
2025-03-20 07:38:10,351 [1] INFO LabMPP.repository.databases.TripRepoRepository - Finding all Trips
2025-03-20 07:38:10,355 [1] INFO LabMPP.repository.databases.DBUtils - Connection opened successfully.
2025-03-20 07:38:10,360 [1] INFO LabMPP.repository.databases.ManagerRepository - Creating ManagerRepository
2025-03-20 07:38:10,361 [1] INFO LabMPP.repository.databases.ManagerRepository - Finding all Managers
2025-03-20 07:38:10,362 [1] INFO LabMPP.repository.databases.DBUtils - Connection opened successfully.
2025-03-20 07:38:10,364 [1] INFO LabMPP.repository.databases.ManagerRepository - Finding all Managers
2025-03-20 07:38:10,364 [1] INFO LabMPP.repository.databases.DBUtils - Connection opened successfully.
2025-03-20 07:38:10,369 [1] INFO LabMPP.repository.databases.ManagerRepository - Saving Manager
2025-03-20 07:38:10,371 [1] INFO LabMPP.repository.databases.DBUtils - Connection opened successfully.
2025-03-20 07:38:10,377 [1] INFO LabMPP.repository.databases.ManagerRepository - Finding all Managers
2025-03-20 07:38:10,380 [1] INFO LabMPP.repository.databases.DBUtils - Connection opened successfully.
2025-03-20 07:38:10,385 [1] INFO LabMPP.repository.databases.ReservationRepository - Creating TripRepository
2025-03-20 07:38:10,385 [1] INFO LabMPP.repository.databases.TripRepoRepository - Creating TripRepository
2025-03-20 07:38:10,387 [1] INFO LabMPP.repository.databases.ReservationRepository - Finding all Reservations
2025-03-20 07:38:10,388 [1] INFO LabMPP.repository.databases.DBUtils - Connection opened successfully.
2025-03-20 07:38:10,390 [1] INFO LabMPP.repository.databases.ReservationRepository - Finding Reservation
2025-03-20 07:38:10,391 [1] INFO LabMPP.repository.databases.DBUtils - Connection opened successfully.
2025-03-20 07:38:10,392 [1] INFO LabMPP.repository.databases.TripRepoRepository - Finding Trip
2025-03-20 07:38:10,393 [1] INFO LabMPP.repository.databases.DBUtils - Connection opened successfully.
2025-03-20 07:38:10,397 [1] INFO LabMPP.repository.databases.ReservationRepository - Finding Reservation
2025-03-20 07:38:10,398 [1] INFO LabMPP.repository.databases.DBUtils - Connection opened successfully.
2025-03-20 07:38:10,399 [1] INFO LabMPP.repository.databases.TripRepoRepository - Finding Trip
2025-03-20 07:38:10,400 [1] INFO LabMPP.repository.databases.DBUtils - Connection opened successfully.
2025-03-20 07:38:10,400 [1] INFO LabMPP.repository.databases.ReservationRepository - Finding Reservation
2025-03-20 07:38:10,401 [1] INFO LabMPP.repository.databases.DBUtils - Connection opened successfully.
2025-03-20 07:38:10,402 [1] INFO LabMPP.repository.databases.TripRepoRepository - Finding Trip
2025-03-20 07:38:10,402 [1] INFO LabMPP.repository.databases.DBUtils - Connection opened successfully.
2025-03-20 07:38:10,403 [1] INFO LabMPP.repository.databases.ReservationRepository - Finding Reservation
2025-03-20 07:38:10,404 [1] INFO LabMPP.repository.databases.DBUtils - Connection opened successfully.
2025-03-20 07:38:10,405 [1] INFO LabMPP.repository.databases.TripRepoRepository - Finding Trip
2025-03-20 07:38:10,406 [1] INFO LabMPP.repository.databases.DBUtils - Connection opened successfully.
2025-03-20 07:38:10,406 [1] INFO LabMPP.repository.databases.ReservationRepository - Finding Reservation
2025-03-20 07:38:10,407 [1] INFO LabMPP.repository.databases.DBUtils - Connection opened successfully.
2025-03-20 07:38:10,408 [1] INFO LabMPP.repository.databases.TripRepoRepository - Finding Trip
2025-03-20 07:38:10,409 [1] INFO LabMPP.repository.databases.DBUtils - Connection opened successfully.
2025-03-20 07:38:10,410 [1] INFO LabMPP.repository.databases.ReservationRepository - Finding Reservation
2025-03-20 07:38:10,410 [1] INFO LabMPP.repository.databases.DBUtils - Connection opened successfully.
2025-03-20 07:38:10,411 [1] INFO LabMPP.repository.databases.TripRepoRepository - Finding Trip
2025-03-20 07:38:10,412 [1] INFO LabMPP.repository.databases.DBUtils - Connection opened successfully.
2025-03-20 07:38:10,413 [1] INFO LabMPP.repository.databases.ReservationRepository - Finding Reservation
2025-03-20 07:38:10,414 [1] INFO LabMPP.repository.databases.DBUtils - Connection opened successfully.
2025-03-20 07:38:10,415 [1] INFO LabMPP.repository.databases.TripRepoRepository - Finding Trip
2025-03-20 07:38:10,416 [1] INFO LabMPP.repository.databases.DBUtils - Connection opened successfully.
2025-03-20 07:38:10,417 [1] INFO LabMPP.repository.databases.ReservationRepository - Finding Reservation
2025-03-20 07:38:10,419 [1] INFO LabMPP.repository.databases.DBUtils - Connection opened successfully.
2025-03-20 07:38:10,420 [1] INFO LabMPP.repository.databases.TripRepoRepository - Finding Trip
2025-03-20 07:38:10,421 [1] INFO LabMPP.repository.databases.DBUtils - Connection opened successfully.
2025-03-20 07:38:10,422 [1] INFO LabMPP.repository.databases.ReservationRepository - Finding Reservation
2025-03-20 07:38:10,423 [1] INFO LabMPP.repository.databases.DBUtils - Connection opened successfully.
2025-03-20 07:38:10,424 [1] INFO LabMPP.repository.databases.TripRepoRepository - Finding Trip
2025-03-20 07:38:10,425 [1] INFO LabMPP.repository.databases.DBUtils - Connection opened successfully.
2025-03-20 07:38:10,426 [1] INFO LabMPP.repository.databases.ReservationRepository - Finding Reservation
2025-03-20 07:38:10,427 [1] INFO LabMPP.repository.databases.DBUtils - Connection opened successfully.
2025-03-20 07:38:10,428 [1] INFO LabMPP.repository.databases.TripRepoRepository - Finding Trip
2025-03-20 07:38:10,429 [1] INFO LabMPP.repository.databases.DBUtils - Connection opened successfully.
2025-03-20 07:38:10,430 [1] INFO LabMPP.repository.databases.ReservationRepository - Finding Reservation
2025-03-20 07:38:10,431 [1] INFO LabMPP.repository.databases.DBUtils - Connection opened successfully.
2025-03-20 07:38:10,432 [1] INFO LabMPP.repository.databases.TripRepoRepository - Finding Trip
2025-03-20 07:38:10,432 [1] INFO LabMPP.repository.databases.DBUtils - Connection opened successfully.
2025-03-20 07:38:10,433 [1] INFO LabMPP.repository.databases.ReservationRepository - Finding Reservation
2025-03-20 07:38:10,434 [1] INFO LabMPP.repository.databases.DBUtils - Connection opened successfully.
2025-03-20 07:38:10,435 [1] INFO LabMPP.repository.databases.TripRepoRepository - Finding Trip
2025-03-20 07:38:10,437 [1] INFO LabMPP.repository.databases.DBUtils - Connection opened successfully.
2025-03-20 07:38:10,438 [1] INFO LabMPP.repository.databases.ReservationRepository - Finding Reservation
2025-03-20 07:38:10,439 [1] INFO LabMPP.repository.databases.DBUtils - Connection opened successfully.
2025-03-20 07:38:10,440 [1] INFO LabMPP.repository.databases.TripRepoRepository - Finding Trip
2025-03-20 07:38:10,441 [1] INFO LabMPP.repository.databases.DBUtils - Connection opened successfully.
2025-03-20 07:38:10,442 [1] INFO LabMPP.repository.databases.ReservationRepository - Finding Reservation
2025-03-20 07:38:10,443 [1] INFO LabMPP.repository.databases.DBUtils - Connection opened successfully.
2025-03-20 07:38:10,443 [1] INFO LabMPP.repository.databases.TripRepoRepository - Finding Trip
2025-03-20 07:38:10,444 [1] INFO LabMPP.repository.databases.DBUtils - Connection opened successfully.
2025-03-20 07:38:10,445 [1] INFO LabMPP.repository.databases.ReservationRepository - Finding Reservation
2025-03-20 07:38:10,446 [1] INFO LabMPP.repository.databases.DBUtils - Connection opened successfully.
2025-03-20 07:38:10,447 [1] INFO LabMPP.repository.databases.TripRepoRepository - Finding Trip
2025-03-20 07:38:10,448 [1] INFO LabMPP.repository.databases.DBUtils - Connection opened successfully.
2025-03-20 07:38:10,448 [1] INFO LabMPP.repository.databases.ReservationRepository - Finding Reservation
2025-03-20 07:38:10,449 [1] INFO LabMPP.repository.databases.DBUtils - Connection opened successfully.
2025-03-20 07:38:10,450 [1] INFO LabMPP.repository.databases.TripRepoRepository - Finding Trip
2025-03-20 07:38:10,452 [1] INFO LabMPP.repository.databases.DBUtils - Connection opened successfully.
2025-03-20 07:38:10,453 [1] INFO LabMPP.repository.databases.ReservationRepository - Finding Reservation
2025-03-20 07:38:10,454 [1] INFO LabMPP.repository.databases.DBUtils - Connection opened successfully.
2025-03-20 07:38:10,454 [1] INFO LabMPP.repository.databases.TripRepoRepository - Finding Trip
2025-03-20 07:38:10,455 [1] INFO LabMPP.repository.databases.DBUtils - Connection opened successfully.
2025-03-20 07:38:10,457 [1] INFO LabMPP.repository.databases.ReservationRepository - Finding Reservation
2025-03-20 07:38:10,458 [1] INFO LabMPP.repository.databases.DBUtils - Connection opened successfully.
2025-03-20 07:38:10,459 [1] INFO LabMPP.repository.databases.TripRepoRepository - Finding Trip
2025-03-20 07:38:10,460 [1] INFO LabMPP.repository.databases.DBUtils - Connection opened successfully.
2025-03-20 07:38:10,461 [1] INFO LabMPP.repository.databases.ReservationRepository - Finding Reservation
2025-03-20 07:38:10,462 [1] INFO LabMPP.repository.databases.DBUtils - Connection opened successfully.
2025-03-20 07:38:10,463 [1] INFO LabMPP.repository.databases.TripRepoRepository - Finding Trip
2025-03-20 07:38:10,464 [1] INFO LabMPP.repository.databases.DBUtils - Connection opened successfully.
2025-03-20 07:38:10,465 [1] INFO LabMPP.repository.databases.ReservationRepository - Finding Reservation
2025-03-20 07:38:10,466 [1] INFO LabMPP.repository.databases.DBUtils - Connection opened successfully.
2025-03-20 07:38:10,467 [1] INFO LabMPP.repository.databases.TripRepoRepository - Finding Trip
2025-03-20 07:38:10,469 [1] INFO LabMPP.repository.databases.DBUtils - Connection opened successfully.
2025-03-20 07:38:10,471 [1] INFO LabMPP.repository.databases.ReservationRepository - Finding Reservation
2025-03-20 07:38:10,473 [1] INFO LabMPP.repository.databases.DBUtils - Connection opened successfully.
2025-03-20 07:38:10,474 [1] INFO LabMPP.repository.databases.TripRepoRepository - Finding Trip
2025-03-20 07:38:10,476 [1] INFO LabMPP.repository.databases.DBUtils - Connection opened successfully.
2025-03-20 07:38:10,477 [1] INFO LabMPP.repository.databases.ReservationRepository - Finding Reservation
2025-03-20 07:38:10,478 [1] INFO LabMPP.repository.databases.DBUtils - Connection opened successfully.
2025-03-20 07:38:10,480 [1] INFO LabMPP.repository.databases.TripRepoRepository - Finding Trip
2025-03-20 07:38:10,481 [1] INFO LabMPP.repository.databases.DBUtils - Connection opened successfully.
2025-03-20 07:38:10,482 [1] INFO LabMPP.repository.databases.ReservationRepository - Finding all Reservations
2025-03-20 07:38:10,484 [1] INFO LabMPP.repository.databases.DBUtils - Connection opened successfully.
2025-03-20 07:38:10,485 [1] INFO LabMPP.repository.databases.ReservationRepository - Finding Reservation
2025-03-20 07:38:10,486 [1] INFO LabMPP.repository.databases.DBUtils - Connection opened successfully.
2025-03-20 07:38:10,487 [1] INFO LabMPP.repository.databases.TripRepoRepository - Finding Trip
2025-03-20 07:38:10,488 [1] INFO LabMPP.repository.databases.DBUtils - Connection opened successfully.
2025-03-20 07:38:10,489 [1] INFO LabMPP.repository.databases.ReservationRepository - Finding Reservation
2025-03-20 07:38:10,491 [1] INFO LabMPP.repository.databases.DBUtils - Connection opened successfully.
2025-03-20 07:38:10,492 [1] INFO LabMPP.repository.databases.TripRepoRepository - Finding Trip
2025-03-20 07:38:10,494 [1] INFO LabMPP.repository.databases.DBUtils - Connection opened successfully.
2025-03-20 07:38:10,495 [1] INFO LabMPP.repository.databases.ReservationRepository - Finding Reservation
2025-03-20 07:38:10,496 [1] INFO LabMPP.repository.databases.DBUtils - Connection opened successfully.
2025-03-20 07:38:10,497 [1] INFO LabMPP.repository.databases.TripRepoRepository - Finding Trip
2025-03-20 07:38:10,498 [1] INFO LabMPP.repository.databases.DBUtils - Connection opened successfully.
2025-03-20 07:38:10,500 [1] INFO LabMPP.repository.databases.ReservationRepository - Finding Reservation
2025-03-20 07:38:10,501 [1] INFO LabMPP.repository.databases.DBUtils - Connection opened successfully.
2025-03-20 07:38:10,502 [1] INFO LabMPP.repository.databases.TripRepoRepository - Finding Trip
2025-03-20 07:38:10,503 [1] INFO LabMPP.repository.databases.DBUtils - Connection opened successfully.
2025-03-20 07:38:10,504 [1] INFO LabMPP.repository.databases.ReservationRepository - Finding Reservation
2025-03-20 07:38:10,506 [1] INFO LabMPP.repository.databases.DBUtils - Connection opened successfully.
2025-03-20 07:38:10,507 [1] INFO LabMPP.repository.databases.TripRepoRepository - Finding Trip
2025-03-20 07:38:10,508 [1] INFO LabMPP.repository.databases.DBUtils - Connection opened successfully.
2025-03-20 07:38:10,509 [1] INFO LabMPP.repository.databases.ReservationRepository - Finding Reservation
2025-03-20 07:38:10,511 [1] INFO LabMPP.repository.databases.DBUtils - Connection opened successfully.
2025-03-20 07:38:10,512 [1] INFO LabMPP.repository.databases.TripRepoRepository - Finding Trip
2025-03-20 07:38:10,513 [1] INFO LabMPP.repository.databases.DBUtils - Connection opened successfully.
2025-03-20 07:38:10,514 [1] INFO LabMPP.repository.databases.ReservationRepository - Finding Reservation
2025-03-20 07:38:10,515 [1] INFO LabMPP.repository.databases.DBUtils - Connection opened successfully.
2025-03-20 07:38:10,516 [1] INFO LabMPP.repository.databases.TripRepoRepository - Finding Trip
2025-03-20 07:38:10,518 [1] INFO LabMPP.repository.databases.DBUtils - Connection opened successfully.
2025-03-20 07:38:10,519 [1] INFO LabMPP.repository.databases.ReservationRepository - Finding Reservation
2025-03-20 07:38:10,520 [1] INFO LabMPP.repository.databases.DBUtils - Connection opened successfully.
2025-03-20 07:38:10,521 [1] INFO LabMPP.repository.databases.TripRepoRepository - Finding Trip
2025-03-20 07:38:10,522 [1] INFO LabMPP.repository.databases.DBUtils - Connection opened successfully.
2025-03-20 07:38:10,523 [1] INFO LabMPP.repository.databases.ReservationRepository - Finding Reservation
2025-03-20 07:38:10,524 [1] INFO LabMPP.repository.databases.DBUtils - Connection opened successfully.
2025-03-20 07:38:10,526 [1] INFO LabMPP.repository.databases.TripRepoRepository - Finding Trip
2025-03-20 07:38:10,527 [1] INFO LabMPP.repository.databases.DBUtils - Connection opened successfully.
2025-03-20 07:38:10,528 [1] INFO LabMPP.repository.databases.ReservationRepository - Finding Reservation
2025-03-20 07:38:10,529 [1] INFO LabMPP.repository.databases.DBUtils - Connection opened successfully.
2025-03-20 07:38:10,531 [1] INFO LabMPP.repository.databases.TripRepoRepository - Finding Trip
2025-03-20 07:38:10,532 [1] INFO LabMPP.repository.databases.DBUtils - Connection opened successfully.
2025-03-20 07:38:10,533 [1] INFO LabMPP.repository.databases.ReservationRepository - Finding Reservation
2025-03-20 07:38:10,535 [1] INFO LabMPP.repository.databases.DBUtils - Connection opened successfully.
2025-03-20 07:38:10,536 [1] INFO LabMPP.repository.databases.TripRepoRepository - Finding Trip
2025-03-20 07:38:10,537 [1] INFO LabMPP.repository.databases.DBUtils - Connection opened successfully.
2025-03-20 07:38:10,538 [1] INFO LabMPP.repository.databases.ReservationRepository - Finding Reservation
2025-03-20 07:38:10,540 [1] INFO LabMPP.repository.databases.DBUtils - Connection opened successfully.
2025-03-20 07:38:10,541 [1] INFO LabMPP.repository.databases.TripRepoRepository - Finding Trip
2025-03-20 07:38:10,542 [1] INFO LabMPP.repository.databases.DBUtils - Connection opened successfully.
2025-03-20 07:38:10,543 [1] INFO LabMPP.repository.databases.ReservationRepository - Finding Reservation
2025-03-20 07:38:10,545 [1] INFO LabMPP.repository.databases.DBUtils - Connection opened successfully.
2025-03-20 07:38:10,546 [1] INFO LabMPP.repository.databases.TripRepoRepository - Finding Trip
2025-03-20 07:38:10,547 [1] INFO LabMPP.repository.databases.DBUtils - Connection opened successfully.
2025-03-20 07:38:10,549 [1] INFO LabMPP.repository.databases.ReservationRepository - Finding Reservation
2025-03-20 07:38:10,550 [1] INFO LabMPP.repository.databases.DBUtils - Connection opened successfully.
2025-03-20 07:38:10,551 [1] INFO LabMPP.repository.databases.TripRepoRepository - Finding Trip
2025-03-20 07:38:10,552 [1] INFO LabMPP.repository.databases.DBUtils - Connection opened successfully.
2025-03-20 07:38:10,553 [1] INFO LabMPP.repository.databases.ReservationRepository - Finding Reservation
2025-03-20 07:38:10,555 [1] INFO LabMPP.repository.databases.DBUtils - Connection opened successfully.
2025-03-20 07:38:10,556 [1] INFO LabMPP.repository.databases.TripRepoRepository - Finding Trip
2025-03-20 07:38:10,557 [1] INFO LabMPP.repository.databases.DBUtils - Connection opened successfully.
2025-03-20 07:38:10,558 [1] INFO LabMPP.repository.databases.ReservationRepository - Finding Reservation
2025-03-20 07:38:10,559 [1] INFO LabMPP.repository.databases.DBUtils - Connection opened successfully.
2025-03-20 07:38:10,560 [1] INFO LabMPP.repository.databases.TripRepoRepository - Finding Trip
2025-03-20 07:38:10,562 [1] INFO LabMPP.repository.databases.DBUtils - Connection opened successfully.
2025-03-20 07:38:10,563 [1] INFO LabMPP.repository.databases.ReservationRepository - Finding Reservation
2025-03-20 07:38:10,565 [1] INFO LabMPP.repository.databases.DBUtils - Connection opened successfully.
2025-03-20 07:38:10,566 [1] INFO LabMPP.repository.databases.TripRepoRepository - Finding Trip
2025-03-20 07:38:10,568 [1] INFO LabMPP.repository.databases.DBUtils - Connection opened successfully.
2025-03-20 07:38:10,569 [1] INFO LabMPP.repository.databases.ReservationRepository - Finding Reservation
2025-03-20 07:38:10,570 [1] INFO LabMPP.repository.databases.DBUtils - Connection opened successfully.
2025-03-20 07:38:10,571 [1] INFO LabMPP.repository.databases.TripRepoRepository - Finding Trip
2025-03-20 07:38:10,572 [1] INFO LabMPP.repository.databases.DBUtils - Connection opened successfully.
2025-03-20 07:38:10,573 [1] INFO LabMPP.repository.databases.ReservationRepository - Finding Reservation
2025-03-20 07:38:10,574 [1] INFO LabMPP.repository.databases.DBUtils - Connection opened successfully.
2025-03-20 07:38:10,575 [1] INFO LabMPP.repository.databases.TripRepoRepository - Finding Trip
2025-03-20 07:38:10,582 [1] INFO LabMPP.repository.databases.DBUtils - Connection opened successfully.
2025-03-20 07:38:10,583 [1] INFO LabMPP.repository.databases.ReservationRepository - Finding Reservation
2025-03-20 07:38:10,585 [1] INFO LabMPP.repository.databases.DBUtils - Connection opened successfully.
2025-03-20 07:38:10,586 [1] INFO LabMPP.repository.databases.TripRepoRepository - Finding Trip
2025-03-20 07:38:10,587 [1] INFO LabMPP.repository.databases.DBUtils - Connection opened successfully.
2025-03-20 07:38:10,589 [1] INFO LabMPP.repository.databases.ReservationRepository - Finding Reservation
2025-03-20 07:38:10,590 [1] INFO LabMPP.repository.databases.DBUtils - Connection opened successfully.
2025-03-20 07:38:10,592 [1] INFO LabMPP.repository.databases.TripRepoRepository - Finding Trip
2025-03-20 07:38:10,593 [1] INFO LabMPP.repository.databases.DBUtils - Connection opened successfully.
2025-03-20 07:38:10,595 [1] INFO LabMPP.repository.databases.ReservationRepository - Finding Reservation
2025-03-20 07:38:10,596 [1] INFO LabMPP.repository.databases.DBUtils - Connection opened successfully.
2025-03-20 07:38:10,597 [1] INFO LabMPP.repository.databases.TripRepoRepository - Finding Trip
2025-03-20 07:38:10,599 [1] INFO LabMPP.repository.databases.DBUtils - Connection opened successfully.
2025-03-20 07:38:10,615 [1] INFO LabMPP.repository.databases.ReservationRepository - Saving Reservation
2025-03-20 07:38:10,617 [1] INFO LabMPP.repository.databases.DBUtils - Connection opened successfully.
2025-03-20 07:38:10,627 [1] INFO LabMPP.repository.databases.ReservationRepository - Finding all Reservations
2025-03-20 07:38:10,633 [1] INFO LabMPP.repository.databases.DBUtils - Connection opened successfully.
2025-03-20 07:38:10,634 [1] INFO LabMPP.repository.databases.ReservationRepository - Finding Reservation
2025-03-20 07:38:10,635 [1] INFO LabMPP.repository.databases.DBUtils - Connection opened successfully.
2025-03-20 07:38:10,637 [1] INFO LabMPP.repository.databases.TripRepoRepository - Finding Trip
2025-03-20 07:38:10,639 [1] INFO LabMPP.repository.databases.DBUtils - Connection opened successfully.
2025-03-20 07:38:10,640 [1] INFO LabMPP.repository.databases.ReservationRepository - Finding Reservation
2025-03-20 07:38:10,642 [1] INFO LabMPP.repository.databases.DBUtils - Connection opened successfully.
2025-03-20 07:38:10,643 [1] INFO LabMPP.repository.databases.TripRepoRepository - Finding Trip
2025-03-20 07:38:10,644 [1] INFO LabMPP.repository.databases.DBUtils - Connection opened successfully.
2025-03-20 07:38:10,646 [1] INFO LabMPP.repository.databases.ReservationRepository - Finding Reservation
2025-03-20 07:38:10,647 [1] INFO LabMPP.repository.databases.DBUtils - Connection opened successfully.
2025-03-20 07:38:10,648 [1] INFO LabMPP.repository.databases.TripRepoRepository - Finding Trip
2025-03-20 07:38:10,650 [1] INFO LabMPP.repository.databases.DBUtils - Connection opened successfully.
2025-03-20 07:38:10,651 [1] INFO LabMPP.repository.databases.ReservationRepository - Finding Reservation
2025-03-20 07:38:10,652 [1] INFO LabMPP.repository.databases.DBUtils - Connection opened successfully.
2025-03-20 07:38:10,654 [1] INFO LabMPP.repository.databases.TripRepoRepository - Finding Trip
2025-03-20 07:38:10,655 [1] INFO LabMPP.repository.databases.DBUtils - Connection opened successfully.
2025-03-20 07:38:10,657 [1] INFO LabMPP.repository.databases.ReservationRepository - Finding Reservation
2025-03-20 07:38:10,658 [1] INFO LabMPP.repository.databases.DBUtils - Connection opened successfully.
2025-03-20 07:38:10,660 [1] INFO LabMPP.repository.databases.TripRepoRepository - Finding Trip
2025-03-20 07:38:10,661 [1] INFO LabMPP.repository.databases.DBUtils - Connection opened successfully.
2025-03-20 07:38:10,662 [1] INFO LabMPP.repository.databases.ReservationRepository - Finding Reservation
2025-03-20 07:38:10,663 [1] INFO LabMPP.repository.databases.DBUtils - Connection opened successfully.
2025-03-20 07:38:10,664 [1] INFO LabMPP.repository.databases.TripRepoRepository - Finding Trip
2025-03-20 07:38:10,665 [1] INFO LabMPP.repository.databases.DBUtils - Connection opened successfully.
2025-03-20 07:38:10,667 [1] INFO LabMPP.repository.databases.ReservationRepository - Finding Reservation
2025-03-20 07:38:10,668 [1] INFO LabMPP.repository.databases.DBUtils - Connection opened successfully.
2025-03-20 07:38:10,669 [1] INFO LabMPP.repository.databases.TripRepoRepository - Finding Trip
2025-03-20 07:38:10,671 [1] INFO LabMPP.repository.databases.DBUtils - Connection opened successfully.
2025-03-20 07:38:10,681 [1] INFO LabMPP.repository.databases.ReservationRepository - Finding Reservation
2025-03-20 07:38:10,685 [1] INFO LabMPP.repository.databases.DBUtils - Connection opened successfully.
2025-03-20 07:38:10,696 [1] INFO LabMPP.repository.databases.TripRepoRepository - Finding Trip
2025-03-20 07:38:10,699 [1] INFO LabMPP.repository.databases.DBUtils - Connection opened successfully.
2025-03-20 07:38:10,700 [1] INFO LabMPP.repository.databases.ReservationRepository - Finding Reservation
2025-03-20 07:38:10,702 [1] INFO LabMPP.repository.databases.DBUtils - Connection opened successfully.
2025-03-20 07:38:10,703 [1] INFO LabMPP.repository.databases.TripRepoRepository - Finding Trip
2025-03-20 07:38:10,704 [1] INFO LabMPP.repository.databases.DBUtils - Connection opened successfully.
2025-03-20 07:38:10,705 [1] INFO LabMPP.repository.databases.ReservationRepository - Finding Reservation
2025-03-20 07:38:10,707 [1] INFO LabMPP.repository.databases.DBUtils - Connection opened successfully.
2025-03-20 07:38:10,709 [1] INFO LabMPP.repository.databases.TripRepoRepository - Finding Trip
2025-03-20 07:38:10,710 [1] INFO LabMPP.repository.databases.DBUtils - Connection opened successfully.
2025-03-20 07:38:10,711 [1] INFO LabMPP.repository.databases.ReservationRepository - Finding Reservation
2025-03-20 07:38:10,712 [1] INFO LabMPP.repository.databases.DBUtils - Connection opened successfully.
2025-03-20 07:38:10,713 [1] INFO LabMPP.repository.databases.TripRepoRepository - Finding Trip
2025-03-20 07:38:10,714 [1] INFO LabMPP.repository.databases.DBUtils - Connection opened successfully.
2025-03-20 07:38:10,715 [1] INFO LabMPP.repository.databases.ReservationRepository - Finding Reservation
2025-03-20 07:38:10,717 [1] INFO LabMPP.repository.databases.DBUtils - Connection opened successfully.
2025-03-20 07:38:10,717 [1] INFO LabMPP.repository.databases.TripRepoRepository - Finding Trip
2025-03-20 07:38:10,718 [1] INFO LabMPP.repository.databases.DBUtils - Connection opened successfully.
2025-03-20 07:38:10,720 [1] INFO LabMPP.repository.databases.ReservationRepository - Finding Reservation
2025-03-20 07:38:10,721 [1] INFO LabMPP.repository.databases.DBUtils - Connection opened successfully.
2025-03-20 07:38:10,722 [1] INFO LabMPP.repository.databases.TripRepoRepository - Finding Trip
2025-03-20 07:38:10,723 [1] INFO LabMPP.repository.databases.DBUtils - Connection opened successfully.
2025-03-20 07:38:10,724 [1] INFO LabMPP.repository.databases.ReservationRepository - Finding Reservation
2025-03-20 07:38:10,725 [1] INFO LabMPP.repository.databases.DBUtils - Connection opened successfully.
2025-03-20 07:38:10,726 [1] INFO LabMPP.repository.databases.TripRepoRepository - Finding Trip
2025-03-20 07:38:10,728 [1] INFO LabMPP.repository.databases.DBUtils - Connection opened successfully.
2025-03-20 07:38:10,729 [1] INFO LabMPP.repository.databases.ReservationRepository - Finding Reservation
2025-03-20 07:38:10,730 [1] INFO LabMPP.repository.databases.DBUtils - Connection opened successfully.
2025-03-20 07:38:10,731 [1] INFO LabMPP.repository.databases.TripRepoRepository - Finding Trip
2025-03-20 07:38:10,732 [1] INFO LabMPP.repository.databases.DBUtils - Connection opened successfully.
2025-03-20 07:38:10,733 [1] INFO LabMPP.repository.databases.ReservationRepository - Finding Reservation
2025-03-20 07:38:10,734 [1] INFO LabMPP.repository.databases.DBUtils - Connection opened successfully.
2025-03-20 07:38:10,735 [1] INFO LabMPP.repository.databases.TripRepoRepository - Finding Trip
2025-03-20 07:38:10,736 [1] INFO LabMPP.repository.databases.DBUtils - Connection opened successfully.
2025-03-20 07:38:10,737 [1] INFO LabMPP.repository.databases.ReservationRepository - Finding Reservation
2025-03-20 07:38:10,739 [1] INFO LabMPP.repository.databases.DBUtils - Connection opened successfully.
2025-03-20 07:38:10,740 [1] INFO LabMPP.repository.databases.TripRepoRepository - Finding Trip
2025-03-20 07:38:10,741 [1] INFO LabMPP.repository.databases.DBUtils - Connection opened successfully.
2025-03-20 07:38:10,742 [1] INFO LabMPP.repository.databases.ReservationRepository - Finding Reservation
2025-03-20 07:38:10,744 [1] INFO LabMPP.repository.databases.DBUtils - Connection opened successfully.
2025-03-20 07:38:10,745 [1] INFO LabMPP.repository.databases.TripRepoRepository - Finding Trip
2025-03-20 07:38:10,746 [1] INFO LabMPP.repository.databases.DBUtils - Connection opened successfully.
2025-03-20 07:38:10,747 [1] INFO LabMPP.repository.databases.ReservationRepository - Finding Reservation
2025-03-20 07:38:10,749 [1] INFO LabMPP.repository.databases.DBUtils - Connection opened successfully.
2025-03-20 07:38:10,750 [1] INFO LabMPP.repository.databases.TripRepoRepository - Finding Trip
2025-03-20 07:38:10,751 [1] INFO LabMPP.repository.databases.DBUtils - Connection opened successfully.
2025-03-20 07:38:10,752 [1] INFO LabMPP.repository.databases.ReservationRepository - Finding Reservation
2025-03-20 07:38:10,754 [1] INFO LabMPP.repository.databases.DBUtils - Connection opened successfully.
2025-03-20 07:38:10,755 [1] INFO LabMPP.repository.databases.TripRepoRepository - Finding Trip
2025-03-20 07:38:10,756 [1] INFO LabMPP.repository.databases.DBUtils - Connection opened successfully.
2025-03-20 07:38:10,757 [1] INFO LabMPP.repository.databases.ReservationRepository - Finding Reservation
2025-03-20 07:38:10,759 [1] INFO LabMPP.repository.databases.DBUtils - Connection opened successfully.
2025-03-20 07:38:10,760 [1] INFO LabMPP.repository.databases.TripRepoRepository - Finding Trip
2025-03-20 07:38:10,761 [1] INFO LabMPP.repository.databases.DBUtils - Connection opened successfully.
2025-03-20 07:38:10,762 [1] INFO LabMPP.repository.databases.ReservationRepository - Finding Reservation
2025-03-20 07:38:10,764 [1] INFO LabMPP.repository.databases.DBUtils - Connection opened successfully.
2025-03-20 07:38:10,764 [1] INFO LabMPP.repository.databases.TripRepoRepository - Finding Trip
2025-03-20 07:38:10,766 [1] INFO LabMPP.repository.databases.DBUtils - Connection opened successfully.
2025-03-20 07:38:10,767 [1] INFO LabMPP.repository.databases.ReservationRepository - Finding Reservation
2025-03-20 07:38:10,769 [1] INFO LabMPP.repository.databases.DBUtils - Connection opened successfully.
2025-03-20 07:38:10,770 [1] INFO LabMPP.repository.databases.TripRepoRepository - Finding Trip
2025-03-20 07:38:10,771 [1] INFO LabMPP.repository.databases.DBUtils - Connection opened successfully.
2025-03-20 07:38:21,489 [1] INFO LabMPP.service.Service - Getting manager by name
2025-03-20 07:38:21,490 [1] INFO LabMPP.repository.databases.ManagerRepository - Finding all Managers
2025-03-20 07:38:21,493 [1] INFO LabMPP.repository.databases.DBUtils - Connection opened successfully.
2025-03-20 07:38:38,065 [1] INFO LabMPP.service.Service - Getting manager by name
2025-03-20 07:38:38,065 [1] INFO LabMPP.repository.databases.ManagerRepository - Finding all Managers
2025-03-20 07:38:38,067 [1] INFO LabMPP.repository.databases.DBUtils - Connection opened successfully.
2025-03-20 07:47:03,865 [1] INFO LabMPP.repository.databases.TripRepoRepository - Creating TripRepository
2025-03-20 07:47:03,881 [1] INFO LabMPP.repository.databases.ManagerRepository - Creating ManagerRepository
2025-03-20 07:47:03,881 [1] INFO LabMPP.repository.databases.ReservationRepository - Creating TripRepository
2025-03-20 07:47:03,881 [1] INFO LabMPP.repository.databases.TripRepoRepository - Creating TripRepository
2025-03-20 07:47:03,882 [1] INFO Program - Aplicația a pornit!
2025-03-20 07:47:03,967 [1] INFO LabMPP.repository.databases.DBUtils - Connection opened successfully.
2025-03-20 07:47:03,974 [1] INFO Program - Test connection successful
2025-03-20 07:47:03,976 [1] INFO LabMPP.repository.databases.TripRepoRepository - Creating TripRepository
2025-03-20 07:47:03,977 [1] INFO LabMPP.repository.databases.TripRepoRepository - Finding all Trips
2025-03-20 07:47:03,977 [1] INFO LabMPP.repository.databases.DBUtils - Connection opened successfully.
2025-03-20 07:47:03,995 [1] INFO LabMPP.repository.databases.TripRepoRepository - Finding all Trips
2025-03-20 07:47:03,997 [1] INFO LabMPP.repository.databases.DBUtils - Connection opened successfully.
2025-03-20 07:47:04,006 [1] INFO LabMPP.repository.databases.TripRepoRepository - Saving Trip
2025-03-20 07:47:04,006 [1] INFO LabMPP.repository.databases.DBUtils - Connection opened successfully.
2025-03-20 07:47:04,025 [1] INFO LabMPP.repository.databases.TripRepoRepository - Finding all Trips
2025-03-20 07:47:04,028 [1] INFO LabMPP.repository.databases.DBUtils - Connection opened successfully.
2025-03-20 07:47:04,034 [1] INFO LabMPP.repository.databases.ManagerRepository - Creating ManagerRepository
2025-03-20 07:47:04,035 [1] INFO LabMPP.repository.databases.ManagerRepository - Finding all Managers
2025-03-20 07:47:04,037 [1] INFO LabMPP.repository.databases.DBUtils - Connection opened successfully.
2025-03-20 07:47:04,038 [1] INFO LabMPP.repository.databases.ManagerRepository - Finding all Managers
2025-03-20 07:47:04,039 [1] INFO LabMPP.repository.databases.DBUtils - Connection opened successfully.
2025-03-20 07:47:04,046 [1] INFO LabMPP.repository.databases.ManagerRepository - Saving Manager
2025-03-20 07:47:04,048 [1] INFO LabMPP.repository.databases.DBUtils - Connection opened successfully.
2025-03-20 07:47:04,055 [1] INFO LabMPP.repository.databases.ManagerRepository - Finding all Managers
2025-03-20 07:47:04,059 [1] INFO LabMPP.repository.databases.DBUtils - Connection opened successfully.
2025-03-20 07:47:04,064 [1] INFO LabMPP.repository.databases.ReservationRepository - Creating TripRepository
2025-03-20 07:47:04,064 [1] INFO LabMPP.repository.databases.TripRepoRepository - Creating TripRepository
2025-03-20 07:47:04,066 [1] INFO LabMPP.repository.databases.ReservationRepository - Finding all Reservations
2025-03-20 07:47:04,067 [1] INFO LabMPP.repository.databases.DBUtils - Connection opened successfully.
2025-03-20 07:47:04,069 [1] INFO LabMPP.repository.databases.ReservationRepository - Finding Reservation
2025-03-20 07:47:04,070 [1] INFO LabMPP.repository.databases.DBUtils - Connection opened successfully.
2025-03-20 07:47:04,071 [1] INFO LabMPP.repository.databases.TripRepoRepository - Finding Trip
2025-03-20 07:47:04,072 [1] INFO LabMPP.repository.databases.DBUtils - Connection opened successfully.
2025-03-20 07:47:04,075 [1] INFO LabMPP.repository.databases.ReservationRepository - Finding Reservation
2025-03-20 07:47:04,076 [1] INFO LabMPP.repository.databases.DBUtils - Connection opened successfully.
2025-03-20 07:47:04,077 [1] INFO LabMPP.repository.databases.TripRepoRepository - Finding Trip
2025-03-20 07:47:04,078 [1] INFO LabMPP.repository.databases.DBUtils - Connection opened successfully.
2025-03-20 07:47:04,078 [1] INFO LabMPP.repository.databases.ReservationRepository - Finding Reservation
2025-03-20 07:47:04,079 [1] INFO LabMPP.repository.databases.DBUtils - Connection opened successfully.
2025-03-20 07:47:04,080 [1] INFO LabMPP.repository.databases.TripRepoRepository - Finding Trip
2025-03-20 07:47:04,081 [1] INFO LabMPP.repository.databases.DBUtils - Connection opened successfully.
2025-03-20 07:47:04,082 [1] INFO LabMPP.repository.databases.ReservationRepository - Finding Reservation
2025-03-20 07:47:04,083 [1] INFO LabMPP.repository.databases.DBUtils - Connection opened successfully.
2025-03-20 07:47:04,083 [1] INFO LabMPP.repository.databases.TripRepoRepository - Finding Trip
2025-03-20 07:47:04,084 [1] INFO LabMPP.repository.databases.DBUtils - Connection opened successfully.
2025-03-20 07:47:04,085 [1] INFO LabMPP.repository.databases.ReservationRepository - Finding Reservation
2025-03-20 07:47:04,086 [1] INFO LabMPP.repository.databases.DBUtils - Connection opened successfully.
2025-03-20 07:47:04,086 [1] INFO LabMPP.repository.databases.TripRepoRepository - Finding Trip
2025-03-20 07:47:04,087 [1] INFO LabMPP.repository.databases.DBUtils - Connection opened successfully.
2025-03-20 07:47:04,088 [1] INFO LabMPP.repository.databases.ReservationRepository - Finding Reservation
2025-03-20 07:47:04,089 [1] INFO LabMPP.repository.databases.DBUtils - Connection opened successfully.
2025-03-20 07:47:04,090 [1] INFO LabMPP.repository.databases.TripRepoRepository - Finding Trip
2025-03-20 07:47:04,091 [1] INFO LabMPP.repository.databases.DBUtils - Connection opened successfully.
2025-03-20 07:47:04,092 [1] INFO LabMPP.repository.databases.ReservationRepository - Finding Reservation
2025-03-20 07:47:04,092 [1] INFO LabMPP.repository.databases.DBUtils - Connection opened successfully.
2025-03-20 07:47:04,093 [1] INFO LabMPP.repository.databases.TripRepoRepository - Finding Trip
2025-03-20 07:47:04,095 [1] INFO LabMPP.repository.databases.DBUtils - Connection opened successfully.
2025-03-20 07:47:04,096 [1] INFO LabMPP.repository.databases.ReservationRepository - Finding Reservation
2025-03-20 07:47:04,096 [1] INFO LabMPP.repository.databases.DBUtils - Connection opened successfully.
2025-03-20 07:47:04,097 [1] INFO LabMPP.repository.databases.TripRepoRepository - Finding Trip
2025-03-20 07:47:04,098 [1] INFO LabMPP.repository.databases.DBUtils - Connection opened successfully.
2025-03-20 07:47:04,099 [1] INFO LabMPP.repository.databases.ReservationRepository - Finding Reservation
2025-03-20 07:47:04,100 [1] INFO LabMPP.repository.databases.DBUtils - Connection opened successfully.
2025-03-20 07:47:04,101 [1] INFO LabMPP.repository.databases.TripRepoRepository - Finding Trip
2025-03-20 07:47:04,102 [1] INFO LabMPP.repository.databases.DBUtils - Connection opened successfully.
2025-03-20 07:47:04,103 [1] INFO LabMPP.repository.databases.ReservationRepository - Finding Reservation
2025-03-20 07:47:04,104 [1] INFO LabMPP.repository.databases.DBUtils - Connection opened successfully.
2025-03-20 07:47:04,105 [1] INFO LabMPP.repository.databases.TripRepoRepository - Finding Trip
2025-03-20 07:47:04,106 [1] INFO LabMPP.repository.databases.DBUtils - Connection opened successfully.
2025-03-20 07:47:04,108 [1] INFO LabMPP.repository.databases.ReservationRepository - Finding Reservation
2025-03-20 07:47:04,109 [1] INFO LabMPP.repository.databases.DBUtils - Connection opened successfully.
2025-03-20 07:47:04,110 [1] INFO LabMPP.repository.databases.TripRepoRepository - Finding Trip
2025-03-20 07:47:04,111 [1] INFO LabMPP.repository.databases.DBUtils - Connection opened successfully.
2025-03-20 07:47:04,112 [1] INFO LabMPP.repository.databases.ReservationRepository - Finding Reservation
2025-03-20 07:47:04,112 [1] INFO LabMPP.repository.databases.DBUtils - Connection opened successfully.
2025-03-20 07:47:04,113 [1] INFO LabMPP.repository.databases.TripRepoRepository - Finding Trip
2025-03-20 07:47:04,114 [1] INFO LabMPP.repository.databases.DBUtils - Connection opened successfully.
2025-03-20 07:47:04,115 [1] INFO LabMPP.repository.databases.ReservationRepository - Finding Reservation
2025-03-20 07:47:04,115 [1] INFO LabMPP.repository.databases.DBUtils - Connection opened successfully.
2025-03-20 07:47:04,116 [1] INFO LabMPP.repository.databases.TripRepoRepository - Finding Trip
2025-03-20 07:47:04,117 [1] INFO LabMPP.repository.databases.DBUtils - Connection opened successfully.
2025-03-20 07:47:04,118 [1] INFO LabMPP.repository.databases.ReservationRepository - Finding Reservation
2025-03-20 07:47:04,119 [1] INFO LabMPP.repository.databases.DBUtils - Connection opened successfully.
2025-03-20 07:47:04,120 [1] INFO LabMPP.repository.databases.TripRepoRepository - Finding Trip
2025-03-20 07:47:04,120 [1] INFO LabMPP.repository.databases.DBUtils - Connection opened successfully.
2025-03-20 07:47:04,121 [1] INFO LabMPP.repository.databases.ReservationRepository - Finding Reservation
2025-03-20 07:47:04,121 [1] INFO LabMPP.repository.databases.DBUtils - Connection opened successfully.
2025-03-20 07:47:04,122 [1] INFO LabMPP.repository.databases.TripRepoRepository - Finding Trip
2025-03-20 07:47:04,123 [1] INFO LabMPP.repository.databases.DBUtils - Connection opened successfully.
2025-03-20 07:47:04,123 [1] INFO LabMPP.repository.databases.ReservationRepository - Finding Reservation
2025-03-20 07:47:04,124 [1] INFO LabMPP.repository.databases.DBUtils - Connection opened successfully.
2025-03-20 07:47:04,125 [1] INFO LabMPP.repository.databases.TripRepoRepository - Finding Trip
2025-03-20 07:47:04,125 [1] INFO LabMPP.repository.databases.DBUtils - Connection opened successfully.
2025-03-20 07:47:04,126 [1] INFO LabMPP.repository.databases.ReservationRepository - Finding Reservation
2025-03-20 07:47:04,127 [1] INFO LabMPP.repository.databases.DBUtils - Connection opened successfully.
2025-03-20 07:47:04,128 [1] INFO LabMPP.repository.databases.TripRepoRepository - Finding Trip
2025-03-20 07:47:04,129 [1] INFO LabMPP.repository.databases.DBUtils - Connection opened successfully.
2025-03-20 07:47:04,130 [1] INFO LabMPP.repository.databases.ReservationRepository - Finding Reservation
2025-03-20 07:47:04,131 [1] INFO LabMPP.repository.databases.DBUtils - Connection opened successfully.
2025-03-20 07:47:04,132 [1] INFO LabMPP.repository.databases.TripRepoRepository - Finding Trip
2025-03-20 07:47:04,133 [1] INFO LabMPP.repository.databases.DBUtils - Connection opened successfully.
2025-03-20 07:47:04,134 [1] INFO LabMPP.repository.databases.ReservationRepository - Finding Reservation
2025-03-20 07:47:04,135 [1] INFO LabMPP.repository.databases.DBUtils - Connection opened successfully.
2025-03-20 07:47:04,136 [1] INFO LabMPP.repository.databases.TripRepoRepository - Finding Trip
2025-03-20 07:47:04,137 [1] INFO LabMPP.repository.databases.DBUtils - Connection opened successfully.
2025-03-20 07:47:04,138 [1] INFO LabMPP.repository.databases.ReservationRepository - Finding Reservation
2025-03-20 07:47:04,139 [1] INFO LabMPP.repository.databases.DBUtils - Connection opened successfully.
2025-03-20 07:47:04,140 [1] INFO LabMPP.repository.databases.TripRepoRepository - Finding Trip
2025-03-20 07:47:04,141 [1] INFO LabMPP.repository.databases.DBUtils - Connection opened successfully.
2025-03-20 07:47:04,142 [1] INFO LabMPP.repository.databases.ReservationRepository - Finding Reservation
2025-03-20 07:47:04,143 [1] INFO LabMPP.repository.databases.DBUtils - Connection opened successfully.
2025-03-20 07:47:04,144 [1] INFO LabMPP.repository.databases.TripRepoRepository - Finding Trip
2025-03-20 07:47:04,145 [1] INFO LabMPP.repository.databases.DBUtils - Connection opened successfully.
2025-03-20 07:47:04,146 [1] INFO LabMPP.repository.databases.ReservationRepository - Finding Reservation
2025-03-20 07:47:04,147 [1] INFO LabMPP.repository.databases.DBUtils - Connection opened successfully.
2025-03-20 07:47:04,148 [1] INFO LabMPP.repository.databases.TripRepoRepository - Finding Trip
2025-03-20 07:47:04,150 [1] INFO LabMPP.repository.databases.DBUtils - Connection opened successfully.
2025-03-20 07:47:04,151 [1] INFO LabMPP.repository.databases.ReservationRepository - Finding Reservation
2025-03-20 07:47:04,153 [1] INFO LabMPP.repository.databases.DBUtils - Connection opened successfully.
2025-03-20 07:47:04,153 [1] INFO LabMPP.repository.databases.TripRepoRepository - Finding Trip
2025-03-20 07:47:04,155 [1] INFO LabMPP.repository.databases.DBUtils - Connection opened successfully.
2025-03-20 07:47:04,155 [1] INFO LabMPP.repository.databases.ReservationRepository - Finding all Reservations
2025-03-20 07:47:04,157 [1] INFO LabMPP.repository.databases.DBUtils - Connection opened successfully.
2025-03-20 07:47:04,158 [1] INFO LabMPP.repository.databases.ReservationRepository - Finding Reservation
2025-03-20 07:47:04,159 [1] INFO LabMPP.repository.databases.DBUtils - Connection opened successfully.
2025-03-20 07:47:04,160 [1] INFO LabMPP.repository.databases.TripRepoRepository - Finding Trip
2025-03-20 07:47:04,161 [1] INFO LabMPP.repository.databases.DBUtils - Connection opened successfully.
2025-03-20 07:47:04,162 [1] INFO LabMPP.repository.databases.ReservationRepository - Finding Reservation
2025-03-20 07:47:04,163 [1] INFO LabMPP.repository.databases.DBUtils - Connection opened successfully.
2025-03-20 07:47:04,164 [1] INFO LabMPP.repository.databases.TripRepoRepository - Finding Trip
2025-03-20 07:47:04,165 [1] INFO LabMPP.repository.databases.DBUtils - Connection opened successfully.
2025-03-20 07:47:04,166 [1] INFO LabMPP.repository.databases.ReservationRepository - Finding Reservation
2025-03-20 07:47:04,168 [1] INFO LabMPP.repository.databases.DBUtils - Connection opened successfully.
2025-03-20 07:47:04,169 [1] INFO LabMPP.repository.databases.TripRepoRepository - Finding Trip
2025-03-20 07:47:04,171 [1] INFO LabMPP.repository.databases.DBUtils - Connection opened successfully.
2025-03-20 07:47:04,172 [1] INFO LabMPP.repository.databases.ReservationRepository - Finding Reservation
2025-03-20 07:47:04,174 [1] INFO LabMPP.repository.databases.DBUtils - Connection opened successfully.
2025-03-20 07:47:04,175 [1] INFO LabMPP.repository.databases.TripRepoRepository - Finding Trip
2025-03-20 07:47:04,176 [1] INFO LabMPP.repository.databases.DBUtils - Connection opened successfully.
2025-03-20 07:47:04,177 [1] INFO LabMPP.repository.databases.ReservationRepository - Finding Reservation
2025-03-20 07:47:04,178 [1] INFO LabMPP.repository.databases.DBUtils - Connection opened successfully.
2025-03-20 07:47:04,179 [1] INFO LabMPP.repository.databases.TripRepoRepository - Finding Trip
2025-03-20 07:47:04,180 [1] INFO LabMPP.repository.databases.DBUtils - Connection opened successfully.
2025-03-20 07:47:04,181 [1] INFO LabMPP.repository.databases.ReservationRepository - Finding Reservation
2025-03-20 07:47:04,182 [1] INFO LabMPP.repository.databases.DBUtils - Connection opened successfully.
2025-03-20 07:47:04,182 [1] INFO LabMPP.repository.databases.TripRepoRepository - Finding Trip
2025-03-20 07:47:04,183 [1] INFO LabMPP.repository.databases.DBUtils - Connection opened successfully.
2025-03-20 07:47:04,184 [1] INFO LabMPP.repository.databases.ReservationRepository - Finding Reservation
2025-03-20 07:47:04,185 [1] INFO LabMPP.repository.databases.DBUtils - Connection opened successfully.
2025-03-20 07:47:04,186 [1] INFO LabMPP.repository.databases.TripRepoRepository - Finding Trip
2025-03-20 07:47:04,187 [1] INFO LabMPP.repository.databases.DBUtils - Connection opened successfully.
2025-03-20 07:47:04,188 [1] INFO LabMPP.repository.databases.ReservationRepository - Finding Reservation
2025-03-20 07:47:04,189 [1] INFO LabMPP.repository.databases.DBUtils - Connection opened successfully.
2025-03-20 07:47:04,191 [1] INFO LabMPP.repository.databases.TripRepoRepository - Finding Trip
2025-03-20 07:47:04,192 [1] INFO LabMPP.repository.databases.DBUtils - Connection opened successfully.
2025-03-20 07:47:04,193 [1] INFO LabMPP.repository.databases.ReservationRepository - Finding Reservation
2025-03-20 07:47:04,194 [1] INFO LabMPP.repository.databases.DBUtils - Connection opened successfully.
2025-03-20 07:47:04,195 [1] INFO LabMPP.repository.databases.TripRepoRepository - Finding Trip
2025-03-20 07:47:04,197 [1] INFO LabMPP.repository.databases.DBUtils - Connection opened successfully.
2025-03-20 07:47:04,198 [1] INFO LabMPP.repository.databases.ReservationRepository - Finding Reservation
2025-03-20 07:47:04,199 [1] INFO LabMPP.repository.databases.DBUtils - Connection opened successfully.
2025-03-20 07:47:04,200 [1] INFO LabMPP.repository.databases.TripRepoRepository - Finding Trip
2025-03-20 07:47:04,201 [1] INFO LabMPP.repository.databases.DBUtils - Connection opened successfully.
2025-03-20 07:47:04,202 [1] INFO LabMPP.repository.databases.ReservationRepository - Finding Reservation
2025-03-20 07:47:04,203 [1] INFO LabMPP.repository.databases.DBUtils - Connection opened successfully.
2025-03-20 07:47:04,204 [1] INFO LabMPP.repository.databases.TripRepoRepository - Finding Trip
2025-03-20 07:47:04,205 [1] INFO LabMPP.repository.databases.DBUtils - Connection opened successfully.
2025-03-20 07:47:04,206 [1] INFO LabMPP.repository.databases.ReservationRepository - Finding Reservation
2025-03-20 07:47:04,207 [1] INFO LabMPP.repository.databases.DBUtils - Connection opened successfully.
2025-03-20 07:47:04,209 [1] INFO LabMPP.repository.databases.TripRepoRepository - Finding Trip
2025-03-20 07:47:04,210 [1] INFO LabMPP.repository.databases.DBUtils - Connection opened successfully.
2025-03-20 07:47:04,211 [1] INFO LabMPP.repository.databases.ReservationRepository - Finding Reservation
2025-03-20 07:47:04,212 [1] INFO LabMPP.repository.databases.DBUtils - Connection opened successfully.
2025-03-20 07:47:04,212 [1] INFO LabMPP.repository.databases.TripRepoRepository - Finding Trip
2025-03-20 07:47:04,214 [1] INFO LabMPP.repository.databases.DBUtils - Connection opened successfully.
2025-03-20 07:47:04,215 [1] INFO LabMPP.repository.databases.ReservationRepository - Finding Reservation
2025-03-20 07:47:04,216 [1] INFO LabMPP.repository.databases.DBUtils - Connection opened successfully.
2025-03-20 07:47:04,217 [1] INFO LabMPP.repository.databases.TripRepoRepository - Finding Trip
2025-03-20 07:47:04,219 [1] INFO LabMPP.repository.databases.DBUtils - Connection opened successfully.
2025-03-20 07:47:04,220 [1] INFO LabMPP.repository.databases.ReservationRepository - Finding Reservation
2025-03-20 07:47:04,221 [1] INFO LabMPP.repository.databases.DBUtils - Connection opened successfully.
2025-03-20 07:47:04,222 [1] INFO LabMPP.repository.databases.TripRepoRepository - Finding Trip
2025-03-20 07:47:04,224 [1] INFO LabMPP.repository.databases.DBUtils - Connection opened successfully.
2025-03-20 07:47:04,225 [1] INFO LabMPP.repository.databases.ReservationRepository - Finding Reservation
2025-03-20 07:47:04,226 [1] INFO LabMPP.repository.databases.DBUtils - Connection opened successfully.
2025-03-20 07:47:04,227 [1] INFO LabMPP.repository.databases.TripRepoRepository - Finding Trip
2025-03-20 07:47:04,228 [1] INFO LabMPP.repository.databases.DBUtils - Connection opened successfully.
2025-03-20 07:47:04,229 [1] INFO LabMPP.repository.databases.ReservationRepository - Finding Reservation
2025-03-20 07:47:04,230 [1] INFO LabMPP.repository.databases.DBUtils - Connection opened successfully.
2025-03-20 07:47:04,231 [1] INFO LabMPP.repository.databases.TripRepoRepository - Finding Trip
2025-03-20 07:47:04,233 [1] INFO LabMPP.repository.databases.DBUtils - Connection opened successfully.
2025-03-20 07:47:04,234 [1] INFO LabMPP.repository.databases.ReservationRepository - Finding Reservation
2025-03-20 07:47:04,235 [1] INFO LabMPP.repository.databases.DBUtils - Connection opened successfully.
2025-03-20 07:47:04,236 [1] INFO LabMPP.repository.databases.TripRepoRepository - Finding Trip
2025-03-20 07:47:04,242 [1] INFO LabMPP.repository.databases.DBUtils - Connection opened successfully.
2025-03-20 07:47:04,244 [1] INFO LabMPP.repository.databases.ReservationRepository - Finding Reservation
2025-03-20 07:47:04,246 [1] INFO LabMPP.repository.databases.DBUtils - Connection opened successfully.
2025-03-20 07:47:04,248 [1] INFO LabMPP.repository.databases.TripRepoRepository - Finding Trip
2025-03-20 07:47:04,250 [1] INFO LabMPP.repository.databases.DBUtils - Connection opened successfully.
2025-03-20 07:47:04,251 [1] INFO LabMPP.repository.databases.ReservationRepository - Finding Reservation
2025-03-20 07:47:04,254 [1] INFO LabMPP.repository.databases.DBUtils - Connection opened successfully.
2025-03-20 07:47:04,255 [1] INFO LabMPP.repository.databases.TripRepoRepository - Finding Trip
2025-03-20 07:47:04,257 [1] INFO LabMPP.repository.databases.DBUtils - Connection opened successfully.
2025-03-20 07:47:04,259 [1] INFO LabMPP.repository.databases.ReservationRepository - Finding Reservation
2025-03-20 07:47:04,261 [1] INFO LabMPP.repository.databases.DBUtils - Connection opened successfully.
2025-03-20 07:47:04,264 [1] INFO LabMPP.repository.databases.TripRepoRepository - Finding Trip
2025-03-20 07:47:04,266 [1] INFO LabMPP.repository.databases.DBUtils - Connection opened successfully.
2025-03-20 07:47:04,268 [1] INFO LabMPP.repository.databases.ReservationRepository - Finding Reservation
2025-03-20 07:47:04,270 [1] INFO LabMPP.repository.databases.DBUtils - Connection opened successfully.
2025-03-20 07:47:04,271 [1] INFO LabMPP.repository.databases.TripRepoRepository - Finding Trip
2025-03-20 07:47:04,272 [1] INFO LabMPP.repository.databases.DBUtils - Connection opened successfully.
2025-03-20 07:47:04,273 [1] INFO LabMPP.repository.databases.ReservationRepository - Finding Reservation
2025-03-20 07:47:04,274 [1] INFO LabMPP.repository.databases.DBUtils - Connection opened successfully.
2025-03-20 07:47:04,275 [1] INFO LabMPP.repository.databases.TripRepoRepository - Finding Trip
2025-03-20 07:47:04,276 [1] INFO LabMPP.repository.databases.DBUtils - Connection opened successfully.
2025-03-20 07:47:04,286 [1] INFO LabMPP.repository.databases.ReservationRepository - Saving Reservation
2025-03-20 07:47:04,289 [1] INFO LabMPP.repository.databases.DBUtils - Connection opened successfully.
2025-03-20 07:47:04,297 [1] INFO LabMPP.repository.databases.ReservationRepository - Finding all Reservations
2025-03-20 07:47:04,302 [1] INFO LabMPP.repository.databases.DBUtils - Connection opened successfully.
2025-03-20 07:47:04,303 [1] INFO LabMPP.repository.databases.ReservationRepository - Finding Reservation
2025-03-20 07:47:04,305 [1] INFO LabMPP.repository.databases.DBUtils - Connection opened successfully.
2025-03-20 07:47:04,306 [1] INFO LabMPP.repository.databases.TripRepoRepository - Finding Trip
2025-03-20 07:47:04,307 [1] INFO LabMPP.repository.databases.DBUtils - Connection opened successfully.
2025-03-20 07:47:04,308 [1] INFO LabMPP.repository.databases.ReservationRepository - Finding Reservation
2025-03-20 07:47:04,309 [1] INFO LabMPP.repository.databases.DBUtils - Connection opened successfully.
2025-03-20 07:47:04,310 [1] INFO LabMPP.repository.databases.TripRepoRepository - Finding Trip
2025-03-20 07:47:04,311 [1] INFO LabMPP.repository.databases.DBUtils - Connection opened successfully.
2025-03-20 07:47:04,312 [1] INFO LabMPP.repository.databases.ReservationRepository - Finding Reservation
2025-03-20 07:47:04,314 [1] INFO LabMPP.repository.databases.DBUtils - Connection opened successfully.
2025-03-20 07:47:04,315 [1] INFO LabMPP.repository.databases.TripRepoRepository - Finding Trip
2025-03-20 07:47:04,317 [1] INFO LabMPP.repository.databases.DBUtils - Connection opened successfully.
2025-03-20 07:47:04,319 [1] INFO LabMPP.repository.databases.ReservationRepository - Finding Reservation
2025-03-20 07:47:04,320 [1] INFO LabMPP.repository.databases.DBUtils - Connection opened successfully.
2025-03-20 07:47:04,321 [1] INFO LabMPP.repository.databases.TripRepoRepository - Finding Trip
2025-03-20 07:47:04,323 [1] INFO LabMPP.repository.databases.DBUtils - Connection opened successfully.
2025-03-20 07:47:04,324 [1] INFO LabMPP.repository.databases.ReservationRepository - Finding Reservation
2025-03-20 07:47:04,326 [1] INFO LabMPP.repository.databases.DBUtils - Connection opened successfully.
2025-03-20 07:47:04,327 [1] INFO LabMPP.repository.databases.TripRepoRepository - Finding Trip
2025-03-20 07:47:04,328 [1] INFO LabMPP.repository.databases.DBUtils - Connection opened successfully.
2025-03-20 07:47:04,329 [1] INFO LabMPP.repository.databases.ReservationRepository - Finding Reservation
2025-03-20 07:47:04,331 [1] INFO LabMPP.repository.databases.DBUtils - Connection opened successfully.
2025-03-20 07:47:04,332 [1] INFO LabMPP.repository.databases.TripRepoRepository - Finding Trip
2025-03-20 07:47:04,334 [1] INFO LabMPP.repository.databases.DBUtils - Connection opened successfully.
2025-03-20 07:47:04,335 [1] INFO LabMPP.repository.databases.ReservationRepository - Finding Reservation
2025-03-20 07:47:04,336 [1] INFO LabMPP.repository.databases.DBUtils - Connection opened successfully.
2025-03-20 07:47:04,337 [1] INFO LabMPP.repository.databases.TripRepoRepository - Finding Trip
2025-03-20 07:47:04,339 [1] INFO LabMPP.repository.databases.DBUtils - Connection opened successfully.
2025-03-20 07:47:04,340 [1] INFO LabMPP.repository.databases.ReservationRepository - Finding Reservation
2025-03-20 07:47:04,341 [1] INFO LabMPP.repository.databases.DBUtils - Connection opened successfully.
2025-03-20 07:47:04,342 [1] INFO LabMPP.repository.databases.TripRepoRepository - Finding Trip
2025-03-20 07:47:04,344 [1] INFO LabMPP.repository.databases.DBUtils - Connection opened successfully.
2025-03-20 07:47:04,345 [1] INFO LabMPP.repository.databases.ReservationRepository - Finding Reservation
2025-03-20 07:47:04,346 [1] INFO LabMPP.repository.databases.DBUtils - Connection opened successfully.
2025-03-20 07:47:04,347 [1] INFO LabMPP.repository.databases.TripRepoRepository - Finding Trip
2025-03-20 07:47:04,349 [1] INFO LabMPP.repository.databases.DBUtils - Connection opened successfully.
2025-03-20 07:47:04,350 [1] INFO LabMPP.repository.databases.ReservationRepository - Finding Reservation
2025-03-20 07:47:04,352 [1] INFO LabMPP.repository.databases.DBUtils - Connection opened successfully.
2025-03-20 07:47:04,353 [1] INFO LabMPP.repository.databases.TripRepoRepository - Finding Trip
2025-03-20 07:47:04,354 [1] INFO LabMPP.repository.databases.DBUtils - Connection opened successfully.
2025-03-20 07:47:04,355 [1] INFO LabMPP.repository.databases.ReservationRepository - Finding Reservation
2025-03-20 07:47:04,356 [1] INFO LabMPP.repository.databases.DBUtils - Connection opened successfully.
2025-03-20 07:47:04,357 [1] INFO LabMPP.repository.databases.TripRepoRepository - Finding Trip
2025-03-20 07:47:04,359 [1] INFO LabMPP.repository.databases.DBUtils - Connection opened successfully.
2025-03-20 07:47:04,361 [1] INFO LabMPP.repository.databases.ReservationRepository - Finding Reservation
2025-03-20 07:47:04,362 [1] INFO LabMPP.repository.databases.DBUtils - Connection opened successfully.
2025-03-20 07:47:04,364 [1] INFO LabMPP.repository.databases.TripRepoRepository - Finding Trip
2025-03-20 07:47:04,365 [1] INFO LabMPP.repository.databases.DBUtils - Connection opened successfully.
2025-03-20 07:47:04,366 [1] INFO LabMPP.repository.databases.ReservationRepository - Finding Reservation
2025-03-20 07:47:04,368 [1] INFO LabMPP.repository.databases.DBUtils - Connection opened successfully.
2025-03-20 07:47:04,369 [1] INFO LabMPP.repository.databases.TripRepoRepository - Finding Trip
2025-03-20 07:47:04,370 [1] INFO LabMPP.repository.databases.DBUtils - Connection opened successfully.
2025-03-20 07:47:04,371 [1] INFO LabMPP.repository.databases.ReservationRepository - Finding Reservation
2025-03-20 07:47:04,372 [1] INFO LabMPP.repository.databases.DBUtils - Connection opened successfully.
2025-03-20 07:47:04,373 [1] INFO LabMPP.repository.databases.TripRepoRepository - Finding Trip
2025-03-20 07:47:04,375 [1] INFO LabMPP.repository.databases.DBUtils - Connection opened successfully.
2025-03-20 07:47:04,376 [1] INFO LabMPP.repository.databases.ReservationRepository - Finding Reservation
2025-03-20 07:47:04,378 [1] INFO LabMPP.repository.databases.DBUtils - Connection opened successfully.
2025-03-20 07:47:04,379 [1] INFO LabMPP.repository.databases.TripRepoRepository - Finding Trip
2025-03-20 07:47:04,380 [1] INFO LabMPP.repository.databases.DBUtils - Connection opened successfully.
2025-03-20 07:47:04,381 [1] INFO LabMPP.repository.databases.ReservationRepository - Finding Reservation
2025-03-20 07:47:04,382 [1] INFO LabMPP.repository.databases.DBUtils - Connection opened successfully.
2025-03-20 07:47:04,383 [1] INFO LabMPP.repository.databases.TripRepoRepository - Finding Trip
2025-03-20 07:47:04,385 [1] INFO LabMPP.repository.databases.DBUtils - Connection opened successfully.
2025-03-20 07:47:04,386 [1] INFO LabMPP.repository.databases.ReservationRepository - Finding Reservation
2025-03-20 07:47:04,387 [1] INFO LabMPP.repository.databases.DBUtils - Connection opened successfully.
2025-03-20 07:47:04,389 [1] INFO LabMPP.repository.databases.TripRepoRepository - Finding Trip
2025-03-20 07:47:04,390 [1] INFO LabMPP.repository.databases.DBUtils - Connection opened successfully.
2025-03-20 07:47:04,391 [1] INFO LabMPP.repository.databases.ReservationRepository - Finding Reservation
2025-03-20 07:47:04,393 [1] INFO LabMPP.repository.databases.DBUtils - Connection opened successfully.
2025-03-20 07:47:04,394 [1] INFO LabMPP.repository.databases.TripRepoRepository - Finding Trip
2025-03-20 07:47:04,396 [1] INFO LabMPP.repository.databases.DBUtils - Connection opened successfully.
2025-03-20 07:47:04,398 [1] INFO LabMPP.repository.databases.ReservationRepository - Finding Reservation
2025-03-20 07:47:04,399 [1] INFO LabMPP.repository.databases.DBUtils - Connection opened successfully.
2025-03-20 07:47:04,401 [1] INFO LabMPP.repository.databases.TripRepoRepository - Finding Trip
2025-03-20 07:47:04,402 [1] INFO LabMPP.repository.databases.DBUtils - Connection opened successfully.
2025-03-20 07:47:04,404 [1] INFO LabMPP.repository.databases.ReservationRepository - Finding Reservation
2025-03-20 07:47:04,405 [1] INFO LabMPP.repository.databases.DBUtils - Connection opened successfully.
2025-03-20 07:47:04,406 [1] INFO LabMPP.repository.databases.TripRepoRepository - Finding Trip
2025-03-20 07:47:04,408 [1] INFO LabMPP.repository.databases.DBUtils - Connection opened successfully.
2025-03-20 07:47:04,409 [1] INFO LabMPP.repository.databases.ReservationRepository - Finding Reservation
2025-03-20 07:47:04,410 [1] INFO LabMPP.repository.databases.DBUtils - Connection opened successfully.
2025-03-20 07:47:04,411 [1] INFO LabMPP.repository.databases.TripRepoRepository - Finding Trip
2025-03-20 07:47:04,413 [1] INFO LabMPP.repository.databases.DBUtils - Connection opened successfully.
2025-03-20 07:47:04,414 [1] INFO LabMPP.repository.databases.ReservationRepository - Finding Reservation
2025-03-20 07:47:04,415 [1] INFO LabMPP.repository.databases.DBUtils - Connection opened successfully.
2025-03-20 07:47:04,416 [1] INFO LabMPP.repository.databases.TripRepoRepository - Finding Trip
2025-03-20 07:47:04,417 [1] INFO LabMPP.repository.databases.DBUtils - Connection opened successfully.
2025-03-20 07:47:04,418 [1] INFO LabMPP.repository.databases.ReservationRepository - Finding Reservation
2025-03-20 07:47:04,419 [1] INFO LabMPP.repository.databases.DBUtils - Connection opened successfully.
2025-03-20 07:47:04,420 [1] INFO LabMPP.repository.databases.TripRepoRepository - Finding Trip
2025-03-20 07:47:04,422 [1] INFO LabMPP.repository.databases.DBUtils - Connection opened successfully.
2025-03-20 07:47:04,423 [1] INFO LabMPP.repository.databases.ReservationRepository - Finding Reservation
2025-03-20 07:47:04,425 [1] INFO LabMPP.repository.databases.DBUtils - Connection opened successfully.
2025-03-20 07:47:04,426 [1] INFO LabMPP.repository.databases.TripRepoRepository - Finding Trip
2025-03-20 07:47:04,428 [1] INFO LabMPP.repository.databases.DBUtils - Connection opened successfully.
2025-03-20 07:47:15,086 [1] INFO LabMPP.service.Service - Getting manager by name
2025-03-20 07:47:15,087 [1] INFO LabMPP.repository.databases.ManagerRepository - Finding all Managers
2025-03-20 07:47:15,090 [1] INFO LabMPP.repository.databases.DBUtils - Connection opened successfully.
2025-03-20 07:47:15,126 [1] INFO LabMPP.service.Service - Getting all trips
2025-03-20 07:47:15,127 [1] INFO LabMPP.repository.databases.TripRepoRepository - Finding all Trips
2025-03-20 07:47:15,129 [1] INFO LabMPP.repository.databases.DBUtils - Connection opened successfully.
2025-03-20 08:16:31,991 [1] INFO LabMPP.repository.databases.TripRepoRepository - Creating TripRepository
2025-03-20 08:16:32,016 [1] INFO LabMPP.repository.databases.ManagerRepository - Creating ManagerRepository
2025-03-20 08:16:32,017 [1] INFO LabMPP.repository.databases.ReservationRepository - Creating TripRepository
2025-03-20 08:16:32,018 [1] INFO LabMPP.repository.databases.TripRepoRepository - Creating TripRepository
2025-03-20 08:16:32,018 [1] INFO Program - Aplicația a pornit!
2025-03-20 08:16:32,176 [1] INFO LabMPP.repository.databases.DBUtils - Connection opened successfully.
2025-03-20 08:16:32,188 [1] INFO Program - Test connection successful
2025-03-20 08:16:32,192 [1] INFO LabMPP.repository.databases.TripRepoRepository - Creating TripRepository
2025-03-20 08:16:32,193 [1] INFO LabMPP.repository.databases.TripRepoRepository - Finding all Trips
2025-03-20 08:16:32,195 [1] INFO LabMPP.repository.databases.DBUtils - Connection opened successfully.
2025-03-20 08:16:32,233 [1] INFO LabMPP.repository.databases.TripRepoRepository - Finding all Trips
2025-03-20 08:16:32,235 [1] INFO LabMPP.repository.databases.DBUtils - Connection opened successfully.
2025-03-20 08:16:32,250 [1] INFO LabMPP.repository.databases.TripRepoRepository - Saving Trip
2025-03-20 08:16:32,252 [1] INFO LabMPP.repository.databases.DBUtils - Connection opened successfully.
2025-03-20 08:16:32,276 [1] INFO LabMPP.repository.databases.TripRepoRepository - Finding all Trips
2025-03-20 08:16:32,281 [1] INFO LabMPP.repository.databases.DBUtils - Connection opened successfully.
2025-03-20 08:16:32,291 [1] INFO LabMPP.repository.databases.ManagerRepository - Creating ManagerRepository
2025-03-20 08:16:32,292 [1] INFO LabMPP.repository.databases.ManagerRepository - Finding all Managers
2025-03-20 08:16:32,294 [1] INFO LabMPP.repository.databases.DBUtils - Connection opened successfully.
2025-03-20 08:16:32,296 [1] INFO LabMPP.repository.databases.ManagerRepository - Finding all Managers
2025-03-20 08:16:32,298 [1] INFO LabMPP.repository.databases.DBUtils - Connection opened successfully.
2025-03-20 08:16:32,308 [1] INFO LabMPP.repository.databases.ManagerRepository - Saving Manager
2025-03-20 08:16:32,310 [1] INFO LabMPP.repository.databases.DBUtils - Connection opened successfully.
2025-03-20 08:16:32,320 [1] INFO LabMPP.repository.databases.ManagerRepository - Finding all Managers
2025-03-20 08:16:32,325 [1] INFO LabMPP.repository.databases.DBUtils - Connection opened successfully.
2025-03-20 08:16:32,333 [1] INFO LabMPP.repository.databases.ReservationRepository - Creating TripRepository
2025-03-20 08:16:32,333 [1] INFO LabMPP.repository.databases.TripRepoRepository - Creating TripRepository
2025-03-20 08:16:32,335 [1] INFO LabMPP.repository.databases.ReservationRepository - Finding all Reservations
2025-03-20 08:16:32,336 [1] INFO LabMPP.repository.databases.DBUtils - Connection opened successfully.
2025-03-20 08:16:32,338 [1] INFO LabMPP.repository.databases.ReservationRepository - Finding Reservation
2025-03-20 08:16:32,340 [1] INFO LabMPP.repository.databases.DBUtils - Connection opened successfully.
2025-03-20 08:16:32,342 [1] INFO LabMPP.repository.databases.TripRepoRepository - Finding Trip
2025-03-20 08:16:32,343 [1] INFO LabMPP.repository.databases.DBUtils - Connection opened successfully.
2025-03-20 08:16:32,349 [1] INFO LabMPP.repository.databases.ReservationRepository - Finding Reservation
2025-03-20 08:16:32,350 [1] INFO LabMPP.repository.databases.DBUtils - Connection opened successfully.
2025-03-20 08:16:32,351 [1] INFO LabMPP.repository.databases.TripRepoRepository - Finding Trip
2025-03-20 08:16:32,353 [1] INFO LabMPP.repository.databases.DBUtils - Connection opened successfully.
2025-03-20 08:16:32,354 [1] INFO LabMPP.repository.databases.ReservationRepository - Finding Reservation
2025-03-20 08:16:32,355 [1] INFO LabMPP.repository.databases.DBUtils - Connection opened successfully.
2025-03-20 08:16:32,356 [1] INFO LabMPP.repository.databases.TripRepoRepository - Finding Trip
2025-03-20 08:16:32,357 [1] INFO LabMPP.repository.databases.DBUtils - Connection opened successfully.
2025-03-20 08:16:32,358 [1] INFO LabMPP.repository.databases.ReservationRepository - Finding Reservation
2025-03-20 08:16:32,360 [1] INFO LabMPP.repository.databases.DBUtils - Connection opened successfully.
2025-03-20 08:16:32,361 [1] INFO LabMPP.repository.databases.TripRepoRepository - Finding Trip
2025-03-20 08:16:32,362 [1] INFO LabMPP.repository.databases.DBUtils - Connection opened successfully.
2025-03-20 08:16:32,364 [1] INFO LabMPP.repository.databases.ReservationRepository - Finding Reservation
2025-03-20 08:16:32,366 [1] INFO LabMPP.repository.databases.DBUtils - Connection opened successfully.
2025-03-20 08:16:32,367 [1] INFO LabMPP.repository.databases.TripRepoRepository - Finding Trip
2025-03-20 08:16:32,369 [1] INFO LabMPP.repository.databases.DBUtils - Connection opened successfully.
2025-03-20 08:16:32,370 [1] INFO LabMPP.repository.databases.ReservationRepository - Finding Reservation
2025-03-20 08:16:32,372 [1] INFO LabMPP.repository.databases.DBUtils - Connection opened successfully.
2025-03-20 08:16:32,373 [1] INFO LabMPP.repository.databases.TripRepoRepository - Finding Trip
2025-03-20 08:16:32,375 [1] INFO LabMPP.repository.databases.DBUtils - Connection opened successfully.
2025-03-20 08:16:32,376 [1] INFO LabMPP.repository.databases.ReservationRepository - Finding Reservation
2025-03-20 08:16:32,378 [1] INFO LabMPP.repository.databases.DBUtils - Connection opened successfully.
2025-03-20 08:16:32,379 [1] INFO LabMPP.repository.databases.TripRepoRepository - Finding Trip
2025-03-20 08:16:32,380 [1] INFO LabMPP.repository.databases.DBUtils - Connection opened successfully.
2025-03-20 08:16:32,382 [1] INFO LabMPP.repository.databases.ReservationRepository - Finding Reservation
2025-03-20 08:16:32,383 [1] INFO LabMPP.repository.databases.DBUtils - Connection opened successfully.
2025-03-20 08:16:32,384 [1] INFO LabMPP.repository.databases.TripRepoRepository - Finding Trip
2025-03-20 08:16:32,385 [1] INFO LabMPP.repository.databases.DBUtils - Connection opened successfully.
2025-03-20 08:16:32,386 [1] INFO LabMPP.repository.databases.ReservationRepository - Finding Reservation
2025-03-20 08:16:32,388 [1] INFO LabMPP.repository.databases.DBUtils - Connection opened successfully.
2025-03-20 08:16:32,389 [1] INFO LabMPP.repository.databases.TripRepoRepository - Finding Trip
2025-03-20 08:16:32,390 [1] INFO LabMPP.repository.databases.DBUtils - Connection opened successfully.
2025-03-20 08:16:32,391 [1] INFO LabMPP.repository.databases.ReservationRepository - Finding Reservation
2025-03-20 08:16:32,392 [1] INFO LabMPP.repository.databases.DBUtils - Connection opened successfully.
2025-03-20 08:16:32,393 [1] INFO LabMPP.repository.databases.TripRepoRepository - Finding Trip
2025-03-20 08:16:32,395 [1] INFO LabMPP.repository.databases.DBUtils - Connection opened successfully.
2025-03-20 08:16:32,396 [1] INFO LabMPP.repository.databases.ReservationRepository - Finding Reservation
2025-03-20 08:16:32,397 [1] INFO LabMPP.repository.databases.DBUtils - Connection opened successfully.
2025-03-20 08:16:32,398 [1] INFO LabMPP.repository.databases.TripRepoRepository - Finding Trip
2025-03-20 08:16:32,399 [1] INFO LabMPP.repository.databases.DBUtils - Connection opened successfully.
2025-03-20 08:16:32,400 [1] INFO LabMPP.repository.databases.ReservationRepository - Finding Reservation
2025-03-20 08:16:32,401 [1] INFO LabMPP.repository.databases.DBUtils - Connection opened successfully.
2025-03-20 08:16:32,403 [1] INFO LabMPP.repository.databases.TripRepoRepository - Finding Trip
2025-03-20 08:16:32,403 [1] INFO LabMPP.repository.databases.DBUtils - Connection opened successfully.
2025-03-20 08:16:32,405 [1] INFO LabMPP.repository.databases.ReservationRepository - Finding Reservation
2025-03-20 08:16:32,406 [1] INFO LabMPP.repository.databases.DBUtils - Connection opened successfully.
2025-03-20 08:16:32,407 [1] INFO LabMPP.repository.databases.TripRepoRepository - Finding Trip
2025-03-20 08:16:32,408 [1] INFO LabMPP.repository.databases.DBUtils - Connection opened successfully.
2025-03-20 08:16:32,409 [1] INFO LabMPP.repository.databases.ReservationRepository - Finding Reservation
2025-03-20 08:16:32,410 [1] INFO LabMPP.repository.databases.DBUtils - Connection opened successfully.
2025-03-20 08:16:32,411 [1] INFO LabMPP.repository.databases.TripRepoRepository - Finding Trip
2025-03-20 08:16:32,412 [1] INFO LabMPP.repository.databases.DBUtils - Connection opened successfully.
2025-03-20 08:16:32,413 [1] INFO LabMPP.repository.databases.ReservationRepository - Finding Reservation
2025-03-20 08:16:32,414 [1] INFO LabMPP.repository.databases.DBUtils - Connection opened successfully.
2025-03-20 08:16:32,415 [1] INFO LabMPP.repository.databases.TripRepoRepository - Finding Trip
2025-03-20 08:16:32,416 [1] INFO LabMPP.repository.databases.DBUtils - Connection opened successfully.
2025-03-20 08:16:32,416 [1] INFO LabMPP.repository.databases.ReservationRepository - Finding Reservation
2025-03-20 08:16:32,417 [1] INFO LabMPP.repository.databases.DBUtils - Connection opened successfully.
2025-03-20 08:16:32,418 [1] INFO LabMPP.repository.databases.TripRepoRepository - Finding Trip
2025-03-20 08:16:32,419 [1] INFO LabMPP.repository.databases.DBUtils - Connection opened successfully.
2025-03-20 08:16:32,420 [1] INFO LabMPP.repository.databases.ReservationRepository - Finding Reservation
2025-03-20 08:16:32,421 [1] INFO LabMPP.repository.databases.DBUtils - Connection opened successfully.
2025-03-20 08:16:32,421 [1] INFO LabMPP.repository.databases.TripRepoRepository - Finding Trip
2025-03-20 08:16:32,422 [1] INFO LabMPP.repository.databases.DBUtils - Connection opened successfully.
2025-03-20 08:16:32,423 [1] INFO LabMPP.repository.databases.ReservationRepository - Finding Reservation
2025-03-20 08:16:32,424 [1] INFO LabMPP.repository.databases.DBUtils - Connection opened successfully.
2025-03-20 08:16:32,425 [1] INFO LabMPP.repository.databases.TripRepoRepository - Finding Trip
2025-03-20 08:16:32,426 [1] INFO LabMPP.repository.databases.DBUtils - Connection opened successfully.
2025-03-20 08:16:32,427 [1] INFO LabMPP.repository.databases.ReservationRepository - Finding Reservation
2025-03-20 08:16:32,428 [1] INFO LabMPP.repository.databases.DBUtils - Connection opened successfully.
2025-03-20 08:16:32,429 [1] INFO LabMPP.repository.databases.TripRepoRepository - Finding Trip
2025-03-20 08:16:32,430 [1] INFO LabMPP.repository.databases.DBUtils - Connection opened successfully.
2025-03-20 08:16:32,431 [1] INFO LabMPP.repository.databases.ReservationRepository - Finding Reservation
2025-03-20 08:16:32,432 [1] INFO LabMPP.repository.databases.DBUtils - Connection opened successfully.
2025-03-20 08:16:32,433 [1] INFO LabMPP.repository.databases.TripRepoRepository - Finding Trip
2025-03-20 08:16:32,433 [1] INFO LabMPP.repository.databases.DBUtils - Connection opened successfully.
2025-03-20 08:16:32,434 [1] INFO LabMPP.repository.databases.ReservationRepository - Finding Reservation
2025-03-20 08:16:32,435 [1] INFO LabMPP.repository.databases.DBUtils - Connection opened successfully.
2025-03-20 08:16:32,436 [1] INFO LabMPP.repository.databases.TripRepoRepository - Finding Trip
2025-03-20 08:16:32,438 [1] INFO LabMPP.repository.databases.DBUtils - Connection opened successfully.
2025-03-20 08:16:32,438 [1] INFO LabMPP.repository.databases.ReservationRepository - Finding Reservation
2025-03-20 08:16:32,440 [1] INFO LabMPP.repository.databases.DBUtils - Connection opened successfully.
2025-03-20 08:16:32,441 [1] INFO LabMPP.repository.databases.TripRepoRepository - Finding Trip
2025-03-20 08:16:32,442 [1] INFO LabMPP.repository.databases.DBUtils - Connection opened successfully.
2025-03-20 08:16:32,443 [1] INFO LabMPP.repository.databases.ReservationRepository - Finding Reservation
2025-03-20 08:16:32,443 [1] INFO LabMPP.repository.databases.DBUtils - Connection opened successfully.
2025-03-20 08:16:32,444 [1] INFO LabMPP.repository.databases.TripRepoRepository - Finding Trip
2025-03-20 08:16:32,445 [1] INFO LabMPP.repository.databases.DBUtils - Connection opened successfully.
2025-03-20 08:16:32,446 [1] INFO LabMPP.repository.databases.ReservationRepository - Finding Reservation
2025-03-20 08:16:32,447 [1] INFO LabMPP.repository.databases.DBUtils - Connection opened successfully.
2025-03-20 08:16:32,447 [1] INFO LabMPP.repository.databases.TripRepoRepository - Finding Trip
2025-03-20 08:16:32,448 [1] INFO LabMPP.repository.databases.DBUtils - Connection opened successfully.
2025-03-20 08:16:32,449 [1] INFO LabMPP.repository.databases.ReservationRepository - Finding all Reservations
2025-03-20 08:16:32,450 [1] INFO LabMPP.repository.databases.DBUtils - Connection opened successfully.
2025-03-20 08:16:32,451 [1] INFO LabMPP.repository.databases.ReservationRepository - Finding Reservation
2025-03-20 08:16:32,452 [1] INFO LabMPP.repository.databases.DBUtils - Connection opened successfully.
2025-03-20 08:16:32,452 [1] INFO LabMPP.repository.databases.TripRepoRepository - Finding Trip
2025-03-20 08:16:32,453 [1] INFO LabMPP.repository.databases.DBUtils - Connection opened successfully.
2025-03-20 08:16:32,454 [1] INFO LabMPP.repository.databases.ReservationRepository - Finding Reservation
2025-03-20 08:16:32,456 [1] INFO LabMPP.repository.databases.DBUtils - Connection opened successfully.
2025-03-20 08:16:32,456 [1] INFO LabMPP.repository.databases.TripRepoRepository - Finding Trip
2025-03-20 08:16:32,457 [1] INFO LabMPP.repository.databases.DBUtils - Connection opened successfully.
2025-03-20 08:16:32,458 [1] INFO LabMPP.repository.databases.ReservationRepository - Finding Reservation
2025-03-20 08:16:32,460 [1] INFO LabMPP.repository.databases.DBUtils - Connection opened successfully.
2025-03-20 08:16:32,460 [1] INFO LabMPP.repository.databases.TripRepoRepository - Finding Trip
2025-03-20 08:16:32,462 [1] INFO LabMPP.repository.databases.DBUtils - Connection opened successfully.
2025-03-20 08:16:32,463 [1] INFO LabMPP.repository.databases.ReservationRepository - Finding Reservation
2025-03-20 08:16:32,464 [1] INFO LabMPP.repository.databases.DBUtils - Connection opened successfully.
2025-03-20 08:16:32,465 [1] INFO LabMPP.repository.databases.TripRepoRepository - Finding Trip
2025-03-20 08:16:32,466 [1] INFO LabMPP.repository.databases.DBUtils - Connection opened successfully.
2025-03-20 08:16:32,466 [1] INFO LabMPP.repository.databases.ReservationRepository - Finding Reservation
2025-03-20 08:16:32,467 [1] INFO LabMPP.repository.databases.DBUtils - Connection opened successfully.
2025-03-20 08:16:32,468 [1] INFO LabMPP.repository.databases.TripRepoRepository - Finding Trip
2025-03-20 08:16:32,470 [1] INFO LabMPP.repository.databases.DBUtils - Connection opened successfully.
2025-03-20 08:16:32,471 [1] INFO LabMPP.repository.databases.ReservationRepository - Finding Reservation
2025-03-20 08:16:32,472 [1] INFO LabMPP.repository.databases.DBUtils - Connection opened successfully.
2025-03-20 08:16:32,473 [1] INFO LabMPP.repository.databases.TripRepoRepository - Finding Trip
2025-03-20 08:16:32,474 [1] INFO LabMPP.repository.databases.DBUtils - Connection opened successfully.
2025-03-20 08:16:32,475 [1] INFO LabMPP.repository.databases.ReservationRepository - Finding Reservation
2025-03-20 08:16:32,477 [1] INFO LabMPP.repository.databases.DBUtils - Connection opened successfully.
2025-03-20 08:16:32,478 [1] INFO LabMPP.repository.databases.TripRepoRepository - Finding Trip
2025-03-20 08:16:32,479 [1] INFO LabMPP.repository.databases.DBUtils - Connection opened successfully.
2025-03-20 08:16:32,479 [1] INFO LabMPP.repository.databases.ReservationRepository - Finding Reservation
2025-03-20 08:16:32,481 [1] INFO LabMPP.repository.databases.DBUtils - Connection opened successfully.
2025-03-20 08:16:32,481 [1] INFO LabMPP.repository.databases.TripRepoRepository - Finding Trip
2025-03-20 08:16:32,482 [1] INFO LabMPP.repository.databases.DBUtils - Connection opened successfully.
2025-03-20 08:16:32,483 [1] INFO LabMPP.repository.databases.ReservationRepository - Finding Reservation
2025-03-20 08:16:32,485 [1] INFO LabMPP.repository.databases.DBUtils - Connection opened successfully.
2025-03-20 08:16:32,486 [1] INFO LabMPP.repository.databases.TripRepoRepository - Finding Trip
2025-03-20 08:16:32,487 [1] INFO LabMPP.repository.databases.DBUtils - Connection opened successfully.
2025-03-20 08:16:32,488 [1] INFO LabMPP.repository.databases.ReservationRepository - Finding Reservation
2025-03-20 08:16:32,488 [1] INFO LabMPP.repository.databases.DBUtils - Connection opened successfully.
2025-03-20 08:16:32,489 [1] INFO LabMPP.repository.databases.TripRepoRepository - Finding Trip
2025-03-20 08:16:32,490 [1] INFO LabMPP.repository.databases.DBUtils - Connection opened successfully.
2025-03-20 08:16:32,491 [1] INFO LabMPP.repository.databases.ReservationRepository - Finding Reservation
2025-03-20 08:16:32,492 [1] INFO LabMPP.repository.databases.DBUtils - Connection opened successfully.
2025-03-20 08:16:32,493 [1] INFO LabMPP.repository.databases.TripRepoRepository - Finding Trip
2025-03-20 08:16:32,494 [1] INFO LabMPP.repository.databases.DBUtils - Connection opened successfully.
2025-03-20 08:16:32,495 [1] INFO LabMPP.repository.databases.ReservationRepository - Finding Reservation
2025-03-20 08:16:32,496 [1] INFO LabMPP.repository.databases.DBUtils - Connection opened successfully.
2025-03-20 08:16:32,497 [1] INFO LabMPP.repository.databases.TripRepoRepository - Finding Trip
2025-03-20 08:16:32,498 [1] INFO LabMPP.repository.databases.DBUtils - Connection opened successfully.
2025-03-20 08:16:32,499 [1] INFO LabMPP.repository.databases.ReservationRepository - Finding Reservation
2025-03-20 08:16:32,500 [1] INFO LabMPP.repository.databases.DBUtils - Connection opened successfully.
2025-03-20 08:16:32,501 [1] INFO LabMPP.repository.databases.TripRepoRepository - Finding Trip
2025-03-20 08:16:32,503 [1] INFO LabMPP.repository.databases.DBUtils - Connection opened successfully.
2025-03-20 08:16:32,504 [1] INFO LabMPP.repository.databases.ReservationRepository - Finding Reservation
2025-03-20 08:16:32,505 [1] INFO LabMPP.repository.databases.DBUtils - Connection opened successfully.
2025-03-20 08:16:32,506 [1] INFO LabMPP.repository.databases.TripRepoRepository - Finding Trip
2025-03-20 08:16:32,507 [1] INFO LabMPP.repository.databases.DBUtils - Connection opened successfully.
2025-03-20 08:16:32,508 [1] INFO LabMPP.repository.databases.ReservationRepository - Finding Reservation
2025-03-20 08:16:32,509 [1] INFO LabMPP.repository.databases.DBUtils - Connection opened successfully.
2025-03-20 08:16:32,510 [1] INFO LabMPP.repository.databases.TripRepoRepository - Finding Trip
2025-03-20 08:16:32,512 [1] INFO LabMPP.repository.databases.DBUtils - Connection opened successfully.
2025-03-20 08:16:32,513 [1] INFO LabMPP.repository.databases.ReservationRepository - Finding Reservation
2025-03-20 08:16:32,515 [1] INFO LabMPP.repository.databases.DBUtils - Connection opened successfully.
2025-03-20 08:16:32,517 [1] INFO LabMPP.repository.databases.TripRepoRepository - Finding Trip
2025-03-20 08:16:32,518 [1] INFO LabMPP.repository.databases.DBUtils - Connection opened successfully.
2025-03-20 08:16:32,519 [1] INFO LabMPP.repository.databases.ReservationRepository - Finding Reservation
2025-03-20 08:16:32,520 [1] INFO LabMPP.repository.databases.DBUtils - Connection opened successfully.
2025-03-20 08:16:32,521 [1] INFO LabMPP.repository.databases.TripRepoRepository - Finding Trip
2025-03-20 08:16:32,522 [1] INFO LabMPP.repository.databases.DBUtils - Connection opened successfully.
2025-03-20 08:16:32,523 [1] INFO LabMPP.repository.databases.ReservationRepository - Finding Reservation
2025-03-20 08:16:32,524 [1] INFO LabMPP.repository.databases.DBUtils - Connection opened successfully.
2025-03-20 08:16:32,525 [1] INFO LabMPP.repository.databases.TripRepoRepository - Finding Trip
2025-03-20 08:16:32,526 [1] INFO LabMPP.repository.databases.DBUtils - Connection opened successfully.
2025-03-20 08:16:32,527 [1] INFO LabMPP.repository.databases.ReservationRepository - Finding Reservation
2025-03-20 08:16:32,528 [1] INFO LabMPP.repository.databases.DBUtils - Connection opened successfully.
2025-03-20 08:16:32,528 [1] INFO LabMPP.repository.databases.TripRepoRepository - Finding Trip
2025-03-20 08:16:32,529 [1] INFO LabMPP.repository.databases.DBUtils - Connection opened successfully.
2025-03-20 08:16:32,530 [1] INFO LabMPP.repository.databases.ReservationRepository - Finding Reservation
2025-03-20 08:16:32,532 [1] INFO LabMPP.repository.databases.DBUtils - Connection opened successfully.
2025-03-20 08:16:32,533 [1] INFO LabMPP.repository.databases.TripRepoRepository - Finding Trip
2025-03-20 08:16:32,534 [1] INFO LabMPP.repository.databases.DBUtils - Connection opened successfully.
2025-03-20 08:16:32,535 [1] INFO LabMPP.repository.databases.ReservationRepository - Finding Reservation
2025-03-20 08:16:32,536 [1] INFO LabMPP.repository.databases.DBUtils - Connection opened successfully.
2025-03-20 08:16:32,537 [1] INFO LabMPP.repository.databases.TripRepoRepository - Finding Trip
2025-03-20 08:16:32,538 [1] INFO LabMPP.repository.databases.DBUtils - Connection opened successfully.
2025-03-20 08:16:32,539 [1] INFO LabMPP.repository.databases.ReservationRepository - Finding Reservation
2025-03-20 08:16:32,540 [1] INFO LabMPP.repository.databases.DBUtils - Connection opened successfully.
2025-03-20 08:16:32,541 [1] INFO LabMPP.repository.databases.TripRepoRepository - Finding Trip
2025-03-20 08:16:32,542 [1] INFO LabMPP.repository.databases.DBUtils - Connection opened successfully.
2025-03-20 08:16:32,543 [1] INFO LabMPP.repository.databases.ReservationRepository - Finding Reservation
2025-03-20 08:16:32,544 [1] INFO LabMPP.repository.databases.DBUtils - Connection opened successfully.
2025-03-20 08:16:32,545 [1] INFO LabMPP.repository.databases.TripRepoRepository - Finding Trip
2025-03-20 08:16:32,546 [1] INFO LabMPP.repository.databases.DBUtils - Connection opened successfully.
2025-03-20 08:16:32,548 [1] INFO LabMPP.repository.databases.ReservationRepository - Finding Reservation
2025-03-20 08:16:32,549 [1] INFO LabMPP.repository.databases.DBUtils - Connection opened successfully.
2025-03-20 08:16:32,550 [1] INFO LabMPP.repository.databases.TripRepoRepository - Finding Trip
2025-03-20 08:16:32,551 [1] INFO LabMPP.repository.databases.DBUtils - Connection opened successfully.
2025-03-20 08:16:32,562 [1] INFO LabMPP.repository.databases.ReservationRepository - Saving Reservation
2025-03-20 08:16:32,564 [1] INFO LabMPP.repository.databases.DBUtils - Connection opened successfully.
2025-03-20 08:16:32,573 [1] INFO LabMPP.repository.databases.ReservationRepository - Finding all Reservations
2025-03-20 08:16:32,577 [1] INFO LabMPP.repository.databases.DBUtils - Connection opened successfully.
2025-03-20 08:16:32,579 [1] INFO LabMPP.repository.databases.ReservationRepository - Finding Reservation
2025-03-20 08:16:32,580 [1] INFO LabMPP.repository.databases.DBUtils - Connection opened successfully.
2025-03-20 08:16:32,582 [1] INFO LabMPP.repository.databases.TripRepoRepository - Finding Trip
2025-03-20 08:16:32,584 [1] INFO LabMPP.repository.databases.DBUtils - Connection opened successfully.
2025-03-20 08:16:32,585 [1] INFO LabMPP.repository.databases.ReservationRepository - Finding Reservation
2025-03-20 08:16:32,587 [1] INFO LabMPP.repository.databases.DBUtils - Connection opened successfully.
2025-03-20 08:16:32,588 [1] INFO LabMPP.repository.databases.TripRepoRepository - Finding Trip
2025-03-20 08:16:32,590 [1] INFO LabMPP.repository.databases.DBUtils - Connection opened successfully.
2025-03-20 08:16:32,591 [1] INFO LabMPP.repository.databases.ReservationRepository - Finding Reservation
2025-03-20 08:16:32,593 [1] INFO LabMPP.repository.databases.DBUtils - Connection opened successfully.
2025-03-20 08:16:32,595 [1] INFO LabMPP.repository.databases.TripRepoRepository - Finding Trip
2025-03-20 08:16:32,596 [1] INFO LabMPP.repository.databases.DBUtils - Connection opened successfully.
2025-03-20 08:16:32,598 [1] INFO LabMPP.repository.databases.ReservationRepository - Finding Reservation
2025-03-20 08:16:32,599 [1] INFO LabMPP.repository.databases.DBUtils - Connection opened successfully.
2025-03-20 08:16:32,600 [1] INFO LabMPP.repository.databases.TripRepoRepository - Finding Trip
2025-03-20 08:16:32,602 [1] INFO LabMPP.repository.databases.DBUtils - Connection opened successfully.
2025-03-20 08:16:32,603 [1] INFO LabMPP.repository.databases.ReservationRepository - Finding Reservation
2025-03-20 08:16:32,604 [1] INFO LabMPP.repository.databases.DBUtils - Connection opened successfully.
2025-03-20 08:16:32,605 [1] INFO LabMPP.repository.databases.TripRepoRepository - Finding Trip
2025-03-20 08:16:32,607 [1] INFO LabMPP.repository.databases.DBUtils - Connection opened successfully.
2025-03-20 08:16:32,608 [1] INFO LabMPP.repository.databases.ReservationRepository - Finding Reservation
2025-03-20 08:16:32,609 [1] INFO LabMPP.repository.databases.DBUtils - Connection opened successfully.
2025-03-20 08:16:32,610 [1] INFO LabMPP.repository.databases.TripRepoRepository - Finding Trip
2025-03-20 08:16:32,612 [1] INFO LabMPP.repository.databases.DBUtils - Connection opened successfully.
2025-03-20 08:16:32,613 [1] INFO LabMPP.repository.databases.ReservationRepository - Finding Reservation
2025-03-20 08:16:32,614 [1] INFO LabMPP.repository.databases.DBUtils - Connection opened successfully.
2025-03-20 08:16:32,615 [1] INFO LabMPP.repository.databases.TripRepoRepository - Finding Trip
2025-03-20 08:16:32,617 [1] INFO LabMPP.repository.databases.DBUtils - Connection opened successfully.
2025-03-20 08:16:32,618 [1] INFO LabMPP.repository.databases.ReservationRepository - Finding Reservation
2025-03-20 08:16:32,619 [1] INFO LabMPP.repository.databases.DBUtils - Connection opened successfully.
2025-03-20 08:16:32,620 [1] INFO LabMPP.repository.databases.TripRepoRepository - Finding Trip
2025-03-20 08:16:32,622 [1] INFO LabMPP.repository.databases.DBUtils - Connection opened successfully.
2025-03-20 08:16:32,623 [1] INFO LabMPP.repository.databases.ReservationRepository - Finding Reservation
2025-03-20 08:16:32,624 [1] INFO LabMPP.repository.databases.DBUtils - Connection opened successfully.
2025-03-20 08:16:32,625 [1] INFO LabMPP.repository.databases.TripRepoRepository - Finding Trip
2025-03-20 08:16:32,627 [1] INFO LabMPP.repository.databases.DBUtils - Connection opened successfully.
2025-03-20 08:16:32,628 [1] INFO LabMPP.repository.databases.ReservationRepository - Finding Reservation
2025-03-20 08:16:32,630 [1] INFO LabMPP.repository.databases.DBUtils - Connection opened successfully.
2025-03-20 08:16:32,631 [1] INFO LabMPP.repository.databases.TripRepoRepository - Finding Trip
2025-03-20 08:16:32,633 [1] INFO LabMPP.repository.databases.DBUtils - Connection opened successfully.
2025-03-20 08:16:32,634 [1] INFO LabMPP.repository.databases.ReservationRepository - Finding Reservation
2025-03-20 08:16:32,636 [1] INFO LabMPP.repository.databases.DBUtils - Connection opened successfully.
2025-03-20 08:16:32,637 [1] INFO LabMPP.repository.databases.TripRepoRepository - Finding Trip
2025-03-20 08:16:32,638 [1] INFO LabMPP.repository.databases.DBUtils - Connection opened successfully.
2025-03-20 08:16:32,640 [1] INFO LabMPP.repository.databases.ReservationRepository - Finding Reservation
2025-03-20 08:16:32,641 [1] INFO LabMPP.repository.databases.DBUtils - Connection opened successfully.
2025-03-20 08:16:32,643 [1] INFO LabMPP.repository.databases.TripRepoRepository - Finding Trip
2025-03-20 08:16:32,644 [1] INFO LabMPP.repository.databases.DBUtils - Connection opened successfully.
2025-03-20 08:16:32,645 [1] INFO LabMPP.repository.databases.ReservationRepository - Finding Reservation
2025-03-20 08:16:32,647 [1] INFO LabMPP.repository.databases.DBUtils - Connection opened successfully.
2025-03-20 08:16:32,648 [1] INFO LabMPP.repository.databases.TripRepoRepository - Finding Trip
2025-03-20 08:16:32,649 [1] INFO LabMPP.repository.databases.DBUtils - Connection opened successfully.
2025-03-20 08:16:32,651 [1] INFO LabMPP.repository.databases.ReservationRepository - Finding Reservation
2025-03-20 08:16:32,652 [1] INFO LabMPP.repository.databases.DBUtils - Connection opened successfully.
2025-03-20 08:16:32,653 [1] INFO LabMPP.repository.databases.TripRepoRepository - Finding Trip
2025-03-20 08:16:32,654 [1] INFO LabMPP.repository.databases.DBUtils - Connection opened successfully.
2025-03-20 08:16:32,655 [1] INFO LabMPP.repository.databases.ReservationRepository - Finding Reservation
2025-03-20 08:16:32,657 [1] INFO LabMPP.repository.databases.DBUtils - Connection opened successfully.
2025-03-20 08:16:32,658 [1] INFO LabMPP.repository.databases.TripRepoRepository - Finding Trip
2025-03-20 08:16:32,660 [1] INFO LabMPP.repository.databases.DBUtils - Connection opened successfully.
2025-03-20 08:16:32,661 [1] INFO LabMPP.repository.databases.ReservationRepository - Finding Reservation
2025-03-20 08:16:32,662 [1] INFO LabMPP.repository.databases.DBUtils - Connection opened successfully.
2025-03-20 08:16:32,664 [1] INFO LabMPP.repository.databases.TripRepoRepository - Finding Trip
2025-03-20 08:16:32,665 [1] INFO LabMPP.repository.databases.DBUtils - Connection opened successfully.
2025-03-20 08:16:32,666 [1] INFO LabMPP.repository.databases.ReservationRepository - Finding Reservation
2025-03-20 08:16:32,668 [1] INFO LabMPP.repository.databases.DBUtils - Connection opened successfully.
2025-03-20 08:16:32,669 [1] INFO LabMPP.repository.databases.TripRepoRepository - Finding Trip
2025-03-20 08:16:32,670 [1] INFO LabMPP.repository.databases.DBUtils - Connection opened successfully.
2025-03-20 08:16:32,672 [1] INFO LabMPP.repository.databases.ReservationRepository - Finding Reservation
2025-03-20 08:16:32,678 [1] INFO LabMPP.repository.databases.DBUtils - Connection opened successfully.
2025-03-20 08:16:32,679 [1] INFO LabMPP.repository.databases.TripRepoRepository - Finding Trip
2025-03-20 08:16:32,681 [1] INFO LabMPP.repository.databases.DBUtils - Connection opened successfully.
2025-03-20 08:16:32,682 [1] INFO LabMPP.repository.databases.ReservationRepository - Finding Reservation
2025-03-20 08:16:32,683 [1] INFO LabMPP.repository.databases.DBUtils - Connection opened successfully.
2025-03-20 08:16:32,684 [1] INFO LabMPP.repository.databases.TripRepoRepository - Finding Trip
2025-03-20 08:16:32,686 [1] INFO LabMPP.repository.databases.DBUtils - Connection opened successfully.
2025-03-20 08:16:32,687 [1] INFO LabMPP.repository.databases.ReservationRepository - Finding Reservation
2025-03-20 08:16:32,688 [1] INFO LabMPP.repository.databases.DBUtils - Connection opened successfully.
2025-03-20 08:16:32,690 [1] INFO LabMPP.repository.databases.TripRepoRepository - Finding Trip
2025-03-20 08:16:32,691 [1] INFO LabMPP.repository.databases.DBUtils - Connection opened successfully.
2025-03-20 08:16:32,693 [1] INFO LabMPP.repository.databases.ReservationRepository - Finding Reservation
2025-03-20 08:16:32,694 [1] INFO LabMPP.repository.databases.DBUtils - Connection opened successfully.
2025-03-20 08:16:32,696 [1] INFO LabMPP.repository.databases.TripRepoRepository - Finding Trip
2025-03-20 08:16:32,697 [1] INFO LabMPP.repository.databases.DBUtils - Connection opened successfully.
2025-03-20 08:16:32,698 [1] INFO LabMPP.repository.databases.ReservationRepository - Finding Reservation
2025-03-20 08:16:32,700 [1] INFO LabMPP.repository.databases.DBUtils - Connection opened successfully.
2025-03-20 08:16:32,701 [1] INFO LabMPP.repository.databases.TripRepoRepository - Finding Trip
2025-03-20 08:16:32,703 [1] INFO LabMPP.repository.databases.DBUtils - Connection opened successfully.
2025-03-20 08:16:32,704 [1] INFO LabMPP.repository.databases.ReservationRepository - Finding Reservation
2025-03-20 08:16:32,705 [1] INFO LabMPP.repository.databases.DBUtils - Connection opened successfully.
2025-03-20 08:16:32,706 [1] INFO LabMPP.repository.databases.TripRepoRepository - Finding Trip
2025-03-20 08:16:32,708 [1] INFO LabMPP.repository.databases.DBUtils - Connection opened successfully.
2025-03-20 08:16:32,709 [1] INFO LabMPP.repository.databases.ReservationRepository - Finding Reservation
2025-03-20 08:16:32,711 [1] INFO LabMPP.repository.databases.DBUtils - Connection opened successfully.
2025-03-20 08:16:32,713 [1] INFO LabMPP.repository.databases.TripRepoRepository - Finding Trip
2025-03-20 08:16:32,715 [1] INFO LabMPP.repository.databases.DBUtils - Connection opened successfully.
2025-03-20 08:16:32,716 [1] INFO LabMPP.repository.databases.ReservationRepository - Finding Reservation
2025-03-20 08:16:32,717 [1] INFO LabMPP.repository.databases.DBUtils - Connection opened successfully.
2025-03-20 08:16:32,719 [1] INFO LabMPP.repository.databases.TripRepoRepository - Finding Trip
2025-03-20 08:16:32,720 [1] INFO LabMPP.repository.databases.DBUtils - Connection opened successfully.
2025-03-20 08:16:43,101 [1] INFO LabMPP.service.Service - Getting manager by name
2025-03-20 08:16:43,102 [1] INFO LabMPP.repository.databases.ManagerRepository - Finding all Managers
2025-03-20 08:16:43,105 [1] INFO LabMPP.repository.databases.DBUtils - Connection opened successfully.
2025-03-20 08:16:43,132 [1] INFO LabMPP.service.Service - Getting all trips
2025-03-20 08:16:43,133 [1] INFO LabMPP.repository.databases.TripRepoRepository - Finding all Trips
2025-03-20 08:16:43,135 [1] INFO LabMPP.repository.databases.DBUtils - Connection opened successfully.
2025-03-20 08:18:50,535 [1] INFO LabMPP.repository.databases.TripRepoRepository - Creating TripRepository
2025-03-20 08:18:50,571 [1] INFO LabMPP.repository.databases.ManagerRepository - Creating ManagerRepository
2025-03-20 08:18:50,573 [1] INFO LabMPP.repository.databases.ReservationRepository - Creating TripRepository
2025-03-20 08:18:50,573 [1] INFO LabMPP.repository.databases.TripRepoRepository - Creating TripRepository
2025-03-20 08:18:50,574 [1] INFO Program - Aplicația a pornit!
2025-03-20 08:18:50,743 [1] INFO LabMPP.repository.databases.DBUtils - Connection opened successfully.
2025-03-20 08:18:50,756 [1] INFO Program - Test connection successful
2025-03-20 08:18:50,758 [1] INFO LabMPP.repository.databases.TripRepoRepository - Creating TripRepository
2025-03-20 08:18:50,759 [1] INFO LabMPP.repository.databases.TripRepoRepository - Finding all Trips
2025-03-20 08:18:50,760 [1] INFO LabMPP.repository.databases.DBUtils - Connection opened successfully.
2025-03-20 08:18:50,792 [1] INFO LabMPP.repository.databases.TripRepoRepository - Finding all Trips
2025-03-20 08:18:50,794 [1] INFO LabMPP.repository.databases.DBUtils - Connection opened successfully.
2025-03-20 08:18:50,808 [1] INFO LabMPP.repository.databases.TripRepoRepository - Saving Trip
2025-03-20 08:18:50,810 [1] INFO LabMPP.repository.databases.DBUtils - Connection opened successfully.
2025-03-20 08:18:50,832 [1] INFO LabMPP.repository.databases.TripRepoRepository - Finding all Trips
2025-03-20 08:18:50,837 [1] INFO LabMPP.repository.databases.DBUtils - Connection opened successfully.
2025-03-20 08:18:50,855 [1] INFO LabMPP.repository.databases.ManagerRepository - Creating ManagerRepository
2025-03-20 08:18:50,857 [1] INFO LabMPP.repository.databases.ManagerRepository - Finding all Managers
2025-03-20 08:18:50,859 [1] INFO LabMPP.repository.databases.DBUtils - Connection opened successfully.
2025-03-20 08:18:50,862 [1] INFO LabMPP.repository.databases.ManagerRepository - Finding all Managers
2025-03-20 08:18:50,863 [1] INFO LabMPP.repository.databases.DBUtils - Connection opened successfully.
2025-03-20 08:18:50,871 [1] INFO LabMPP.repository.databases.ManagerRepository - Saving Manager
2025-03-20 08:18:50,872 [1] INFO LabMPP.repository.databases.DBUtils - Connection opened successfully.
2025-03-20 08:18:50,880 [1] INFO LabMPP.repository.databases.ManagerRepository - Finding all Managers
2025-03-20 08:18:50,883 [1] INFO LabMPP.repository.databases.DBUtils - Connection opened successfully.
2025-03-20 08:18:50,889 [1] INFO LabMPP.repository.databases.ReservationRepository - Creating TripRepository
2025-03-20 08:18:50,890 [1] INFO LabMPP.repository.databases.TripRepoRepository - Creating TripRepository
2025-03-20 08:18:50,891 [1] INFO LabMPP.repository.databases.ReservationRepository - Finding all Reservations
2025-03-20 08:18:50,892 [1] INFO LabMPP.repository.databases.DBUtils - Connection opened successfully.
2025-03-20 08:18:50,894 [1] INFO LabMPP.repository.databases.ReservationRepository - Finding Reservation
2025-03-20 08:18:50,895 [1] INFO LabMPP.repository.databases.DBUtils - Connection opened successfully.
2025-03-20 08:18:50,896 [1] INFO LabMPP.repository.databases.TripRepoRepository - Finding Trip
2025-03-20 08:18:50,897 [1] INFO LabMPP.repository.databases.DBUtils - Connection opened successfully.
2025-03-20 08:18:50,901 [1] INFO LabMPP.repository.databases.ReservationRepository - Finding Reservation
2025-03-20 08:18:50,902 [1] INFO LabMPP.repository.databases.DBUtils - Connection opened successfully.
2025-03-20 08:18:50,903 [1] INFO LabMPP.repository.databases.TripRepoRepository - Finding Trip
2025-03-20 08:18:50,904 [1] INFO LabMPP.repository.databases.DBUtils - Connection opened successfully.
2025-03-20 08:18:50,905 [1] INFO LabMPP.repository.databases.ReservationRepository - Finding Reservation
2025-03-20 08:18:50,906 [1] INFO LabMPP.repository.databases.DBUtils - Connection opened successfully.
2025-03-20 08:18:50,907 [1] INFO LabMPP.repository.databases.TripRepoRepository - Finding Trip
2025-03-20 08:18:50,909 [1] INFO LabMPP.repository.databases.DBUtils - Connection opened successfully.
2025-03-20 08:18:50,910 [1] INFO LabMPP.repository.databases.ReservationRepository - Finding Reservation
2025-03-20 08:18:50,911 [1] INFO LabMPP.repository.databases.DBUtils - Connection opened successfully.
2025-03-20 08:18:50,912 [1] INFO LabMPP.repository.databases.TripRepoRepository - Finding Trip
2025-03-20 08:18:50,913 [1] INFO LabMPP.repository.databases.DBUtils - Connection opened successfully.
2025-03-20 08:18:50,914 [1] INFO LabMPP.repository.databases.ReservationRepository - Finding Reservation
2025-03-20 08:18:50,916 [1] INFO LabMPP.repository.databases.DBUtils - Connection opened successfully.
2025-03-20 08:18:50,916 [1] INFO LabMPP.repository.databases.TripRepoRepository - Finding Trip
2025-03-20 08:18:50,917 [1] INFO LabMPP.repository.databases.DBUtils - Connection opened successfully.
2025-03-20 08:18:50,918 [1] INFO LabMPP.repository.databases.ReservationRepository - Finding Reservation
2025-03-20 08:18:50,919 [1] INFO LabMPP.repository.databases.DBUtils - Connection opened successfully.
2025-03-20 08:18:50,920 [1] INFO LabMPP.repository.databases.TripRepoRepository - Finding Trip
2025-03-20 08:18:50,921 [1] INFO LabMPP.repository.databases.DBUtils - Connection opened successfully.
2025-03-20 08:18:50,922 [1] INFO LabMPP.repository.databases.ReservationRepository - Finding Reservation
2025-03-20 08:18:50,923 [1] INFO LabMPP.repository.databases.DBUtils - Connection opened successfully.
2025-03-20 08:18:50,924 [1] INFO LabMPP.repository.databases.TripRepoRepository - Finding Trip
2025-03-20 08:18:50,925 [1] INFO LabMPP.repository.databases.DBUtils - Connection opened successfully.
2025-03-20 08:18:50,925 [1] INFO LabMPP.repository.databases.ReservationRepository - Finding Reservation
2025-03-20 08:18:50,927 [1] INFO LabMPP.repository.databases.DBUtils - Connection opened successfully.
2025-03-20 08:18:50,928 [1] INFO LabMPP.repository.databases.TripRepoRepository - Finding Trip
2025-03-20 08:18:50,929 [1] INFO LabMPP.repository.databases.DBUtils - Connection opened successfully.
2025-03-20 08:18:50,930 [1] INFO LabMPP.repository.databases.ReservationRepository - Finding Reservation
2025-03-20 08:18:50,931 [1] INFO LabMPP.repository.databases.DBUtils - Connection opened successfully.
2025-03-20 08:18:50,932 [1] INFO LabMPP.repository.databases.TripRepoRepository - Finding Trip
2025-03-20 08:18:50,933 [1] INFO LabMPP.repository.databases.DBUtils - Connection opened successfully.
2025-03-20 08:18:50,934 [1] INFO LabMPP.repository.databases.ReservationRepository - Finding Reservation
2025-03-20 08:18:50,935 [1] INFO LabMPP.repository.databases.DBUtils - Connection opened successfully.
2025-03-20 08:18:50,936 [1] INFO LabMPP.repository.databases.TripRepoRepository - Finding Trip
2025-03-20 08:18:50,938 [1] INFO LabMPP.repository.databases.DBUtils - Connection opened successfully.
2025-03-20 08:18:50,939 [1] INFO LabMPP.repository.databases.ReservationRepository - Finding Reservation
2025-03-20 08:18:50,940 [1] INFO LabMPP.repository.databases.DBUtils - Connection opened successfully.
2025-03-20 08:18:50,941 [1] INFO LabMPP.repository.databases.TripRepoRepository - Finding Trip
2025-03-20 08:18:50,942 [1] INFO LabMPP.repository.databases.DBUtils - Connection opened successfully.
2025-03-20 08:18:50,943 [1] INFO LabMPP.repository.databases.ReservationRepository - Finding Reservation
2025-03-20 08:18:50,944 [1] INFO LabMPP.repository.databases.DBUtils - Connection opened successfully.
2025-03-20 08:18:50,945 [1] INFO LabMPP.repository.databases.TripRepoRepository - Finding Trip
2025-03-20 08:18:50,947 [1] INFO LabMPP.repository.databases.DBUtils - Connection opened successfully.
2025-03-20 08:18:50,948 [1] INFO LabMPP.repository.databases.ReservationRepository - Finding Reservation
2025-03-20 08:18:50,949 [1] INFO LabMPP.repository.databases.DBUtils - Connection opened successfully.
2025-03-20 08:18:50,950 [1] INFO LabMPP.repository.databases.TripRepoRepository - Finding Trip
2025-03-20 08:18:50,951 [1] INFO LabMPP.repository.databases.DBUtils - Connection opened successfully.
2025-03-20 08:18:50,952 [1] INFO LabMPP.repository.databases.ReservationRepository - Finding Reservation
2025-03-20 08:18:50,954 [1] INFO LabMPP.repository.databases.DBUtils - Connection opened successfully.
2025-03-20 08:18:50,955 [1] INFO LabMPP.repository.databases.TripRepoRepository - Finding Trip
2025-03-20 08:18:50,956 [1] INFO LabMPP.repository.databases.DBUtils - Connection opened successfully.
2025-03-20 08:18:50,957 [1] INFO LabMPP.repository.databases.ReservationRepository - Finding Reservation
2025-03-20 08:18:50,958 [1] INFO LabMPP.repository.databases.DBUtils - Connection opened successfully.
2025-03-20 08:18:50,959 [1] INFO LabMPP.repository.databases.TripRepoRepository - Finding Trip
2025-03-20 08:18:50,960 [1] INFO LabMPP.repository.databases.DBUtils - Connection opened successfully.
2025-03-20 08:18:50,961 [1] INFO LabMPP.repository.databases.ReservationRepository - Finding Reservation
2025-03-20 08:18:50,962 [1] INFO LabMPP.repository.databases.DBUtils - Connection opened successfully.
2025-03-20 08:18:50,963 [1] INFO LabMPP.repository.databases.TripRepoRepository - Finding Trip
2025-03-20 08:18:50,964 [1] INFO LabMPP.repository.databases.DBUtils - Connection opened successfully.
2025-03-20 08:18:50,965 [1] INFO LabMPP.repository.databases.ReservationRepository - Finding Reservation
2025-03-20 08:18:50,966 [1] INFO LabMPP.repository.databases.DBUtils - Connection opened successfully.
2025-03-20 08:18:50,967 [1] INFO LabMPP.repository.databases.TripRepoRepository - Finding Trip
2025-03-20 08:18:50,968 [1] INFO LabMPP.repository.databases.DBUtils - Connection opened successfully.
2025-03-20 08:18:50,969 [1] INFO LabMPP.repository.databases.ReservationRepository - Finding Reservation
2025-03-20 08:18:50,970 [1] INFO LabMPP.repository.databases.DBUtils - Connection opened successfully.
2025-03-20 08:18:50,971 [1] INFO LabMPP.repository.databases.TripRepoRepository - Finding Trip
2025-03-20 08:18:50,973 [1] INFO LabMPP.repository.databases.DBUtils - Connection opened successfully.
2025-03-20 08:18:50,974 [1] INFO LabMPP.repository.databases.ReservationRepository - Finding Reservation
2025-03-20 08:18:50,975 [1] INFO LabMPP.repository.databases.DBUtils - Connection opened successfully.
2025-03-20 08:18:50,976 [1] INFO LabMPP.repository.databases.TripRepoRepository - Finding Trip
2025-03-20 08:18:50,978 [1] INFO LabMPP.repository.databases.DBUtils - Connection opened successfully.
2025-03-20 08:18:50,978 [1] INFO LabMPP.repository.databases.ReservationRepository - Finding Reservation
2025-03-20 08:18:50,980 [1] INFO LabMPP.repository.databases.DBUtils - Connection opened successfully.
2025-03-20 08:18:50,980 [1] INFO LabMPP.repository.databases.TripRepoRepository - Finding Trip
2025-03-20 08:18:50,981 [1] INFO LabMPP.repository.databases.DBUtils - Connection opened successfully.
2025-03-20 08:18:50,982 [1] INFO LabMPP.repository.databases.ReservationRepository - Finding Reservation
2025-03-20 08:18:50,983 [1] INFO LabMPP.repository.databases.DBUtils - Connection opened successfully.
2025-03-20 08:18:50,984 [1] INFO LabMPP.repository.databases.TripRepoRepository - Finding Trip
2025-03-20 08:18:50,985 [1] INFO LabMPP.repository.databases.DBUtils - Connection opened successfully.
2025-03-20 08:18:50,986 [1] INFO LabMPP.repository.databases.ReservationRepository - Finding Reservation
2025-03-20 08:18:50,987 [1] INFO LabMPP.repository.databases.DBUtils - Connection opened successfully.
2025-03-20 08:18:50,988 [1] INFO LabMPP.repository.databases.TripRepoRepository - Finding Trip
2025-03-20 08:18:50,989 [1] INFO LabMPP.repository.databases.DBUtils - Connection opened successfully.
2025-03-20 08:18:50,990 [1] INFO LabMPP.repository.databases.ReservationRepository - Finding Reservation
2025-03-20 08:18:50,992 [1] INFO LabMPP.repository.databases.DBUtils - Connection opened successfully.
2025-03-20 08:18:50,992 [1] INFO LabMPP.repository.databases.TripRepoRepository - Finding Trip
2025-03-20 08:18:50,994 [1] INFO LabMPP.repository.databases.DBUtils - Connection opened successfully.
2025-03-20 08:18:50,994 [1] INFO LabMPP.repository.databases.ReservationRepository - Finding Reservation
2025-03-20 08:18:50,996 [1] INFO LabMPP.repository.databases.DBUtils - Connection opened successfully.
2025-03-20 08:18:50,997 [1] INFO LabMPP.repository.databases.TripRepoRepository - Finding Trip
2025-03-20 08:18:50,998 [1] INFO LabMPP.repository.databases.DBUtils - Connection opened successfully.
2025-03-20 08:18:50,999 [1] INFO LabMPP.repository.databases.ReservationRepository - Finding Reservation
2025-03-20 08:18:51,000 [1] INFO LabMPP.repository.databases.DBUtils - Connection opened successfully.
2025-03-20 08:18:51,001 [1] INFO LabMPP.repository.databases.TripRepoRepository - Finding Trip
2025-03-20 08:18:51,002 [1] INFO LabMPP.repository.databases.DBUtils - Connection opened successfully.
2025-03-20 08:18:51,003 [1] INFO LabMPP.repository.databases.ReservationRepository - Finding all Reservations
2025-03-20 08:18:51,004 [1] INFO LabMPP.repository.databases.DBUtils - Connection opened successfully.
2025-03-20 08:18:51,004 [1] INFO LabMPP.repository.databases.ReservationRepository - Finding Reservation
2025-03-20 08:18:51,006 [1] INFO LabMPP.repository.databases.DBUtils - Connection opened successfully.
2025-03-20 08:18:51,007 [1] INFO LabMPP.repository.databases.TripRepoRepository - Finding Trip
2025-03-20 08:18:51,009 [1] INFO LabMPP.repository.databases.DBUtils - Connection opened successfully.
2025-03-20 08:18:51,010 [1] INFO LabMPP.repository.databases.ReservationRepository - Finding Reservation
2025-03-20 08:18:51,011 [1] INFO LabMPP.repository.databases.DBUtils - Connection opened successfully.
2025-03-20 08:18:51,012 [1] INFO LabMPP.repository.databases.TripRepoRepository - Finding Trip
2025-03-20 08:18:51,013 [1] INFO LabMPP.repository.databases.DBUtils - Connection opened successfully.
2025-03-20 08:18:51,014 [1] INFO LabMPP.repository.databases.ReservationRepository - Finding Reservation
2025-03-20 08:18:51,015 [1] INFO LabMPP.repository.databases.DBUtils - Connection opened successfully.
2025-03-20 08:18:51,016 [1] INFO LabMPP.repository.databases.TripRepoRepository - Finding Trip
2025-03-20 08:18:51,017 [1] INFO LabMPP.repository.databases.DBUtils - Connection opened successfully.
2025-03-20 08:18:51,018 [1] INFO LabMPP.repository.databases.ReservationRepository - Finding Reservation
2025-03-20 08:18:51,019 [1] INFO LabMPP.repository.databases.DBUtils - Connection opened successfully.
2025-03-20 08:18:51,020 [1] INFO LabMPP.repository.databases.TripRepoRepository - Finding Trip
2025-03-20 08:18:51,021 [1] INFO LabMPP.repository.databases.DBUtils - Connection opened successfully.
2025-03-20 08:18:51,021 [1] INFO LabMPP.repository.databases.ReservationRepository - Finding Reservation
2025-03-20 08:18:51,023 [1] INFO LabMPP.repository.databases.DBUtils - Connection opened successfully.
2025-03-20 08:18:51,024 [1] INFO LabMPP.repository.databases.TripRepoRepository - Finding Trip
2025-03-20 08:18:51,025 [1] INFO LabMPP.repository.databases.DBUtils - Connection opened successfully.
2025-03-20 08:18:51,026 [1] INFO LabMPP.repository.databases.ReservationRepository - Finding Reservation
2025-03-20 08:18:51,027 [1] INFO LabMPP.repository.databases.DBUtils - Connection opened successfully.
2025-03-20 08:18:51,028 [1] INFO LabMPP.repository.databases.TripRepoRepository - Finding Trip
2025-03-20 08:18:51,029 [1] INFO LabMPP.repository.databases.DBUtils - Connection opened successfully.
2025-03-20 08:18:51,029 [1] INFO LabMPP.repository.databases.ReservationRepository - Finding Reservation
2025-03-20 08:18:51,030 [1] INFO LabMPP.repository.databases.DBUtils - Connection opened successfully.
2025-03-20 08:18:51,031 [1] INFO LabMPP.repository.databases.TripRepoRepository - Finding Trip
2025-03-20 08:18:51,032 [1] INFO LabMPP.repository.databases.DBUtils - Connection opened successfully.
2025-03-20 08:18:51,033 [1] INFO LabMPP.repository.databases.ReservationRepository - Finding Reservation
2025-03-20 08:18:51,034 [1] INFO LabMPP.repository.databases.DBUtils - Connection opened successfully.
2025-03-20 08:18:51,035 [1] INFO LabMPP.repository.databases.TripRepoRepository - Finding Trip
2025-03-20 08:18:51,036 [1] INFO LabMPP.repository.databases.DBUtils - Connection opened successfully.
2025-03-20 08:18:51,037 [1] INFO LabMPP.repository.databases.ReservationRepository - Finding Reservation
2025-03-20 08:18:51,039 [1] INFO LabMPP.repository.databases.DBUtils - Connection opened successfully.
2025-03-20 08:18:51,040 [1] INFO LabMPP.repository.databases.TripRepoRepository - Finding Trip
2025-03-20 08:18:51,041 [1] INFO LabMPP.repository.databases.DBUtils - Connection opened successfully.
2025-03-20 08:18:51,042 [1] INFO LabMPP.repository.databases.ReservationRepository - Finding Reservation
2025-03-20 08:18:51,043 [1] INFO LabMPP.repository.databases.DBUtils - Connection opened successfully.
2025-03-20 08:18:51,043 [1] INFO LabMPP.repository.databases.TripRepoRepository - Finding Trip
2025-03-20 08:18:51,044 [1] INFO LabMPP.repository.databases.DBUtils - Connection opened successfully.
2025-03-20 08:18:51,045 [1] INFO LabMPP.repository.databases.ReservationRepository - Finding Reservation
2025-03-20 08:18:51,046 [1] INFO LabMPP.repository.databases.DBUtils - Connection opened successfully.
2025-03-20 08:18:51,047 [1] INFO LabMPP.repository.databases.TripRepoRepository - Finding Trip
2025-03-20 08:18:51,048 [1] INFO LabMPP.repository.databases.DBUtils - Connection opened successfully.
2025-03-20 08:18:51,049 [1] INFO LabMPP.repository.databases.ReservationRepository - Finding Reservation
2025-03-20 08:18:51,050 [1] INFO LabMPP.repository.databases.DBUtils - Connection opened successfully.
2025-03-20 08:18:51,051 [1] INFO LabMPP.repository.databases.TripRepoRepository - Finding Trip
2025-03-20 08:18:51,052 [1] INFO LabMPP.repository.databases.DBUtils - Connection opened successfully.
2025-03-20 08:18:51,053 [1] INFO LabMPP.repository.databases.ReservationRepository - Finding Reservation
2025-03-20 08:18:51,054 [1] INFO LabMPP.repository.databases.DBUtils - Connection opened successfully.
2025-03-20 08:18:51,055 [1] INFO LabMPP.repository.databases.TripRepoRepository - Finding Trip
2025-03-20 08:18:51,056 [1] INFO LabMPP.repository.databases.DBUtils - Connection opened successfully.
2025-03-20 08:18:51,057 [1] INFO LabMPP.repository.databases.ReservationRepository - Finding Reservation
2025-03-20 08:18:51,059 [1] INFO LabMPP.repository.databases.DBUtils - Connection opened successfully.
2025-03-20 08:18:51,060 [1] INFO LabMPP.repository.databases.TripRepoRepository - Finding Trip
2025-03-20 08:18:51,061 [1] INFO LabMPP.repository.databases.DBUtils - Connection opened successfully.
2025-03-20 08:18:51,062 [1] INFO LabMPP.repository.databases.ReservationRepository - Finding Reservation
2025-03-20 08:18:51,063 [1] INFO LabMPP.repository.databases.DBUtils - Connection opened successfully.
2025-03-20 08:18:51,064 [1] INFO LabMPP.repository.databases.TripRepoRepository - Finding Trip
2025-03-20 08:18:51,065 [1] INFO LabMPP.repository.databases.DBUtils - Connection opened successfully.
2025-03-20 08:18:51,066 [1] INFO LabMPP.repository.databases.ReservationRepository - Finding Reservation
2025-03-20 08:18:51,067 [1] INFO LabMPP.repository.databases.DBUtils - Connection opened successfully.
2025-03-20 08:18:51,068 [1] INFO LabMPP.repository.databases.TripRepoRepository - Finding Trip
2025-03-20 08:18:51,069 [1] INFO LabMPP.repository.databases.DBUtils - Connection opened successfully.
2025-03-20 08:18:51,070 [1] INFO LabMPP.repository.databases.ReservationRepository - Finding Reservation
2025-03-20 08:18:51,071 [1] INFO LabMPP.repository.databases.DBUtils - Connection opened successfully.
2025-03-20 08:18:51,072 [1] INFO LabMPP.repository.databases.TripRepoRepository - Finding Trip
2025-03-20 08:18:51,073 [1] INFO LabMPP.repository.databases.DBUtils - Connection opened successfully.
2025-03-20 08:18:51,074 [1] INFO LabMPP.repository.databases.ReservationRepository - Finding Reservation
2025-03-20 08:18:51,075 [1] INFO LabMPP.repository.databases.DBUtils - Connection opened successfully.
2025-03-20 08:18:51,076 [1] INFO LabMPP.repository.databases.TripRepoRepository - Finding Trip
2025-03-20 08:18:51,077 [1] INFO LabMPP.repository.databases.DBUtils - Connection opened successfully.
2025-03-20 08:18:51,078 [1] INFO LabMPP.repository.databases.ReservationRepository - Finding Reservation
2025-03-20 08:18:51,079 [1] INFO LabMPP.repository.databases.DBUtils - Connection opened successfully.
2025-03-20 08:18:51,080 [1] INFO LabMPP.repository.databases.TripRepoRepository - Finding Trip
2025-03-20 08:18:51,081 [1] INFO LabMPP.repository.databases.DBUtils - Connection opened successfully.
2025-03-20 08:18:51,082 [1] INFO LabMPP.repository.databases.ReservationRepository - Finding Reservation
2025-03-20 08:18:51,083 [1] INFO LabMPP.repository.databases.DBUtils - Connection opened successfully.
2025-03-20 08:18:51,084 [1] INFO LabMPP.repository.databases.TripRepoRepository - Finding Trip
2025-03-20 08:18:51,086 [1] INFO LabMPP.repository.databases.DBUtils - Connection opened successfully.
2025-03-20 08:18:51,087 [1] INFO LabMPP.repository.databases.ReservationRepository - Finding Reservation
2025-03-20 08:18:51,088 [1] INFO LabMPP.repository.databases.DBUtils - Connection opened successfully.
2025-03-20 08:18:51,089 [1] INFO LabMPP.repository.databases.TripRepoRepository - Finding Trip
2025-03-20 08:18:51,090 [1] INFO LabMPP.repository.databases.DBUtils - Connection opened successfully.
2025-03-20 08:18:51,091 [1] INFO LabMPP.repository.databases.ReservationRepository - Finding Reservation
2025-03-20 08:18:51,092 [1] INFO LabMPP.repository.databases.DBUtils - Connection opened successfully.
2025-03-20 08:18:51,093 [1] INFO LabMPP.repository.databases.TripRepoRepository - Finding Trip
2025-03-20 08:18:51,094 [1] INFO LabMPP.repository.databases.DBUtils - Connection opened successfully.
2025-03-20 08:18:51,095 [1] INFO LabMPP.repository.databases.ReservationRepository - Finding Reservation
2025-03-20 08:18:51,096 [1] INFO LabMPP.repository.databases.DBUtils - Connection opened successfully.
2025-03-20 08:18:51,097 [1] INFO LabMPP.repository.databases.TripRepoRepository - Finding Trip
2025-03-20 08:18:51,098 [1] INFO LabMPP.repository.databases.DBUtils - Connection opened successfully.
2025-03-20 08:18:51,099 [1] INFO LabMPP.repository.databases.ReservationRepository - Finding Reservation
2025-03-20 08:18:51,101 [1] INFO LabMPP.repository.databases.DBUtils - Connection opened successfully.
2025-03-20 08:18:51,102 [1] INFO LabMPP.repository.databases.TripRepoRepository - Finding Trip
2025-03-20 08:18:51,103 [1] INFO LabMPP.repository.databases.DBUtils - Connection opened successfully.
2025-03-20 08:18:51,104 [1] INFO LabMPP.repository.databases.ReservationRepository - Finding Reservation
2025-03-20 08:18:51,106 [1] INFO LabMPP.repository.databases.DBUtils - Connection opened successfully.
2025-03-20 08:18:51,107 [1] INFO LabMPP.repository.databases.TripRepoRepository - Finding Trip
2025-03-20 08:18:51,108 [1] INFO LabMPP.repository.databases.DBUtils - Connection opened successfully.
2025-03-20 08:18:51,118 [1] INFO LabMPP.repository.databases.ReservationRepository - Saving Reservation
2025-03-20 08:18:51,120 [1] INFO LabMPP.repository.databases.DBUtils - Connection opened successfully.
2025-03-20 08:18:51,129 [1] INFO LabMPP.repository.databases.ReservationRepository - Finding all Reservations
2025-03-20 08:18:51,134 [1] INFO LabMPP.repository.databases.DBUtils - Connection opened successfully.
2025-03-20 08:18:51,136 [1] INFO LabMPP.repository.databases.ReservationRepository - Finding Reservation
2025-03-20 08:18:51,137 [1] INFO LabMPP.repository.databases.DBUtils - Connection opened successfully.
2025-03-20 08:18:51,139 [1] INFO LabMPP.repository.databases.TripRepoRepository - Finding Trip
2025-03-20 08:18:51,140 [1] INFO LabMPP.repository.databases.DBUtils - Connection opened successfully.
2025-03-20 08:18:51,141 [1] INFO LabMPP.repository.databases.ReservationRepository - Finding Reservation
2025-03-20 08:18:51,142 [1] INFO LabMPP.repository.databases.DBUtils - Connection opened successfully.
2025-03-20 08:18:51,143 [1] INFO LabMPP.repository.databases.TripRepoRepository - Finding Trip
2025-03-20 08:18:51,145 [1] INFO LabMPP.repository.databases.DBUtils - Connection opened successfully.
2025-03-20 08:18:51,146 [1] INFO LabMPP.repository.databases.ReservationRepository - Finding Reservation
2025-03-20 08:18:51,147 [1] INFO LabMPP.repository.databases.DBUtils - Connection opened successfully.
2025-03-20 08:18:51,148 [1] INFO LabMPP.repository.databases.TripRepoRepository - Finding Trip
2025-03-20 08:18:51,150 [1] INFO LabMPP.repository.databases.DBUtils - Connection opened successfully.
2025-03-20 08:18:51,151 [1] INFO LabMPP.repository.databases.ReservationRepository - Finding Reservation
2025-03-20 08:18:51,152 [1] INFO LabMPP.repository.databases.DBUtils - Connection opened successfully.
2025-03-20 08:18:51,153 [1] INFO LabMPP.repository.databases.TripRepoRepository - Finding Trip
2025-03-20 08:18:51,154 [1] INFO LabMPP.repository.databases.DBUtils - Connection opened successfully.
2025-03-20 08:18:51,155 [1] INFO LabMPP.repository.databases.ReservationRepository - Finding Reservation
2025-03-20 08:18:51,157 [1] INFO LabMPP.repository.databases.DBUtils - Connection opened successfully.
2025-03-20 08:18:51,158 [1] INFO LabMPP.repository.databases.TripRepoRepository - Finding Trip
2025-03-20 08:18:51,159 [1] INFO LabMPP.repository.databases.DBUtils - Connection opened successfully.
2025-03-20 08:18:51,160 [1] INFO LabMPP.repository.databases.ReservationRepository - Finding Reservation
2025-03-20 08:18:51,162 [1] INFO LabMPP.repository.databases.DBUtils - Connection opened successfully.
2025-03-20 08:18:51,163 [1] INFO LabMPP.repository.databases.TripRepoRepository - Finding Trip
2025-03-20 08:18:51,164 [1] INFO LabMPP.repository.databases.DBUtils - Connection opened successfully.
2025-03-20 08:18:51,165 [1] INFO LabMPP.repository.databases.ReservationRepository - Finding Reservation
2025-03-20 08:18:51,167 [1] INFO LabMPP.repository.databases.DBUtils - Connection opened successfully.
2025-03-20 08:18:51,168 [1] INFO LabMPP.repository.databases.TripRepoRepository - Finding Trip
2025-03-20 08:18:51,169 [1] INFO LabMPP.repository.databases.DBUtils - Connection opened successfully.
2025-03-20 08:18:51,170 [1] INFO LabMPP.repository.databases.ReservationRepository - Finding Reservation
2025-03-20 08:18:51,172 [1] INFO LabMPP.repository.databases.DBUtils - Connection opened successfully.
2025-03-20 08:18:51,173 [1] INFO LabMPP.repository.databases.TripRepoRepository - Finding Trip
2025-03-20 08:18:51,174 [1] INFO LabMPP.repository.databases.DBUtils - Connection opened successfully.
2025-03-20 08:18:51,176 [1] INFO LabMPP.repository.databases.ReservationRepository - Finding Reservation
2025-03-20 08:18:51,177 [1] INFO LabMPP.repository.databases.DBUtils - Connection opened successfully.
2025-03-20 08:18:51,178 [1] INFO LabMPP.repository.databases.TripRepoRepository - Finding Trip
2025-03-20 08:18:51,179 [1] INFO LabMPP.repository.databases.DBUtils - Connection opened successfully.
2025-03-20 08:18:51,180 [1] INFO LabMPP.repository.databases.ReservationRepository - Finding Reservation
2025-03-20 08:18:51,182 [1] INFO LabMPP.repository.databases.DBUtils - Connection opened successfully.
2025-03-20 08:18:51,183 [1] INFO LabMPP.repository.databases.TripRepoRepository - Finding Trip
2025-03-20 08:18:51,184 [1] INFO LabMPP.repository.databases.DBUtils - Connection opened successfully.
2025-03-20 08:18:51,185 [1] INFO LabMPP.repository.databases.ReservationRepository - Finding Reservation
2025-03-20 08:18:51,187 [1] INFO LabMPP.repository.databases.DBUtils - Connection opened successfully.
2025-03-20 08:18:51,188 [1] INFO LabMPP.repository.databases.TripRepoRepository - Finding Trip
2025-03-20 08:18:51,189 [1] INFO LabMPP.repository.databases.DBUtils - Connection opened successfully.
2025-03-20 08:18:51,190 [1] INFO LabMPP.repository.databases.ReservationRepository - Finding Reservation
2025-03-20 08:18:51,191 [1] INFO LabMPP.repository.databases.DBUtils - Connection opened successfully.
2025-03-20 08:18:51,192 [1] INFO LabMPP.repository.databases.TripRepoRepository - Finding Trip
2025-03-20 08:18:51,193 [1] INFO LabMPP.repository.databases.DBUtils - Connection opened successfully.
2025-03-20 08:18:51,194 [1] INFO LabMPP.repository.databases.ReservationRepository - Finding Reservation
2025-03-20 08:18:51,196 [1] INFO LabMPP.repository.databases.DBUtils - Connection opened successfully.
2025-03-20 08:18:51,197 [1] INFO LabMPP.repository.databases.TripRepoRepository - Finding Trip
2025-03-20 08:18:51,198 [1] INFO LabMPP.repository.databases.DBUtils - Connection opened successfully.
2025-03-20 08:18:51,199 [1] INFO LabMPP.repository.databases.ReservationRepository - Finding Reservation
2025-03-20 08:18:51,200 [1] INFO LabMPP.repository.databases.DBUtils - Connection opened successfully.
2025-03-20 08:18:51,201 [1] INFO LabMPP.repository.databases.TripRepoRepository - Finding Trip
2025-03-20 08:18:51,203 [1] INFO LabMPP.repository.databases.DBUtils - Connection opened successfully.
2025-03-20 08:18:51,204 [1] INFO LabMPP.repository.databases.ReservationRepository - Finding Reservation
2025-03-20 08:18:51,205 [1] INFO LabMPP.repository.databases.DBUtils - Connection opened successfully.
2025-03-20 08:18:51,206 [1] INFO LabMPP.repository.databases.TripRepoRepository - Finding Trip
2025-03-20 08:18:51,207 [1] INFO LabMPP.repository.databases.DBUtils - Connection opened successfully.
2025-03-20 08:18:51,208 [1] INFO LabMPP.repository.databases.ReservationRepository - Finding Reservation
2025-03-20 08:18:51,209 [1] INFO LabMPP.repository.databases.DBUtils - Connection opened successfully.
2025-03-20 08:18:51,210 [1] INFO LabMPP.repository.databases.TripRepoRepository - Finding Trip
2025-03-20 08:18:51,212 [1] INFO LabMPP.repository.databases.DBUtils - Connection opened successfully.
2025-03-20 08:18:51,213 [1] INFO LabMPP.repository.databases.ReservationRepository - Finding Reservation
2025-03-20 08:18:51,214 [1] INFO LabMPP.repository.databases.DBUtils - Connection opened successfully.
2025-03-20 08:18:51,215 [1] INFO LabMPP.repository.databases.TripRepoRepository - Finding Trip
2025-03-20 08:18:51,216 [1] INFO LabMPP.repository.databases.DBUtils - Connection opened successfully.
2025-03-20 08:18:51,217 [1] INFO LabMPP.repository.databases.ReservationRepository - Finding Reservation
2025-03-20 08:18:51,219 [1] INFO LabMPP.repository.databases.DBUtils - Connection opened successfully.
2025-03-20 08:18:51,220 [1] INFO LabMPP.repository.databases.TripRepoRepository - Finding Trip
2025-03-20 08:18:51,222 [1] INFO LabMPP.repository.databases.DBUtils - Connection opened successfully.
2025-03-20 08:18:51,223 [1] INFO LabMPP.repository.databases.ReservationRepository - Finding Reservation
2025-03-20 08:18:51,224 [1] INFO LabMPP.repository.databases.DBUtils - Connection opened successfully.
2025-03-20 08:18:51,225 [1] INFO LabMPP.repository.databases.TripRepoRepository - Finding Trip
2025-03-20 08:18:51,230 [1] INFO LabMPP.repository.databases.DBUtils - Connection opened successfully.
2025-03-20 08:18:51,231 [1] INFO LabMPP.repository.databases.ReservationRepository - Finding Reservation
2025-03-20 08:18:51,232 [1] INFO LabMPP.repository.databases.DBUtils - Connection opened successfully.
2025-03-20 08:18:51,233 [1] INFO LabMPP.repository.databases.TripRepoRepository - Finding Trip
2025-03-20 08:18:51,235 [1] INFO LabMPP.repository.databases.DBUtils - Connection opened successfully.
2025-03-20 08:18:51,236 [1] INFO LabMPP.repository.databases.ReservationRepository - Finding Reservation
2025-03-20 08:18:51,238 [1] INFO LabMPP.repository.databases.DBUtils - Connection opened successfully.
2025-03-20 08:18:51,239 [1] INFO LabMPP.repository.databases.TripRepoRepository - Finding Trip
2025-03-20 08:18:51,241 [1] INFO LabMPP.repository.databases.DBUtils - Connection opened successfully.
2025-03-20 08:18:51,243 [1] INFO LabMPP.repository.databases.ReservationRepository - Finding Reservation
2025-03-20 08:18:51,244 [1] INFO LabMPP.repository.databases.DBUtils - Connection opened successfully.
2025-03-20 08:18:51,245 [1] INFO LabMPP.repository.databases.TripRepoRepository - Finding Trip
2025-03-20 08:18:51,247 [1] INFO LabMPP.repository.databases.DBUtils - Connection opened successfully.
2025-03-20 08:18:51,248 [1] INFO LabMPP.repository.databases.ReservationRepository - Finding Reservation
2025-03-20 08:18:51,250 [1] INFO LabMPP.repository.databases.DBUtils - Connection opened successfully.
2025-03-20 08:18:51,251 [1] INFO LabMPP.repository.databases.TripRepoRepository - Finding Trip
2025-03-20 08:18:51,253 [1] INFO LabMPP.repository.databases.DBUtils - Connection opened successfully.
2025-03-20 08:18:51,254 [1] INFO LabMPP.repository.databases.ReservationRepository - Finding Reservation
2025-03-20 08:18:51,256 [1] INFO LabMPP.repository.databases.DBUtils - Connection opened successfully.
2025-03-20 08:18:51,257 [1] INFO LabMPP.repository.databases.TripRepoRepository - Finding Trip
2025-03-20 08:18:51,259 [1] INFO LabMPP.repository.databases.DBUtils - Connection opened successfully.
2025-03-20 08:18:51,260 [1] INFO LabMPP.repository.databases.ReservationRepository - Finding Reservation
2025-03-20 08:18:51,262 [1] INFO LabMPP.repository.databases.DBUtils - Connection opened successfully.
2025-03-20 08:18:51,263 [1] INFO LabMPP.repository.databases.TripRepoRepository - Finding Trip
2025-03-20 08:18:51,265 [1] INFO LabMPP.repository.databases.DBUtils - Connection opened successfully.
2025-03-20 08:18:51,266 [1] INFO LabMPP.repository.databases.ReservationRepository - Finding Reservation
2025-03-20 08:18:51,267 [1] INFO LabMPP.repository.databases.DBUtils - Connection opened successfully.
2025-03-20 08:18:51,268 [1] INFO LabMPP.repository.databases.TripRepoRepository - Finding Trip
2025-03-20 08:18:51,270 [1] INFO LabMPP.repository.databases.DBUtils - Connection opened successfully.
2025-03-20 08:19:03,552 [1] INFO LabMPP.service.Service - Getting manager by name
2025-03-20 08:19:03,553 [1] INFO LabMPP.repository.databases.ManagerRepository - Finding all Managers
2025-03-20 08:19:03,555 [1] INFO LabMPP.repository.databases.DBUtils - Connection opened successfully.
2025-03-20 08:19:03,578 [1] INFO LabMPP.service.Service - Getting all trips
2025-03-20 08:19:03,578 [1] INFO LabMPP.repository.databases.TripRepoRepository - Finding all Trips
2025-03-20 08:19:03,580 [1] INFO LabMPP.repository.databases.DBUtils - Connection opened successfully.
2025-03-20 08:19:25,702 [1] INFO LabMPP.service.Service - Getting all trips by destination
2025-03-20 08:19:25,703 [1] INFO LabMPP.repository.databases.TripRepoRepository - Finding all Trips
2025-03-20 08:19:25,705 [1] INFO LabMPP.repository.databases.DBUtils - Connection opened successfully.
2025-03-20 08:20:31,309 [1] INFO LabMPP.repository.databases.TripRepoRepository - Creating TripRepository
2025-03-20 08:20:31,331 [1] INFO LabMPP.repository.databases.ManagerRepository - Creating ManagerRepository
2025-03-20 08:20:31,332 [1] INFO LabMPP.repository.databases.ReservationRepository - Creating TripRepository
2025-03-20 08:20:31,332 [1] INFO LabMPP.repository.databases.TripRepoRepository - Creating TripRepository
2025-03-20 08:20:31,333 [1] INFO Program - Aplicația a pornit!
2025-03-20 08:20:31,428 [1] INFO LabMPP.repository.databases.DBUtils - Connection opened successfully.
2025-03-20 08:20:31,438 [1] INFO Program - Test connection successful
2025-03-20 08:20:31,439 [1] INFO LabMPP.repository.databases.TripRepoRepository - Creating TripRepository
2025-03-20 08:20:31,440 [1] INFO LabMPP.repository.databases.TripRepoRepository - Finding all Trips
2025-03-20 08:20:31,441 [1] INFO LabMPP.repository.databases.DBUtils - Connection opened successfully.
2025-03-20 08:20:31,464 [1] INFO LabMPP.repository.databases.TripRepoRepository - Finding all Trips
2025-03-20 08:20:31,466 [1] INFO LabMPP.repository.databases.DBUtils - Connection opened successfully.
2025-03-20 08:20:31,478 [1] INFO LabMPP.repository.databases.TripRepoRepository - Saving Trip
2025-03-20 08:20:31,480 [1] INFO LabMPP.repository.databases.DBUtils - Connection opened successfully.
2025-03-20 08:20:31,507 [1] INFO LabMPP.repository.databases.TripRepoRepository - Finding all Trips
2025-03-20 08:20:31,511 [1] INFO LabMPP.repository.databases.DBUtils - Connection opened successfully.
2025-03-20 08:20:31,521 [1] INFO LabMPP.repository.databases.ManagerRepository - Creating ManagerRepository
2025-03-20 08:20:31,523 [1] INFO LabMPP.repository.databases.ManagerRepository - Finding all Managers
2025-03-20 08:20:31,524 [1] INFO LabMPP.repository.databases.DBUtils - Connection opened successfully.
2025-03-20 08:20:31,526 [1] INFO LabMPP.repository.databases.ManagerRepository - Finding all Managers
2025-03-20 08:20:31,527 [1] INFO LabMPP.repository.databases.DBUtils - Connection opened successfully.
2025-03-20 08:20:31,536 [1] INFO LabMPP.repository.databases.ManagerRepository - Saving Manager
2025-03-20 08:20:31,537 [1] INFO LabMPP.repository.databases.DBUtils - Connection opened successfully.
2025-03-20 08:20:31,544 [1] INFO LabMPP.repository.databases.ManagerRepository - Finding all Managers
2025-03-20 08:20:31,548 [1] INFO LabMPP.repository.databases.DBUtils - Connection opened successfully.
2025-03-20 08:20:31,557 [1] INFO LabMPP.repository.databases.ReservationRepository - Creating TripRepository
2025-03-20 08:20:31,558 [1] INFO LabMPP.repository.databases.TripRepoRepository - Creating TripRepository
2025-03-20 08:20:31,559 [1] INFO LabMPP.repository.databases.ReservationRepository - Finding all Reservations
2025-03-20 08:20:31,560 [1] INFO LabMPP.repository.databases.DBUtils - Connection opened successfully.
2025-03-20 08:20:31,562 [1] INFO LabMPP.repository.databases.ReservationRepository - Finding Reservation
2025-03-20 08:20:31,563 [1] INFO LabMPP.repository.databases.DBUtils - Connection opened successfully.
2025-03-20 08:20:31,565 [1] INFO LabMPP.repository.databases.TripRepoRepository - Finding Trip
2025-03-20 08:20:31,566 [1] INFO LabMPP.repository.databases.DBUtils - Connection opened successfully.
2025-03-20 08:20:31,570 [1] INFO LabMPP.repository.databases.ReservationRepository - Finding Reservation
2025-03-20 08:20:31,573 [1] INFO LabMPP.repository.databases.DBUtils - Connection opened successfully.
2025-03-20 08:20:31,574 [1] INFO LabMPP.repository.databases.TripRepoRepository - Finding Trip
2025-03-20 08:20:31,575 [1] INFO LabMPP.repository.databases.DBUtils - Connection opened successfully.
2025-03-20 08:20:31,576 [1] INFO LabMPP.repository.databases.ReservationRepository - Finding Reservation
2025-03-20 08:20:31,576 [1] INFO LabMPP.repository.databases.DBUtils - Connection opened successfully.
2025-03-20 08:20:31,577 [1] INFO LabMPP.repository.databases.TripRepoRepository - Finding Trip
2025-03-20 08:20:31,578 [1] INFO LabMPP.repository.databases.DBUtils - Connection opened successfully.
2025-03-20 08:20:31,579 [1] INFO LabMPP.repository.databases.ReservationRepository - Finding Reservation
2025-03-20 08:20:31,581 [1] INFO LabMPP.repository.databases.DBUtils - Connection opened successfully.
2025-03-20 08:20:31,582 [1] INFO LabMPP.repository.databases.TripRepoRepository - Finding Trip
2025-03-20 08:20:31,583 [1] INFO LabMPP.repository.databases.DBUtils - Connection opened successfully.
2025-03-20 08:20:31,584 [1] INFO LabMPP.repository.databases.ReservationRepository - Finding Reservation
2025-03-20 08:20:31,586 [1] INFO LabMPP.repository.databases.DBUtils - Connection opened successfully.
2025-03-20 08:20:31,588 [1] INFO LabMPP.repository.databases.TripRepoRepository - Finding Trip
2025-03-20 08:20:31,590 [1] INFO LabMPP.repository.databases.DBUtils - Connection opened successfully.
2025-03-20 08:20:31,592 [1] INFO LabMPP.repository.databases.ReservationRepository - Finding Reservation
2025-03-20 08:20:31,594 [1] INFO LabMPP.repository.databases.DBUtils - Connection opened successfully.
2025-03-20 08:20:31,595 [1] INFO LabMPP.repository.databases.TripRepoRepository - Finding Trip
2025-03-20 08:20:31,597 [1] INFO LabMPP.repository.databases.DBUtils - Connection opened successfully.
2025-03-20 08:20:31,598 [1] INFO LabMPP.repository.databases.ReservationRepository - Finding Reservation
2025-03-20 08:20:31,599 [1] INFO LabMPP.repository.databases.DBUtils - Connection opened successfully.
2025-03-20 08:20:31,600 [1] INFO LabMPP.repository.databases.TripRepoRepository - Finding Trip
2025-03-20 08:20:31,602 [1] INFO LabMPP.repository.databases.DBUtils - Connection opened successfully.
2025-03-20 08:20:31,603 [1] INFO LabMPP.repository.databases.ReservationRepository - Finding Reservation
2025-03-20 08:20:31,604 [1] INFO LabMPP.repository.databases.DBUtils - Connection opened successfully.
2025-03-20 08:20:31,605 [1] INFO LabMPP.repository.databases.TripRepoRepository - Finding Trip
2025-03-20 08:20:31,606 [1] INFO LabMPP.repository.databases.DBUtils - Connection opened successfully.
2025-03-20 08:20:31,607 [1] INFO LabMPP.repository.databases.ReservationRepository - Finding Reservation
2025-03-20 08:20:31,608 [1] INFO LabMPP.repository.databases.DBUtils - Connection opened successfully.
2025-03-20 08:20:31,609 [1] INFO LabMPP.repository.databases.TripRepoRepository - Finding Trip
2025-03-20 08:20:31,610 [1] INFO LabMPP.repository.databases.DBUtils - Connection opened successfully.
2025-03-20 08:20:31,611 [1] INFO LabMPP.repository.databases.ReservationRepository - Finding Reservation
2025-03-20 08:20:31,612 [1] INFO LabMPP.repository.databases.DBUtils - Connection opened successfully.
2025-03-20 08:20:31,613 [1] INFO LabMPP.repository.databases.TripRepoRepository - Finding Trip
2025-03-20 08:20:31,614 [1] INFO LabMPP.repository.databases.DBUtils - Connection opened successfully.
2025-03-20 08:20:31,615 [1] INFO LabMPP.repository.databases.ReservationRepository - Finding Reservation
2025-03-20 08:20:31,616 [1] INFO LabMPP.repository.databases.DBUtils - Connection opened successfully.
2025-03-20 08:20:31,617 [1] INFO LabMPP.repository.databases.TripRepoRepository - Finding Trip
2025-03-20 08:20:31,619 [1] INFO LabMPP.repository.databases.DBUtils - Connection opened successfully.
2025-03-20 08:20:31,620 [1] INFO LabMPP.repository.databases.ReservationRepository - Finding Reservation
2025-03-20 08:20:31,621 [1] INFO LabMPP.repository.databases.DBUtils - Connection opened successfully.
2025-03-20 08:20:31,622 [1] INFO LabMPP.repository.databases.TripRepoRepository - Finding Trip
2025-03-20 08:20:31,623 [1] INFO LabMPP.repository.databases.DBUtils - Connection opened successfully.
2025-03-20 08:20:31,624 [1] INFO LabMPP.repository.databases.ReservationRepository - Finding Reservation
2025-03-20 08:20:31,625 [1] INFO LabMPP.repository.databases.DBUtils - Connection opened successfully.
2025-03-20 08:20:31,626 [1] INFO LabMPP.repository.databases.TripRepoRepository - Finding Trip
2025-03-20 08:20:31,627 [1] INFO LabMPP.repository.databases.DBUtils - Connection opened successfully.
2025-03-20 08:20:31,628 [1] INFO LabMPP.repository.databases.ReservationRepository - Finding Reservation
2025-03-20 08:20:31,629 [1] INFO LabMPP.repository.databases.DBUtils - Connection opened successfully.
2025-03-20 08:20:31,630 [1] INFO LabMPP.repository.databases.TripRepoRepository - Finding Trip
2025-03-20 08:20:31,631 [1] INFO LabMPP.repository.databases.DBUtils - Connection opened successfully.
2025-03-20 08:20:31,632 [1] INFO LabMPP.repository.databases.ReservationRepository - Finding Reservation
2025-03-20 08:20:31,634 [1] INFO LabMPP.repository.databases.DBUtils - Connection opened successfully.
2025-03-20 08:20:31,635 [1] INFO LabMPP.repository.databases.TripRepoRepository - Finding Trip
2025-03-20 08:20:31,636 [1] INFO LabMPP.repository.databases.DBUtils - Connection opened successfully.
2025-03-20 08:20:31,638 [1] INFO LabMPP.repository.databases.ReservationRepository - Finding Reservation
2025-03-20 08:20:31,639 [1] INFO LabMPP.repository.databases.DBUtils - Connection opened successfully.
2025-03-20 08:20:31,640 [1] INFO LabMPP.repository.databases.TripRepoRepository - Finding Trip
2025-03-20 08:20:31,641 [1] INFO LabMPP.repository.databases.DBUtils - Connection opened successfully.
2025-03-20 08:20:31,642 [1] INFO LabMPP.repository.databases.ReservationRepository - Finding Reservation
2025-03-20 08:20:31,644 [1] INFO LabMPP.repository.databases.DBUtils - Connection opened successfully.
2025-03-20 08:20:31,645 [1] INFO LabMPP.repository.databases.TripRepoRepository - Finding Trip
2025-03-20 08:20:31,646 [1] INFO LabMPP.repository.databases.DBUtils - Connection opened successfully.
2025-03-20 08:20:31,647 [1] INFO LabMPP.repository.databases.ReservationRepository - Finding Reservation
2025-03-20 08:20:31,649 [1] INFO LabMPP.repository.databases.DBUtils - Connection opened successfully.
2025-03-20 08:20:31,650 [1] INFO LabMPP.repository.databases.TripRepoRepository - Finding Trip
2025-03-20 08:20:31,651 [1] INFO LabMPP.repository.databases.DBUtils - Connection opened successfully.
2025-03-20 08:20:31,652 [1] INFO LabMPP.repository.databases.ReservationRepository - Finding Reservation
2025-03-20 08:20:31,654 [1] INFO LabMPP.repository.databases.DBUtils - Connection opened successfully.
2025-03-20 08:20:31,655 [1] INFO LabMPP.repository.databases.TripRepoRepository - Finding Trip
2025-03-20 08:20:31,657 [1] INFO LabMPP.repository.databases.DBUtils - Connection opened successfully.
2025-03-20 08:20:31,658 [1] INFO LabMPP.repository.databases.ReservationRepository - Finding Reservation
2025-03-20 08:20:31,660 [1] INFO LabMPP.repository.databases.DBUtils - Connection opened successfully.
2025-03-20 08:20:31,661 [1] INFO LabMPP.repository.databases.TripRepoRepository - Finding Trip
2025-03-20 08:20:31,662 [1] INFO LabMPP.repository.databases.DBUtils - Connection opened successfully.
2025-03-20 08:20:31,663 [1] INFO LabMPP.repository.databases.ReservationRepository - Finding Reservation
2025-03-20 08:20:31,665 [1] INFO LabMPP.repository.databases.DBUtils - Connection opened successfully.
2025-03-20 08:20:31,666 [1] INFO LabMPP.repository.databases.TripRepoRepository - Finding Trip
2025-03-20 08:20:31,668 [1] INFO LabMPP.repository.databases.DBUtils - Connection opened successfully.
2025-03-20 08:20:31,669 [1] INFO LabMPP.repository.databases.ReservationRepository - Finding Reservation
2025-03-20 08:20:31,670 [1] INFO LabMPP.repository.databases.DBUtils - Connection opened successfully.
2025-03-20 08:20:31,671 [1] INFO LabMPP.repository.databases.TripRepoRepository - Finding Trip
2025-03-20 08:20:31,673 [1] INFO LabMPP.repository.databases.DBUtils - Connection opened successfully.
2025-03-20 08:20:31,674 [1] INFO LabMPP.repository.databases.ReservationRepository - Finding Reservation
2025-03-20 08:20:31,675 [1] INFO LabMPP.repository.databases.DBUtils - Connection opened successfully.
2025-03-20 08:20:31,676 [1] INFO LabMPP.repository.databases.TripRepoRepository - Finding Trip
2025-03-20 08:20:31,677 [1] INFO LabMPP.repository.databases.DBUtils - Connection opened successfully.
2025-03-20 08:20:31,678 [1] INFO LabMPP.repository.databases.ReservationRepository - Finding Reservation
2025-03-20 08:20:31,680 [1] INFO LabMPP.repository.databases.DBUtils - Connection opened successfully.
2025-03-20 08:20:31,681 [1] INFO LabMPP.repository.databases.TripRepoRepository - Finding Trip
2025-03-20 08:20:31,682 [1] INFO LabMPP.repository.databases.DBUtils - Connection opened successfully.
2025-03-20 08:20:31,684 [1] INFO LabMPP.repository.databases.ReservationRepository - Finding Reservation
2025-03-20 08:20:31,685 [1] INFO LabMPP.repository.databases.DBUtils - Connection opened successfully.
2025-03-20 08:20:31,686 [1] INFO LabMPP.repository.databases.TripRepoRepository - Finding Trip
2025-03-20 08:20:31,687 [1] INFO LabMPP.repository.databases.DBUtils - Connection opened successfully.
2025-03-20 08:20:31,688 [1] INFO LabMPP.repository.databases.ReservationRepository - Finding Reservation
2025-03-20 08:20:31,690 [1] INFO LabMPP.repository.databases.DBUtils - Connection opened successfully.
2025-03-20 08:20:31,691 [1] INFO LabMPP.repository.databases.TripRepoRepository - Finding Trip
2025-03-20 08:20:31,692 [1] INFO LabMPP.repository.databases.DBUtils - Connection opened successfully.
2025-03-20 08:20:31,693 [1] INFO LabMPP.repository.databases.ReservationRepository - Finding all Reservations
2025-03-20 08:20:31,695 [1] INFO LabMPP.repository.databases.DBUtils - Connection opened successfully.
2025-03-20 08:20:31,696 [1] INFO LabMPP.repository.databases.ReservationRepository - Finding Reservation
2025-03-20 08:20:31,697 [1] INFO LabMPP.repository.databases.DBUtils - Connection opened successfully.
2025-03-20 08:20:31,698 [1] INFO LabMPP.repository.databases.TripRepoRepository - Finding Trip
2025-03-20 08:20:31,700 [1] INFO LabMPP.repository.databases.DBUtils - Connection opened successfully.
2025-03-20 08:20:31,701 [1] INFO LabMPP.repository.databases.ReservationRepository - Finding Reservation
2025-03-20 08:20:31,702 [1] INFO LabMPP.repository.databases.DBUtils - Connection opened successfully.
2025-03-20 08:20:31,703 [1] INFO LabMPP.repository.databases.TripRepoRepository - Finding Trip
2025-03-20 08:20:31,704 [1] INFO LabMPP.repository.databases.DBUtils - Connection opened successfully.
2025-03-20 08:20:31,706 [1] INFO LabMPP.repository.databases.ReservationRepository - Finding Reservation
2025-03-20 08:20:31,707 [1] INFO LabMPP.repository.databases.DBUtils - Connection opened successfully.
2025-03-20 08:20:31,708 [1] INFO LabMPP.repository.databases.TripRepoRepository - Finding Trip
2025-03-20 08:20:31,709 [1] INFO LabMPP.repository.databases.DBUtils - Connection opened successfully.
2025-03-20 08:20:31,710 [1] INFO LabMPP.repository.databases.ReservationRepository - Finding Reservation
2025-03-20 08:20:31,712 [1] INFO LabMPP.repository.databases.DBUtils - Connection opened successfully.
2025-03-20 08:20:31,713 [1] INFO LabMPP.repository.databases.TripRepoRepository - Finding Trip
2025-03-20 08:20:31,714 [1] INFO LabMPP.repository.databases.DBUtils - Connection opened successfully.
2025-03-20 08:20:31,715 [1] INFO LabMPP.repository.databases.ReservationRepository - Finding Reservation
2025-03-20 08:20:31,716 [1] INFO LabMPP.repository.databases.DBUtils - Connection opened successfully.
2025-03-20 08:20:31,718 [1] INFO LabMPP.repository.databases.TripRepoRepository - Finding Trip
2025-03-20 08:20:31,719 [1] INFO LabMPP.repository.databases.DBUtils - Connection opened successfully.
2025-03-20 08:20:31,720 [1] INFO LabMPP.repository.databases.ReservationRepository - Finding Reservation
2025-03-20 08:20:31,722 [1] INFO LabMPP.repository.databases.DBUtils - Connection opened successfully.
2025-03-20 08:20:31,723 [1] INFO LabMPP.repository.databases.TripRepoRepository - Finding Trip
2025-03-20 08:20:31,724 [1] INFO LabMPP.repository.databases.DBUtils - Connection opened successfully.
2025-03-20 08:20:31,725 [1] INFO LabMPP.repository.databases.ReservationRepository - Finding Reservation
2025-03-20 08:20:31,727 [1] INFO LabMPP.repository.databases.DBUtils - Connection opened successfully.
2025-03-20 08:20:31,728 [1] INFO LabMPP.repository.databases.TripRepoRepository - Finding Trip
2025-03-20 08:20:31,729 [1] INFO LabMPP.repository.databases.DBUtils - Connection opened successfully.
2025-03-20 08:20:31,731 [1] INFO LabMPP.repository.databases.ReservationRepository - Finding Reservation
2025-03-20 08:20:31,732 [1] INFO LabMPP.repository.databases.DBUtils - Connection opened successfully.
2025-03-20 08:20:31,733 [1] INFO LabMPP.repository.databases.TripRepoRepository - Finding Trip
2025-03-20 08:20:31,734 [1] INFO LabMPP.repository.databases.DBUtils - Connection opened successfully.
2025-03-20 08:20:31,735 [1] INFO LabMPP.repository.databases.ReservationRepository - Finding Reservation
2025-03-20 08:20:31,737 [1] INFO LabMPP.repository.databases.DBUtils - Connection opened successfully.
2025-03-20 08:20:31,738 [1] INFO LabMPP.repository.databases.TripRepoRepository - Finding Trip
2025-03-20 08:20:31,739 [1] INFO LabMPP.repository.databases.DBUtils - Connection opened successfully.
2025-03-20 08:20:31,740 [1] INFO LabMPP.repository.databases.ReservationRepository - Finding Reservation
2025-03-20 08:20:31,742 [1] INFO LabMPP.repository.databases.DBUtils - Connection opened successfully.
2025-03-20 08:20:31,743 [1] INFO LabMPP.repository.databases.TripRepoRepository - Finding Trip
2025-03-20 08:20:31,744 [1] INFO LabMPP.repository.databases.DBUtils - Connection opened successfully.
2025-03-20 08:20:31,745 [1] INFO LabMPP.repository.databases.ReservationRepository - Finding Reservation
2025-03-20 08:20:31,750 [1] INFO LabMPP.repository.databases.DBUtils - Connection opened successfully.
2025-03-20 08:20:31,751 [1] INFO LabMPP.repository.databases.TripRepoRepository - Finding Trip
2025-03-20 08:20:31,753 [1] INFO LabMPP.repository.databases.DBUtils - Connection opened successfully.
2025-03-20 08:20:31,754 [1] INFO LabMPP.repository.databases.ReservationRepository - Finding Reservation
2025-03-20 08:20:31,755 [1] INFO LabMPP.repository.databases.DBUtils - Connection opened successfully.
2025-03-20 08:20:31,757 [1] INFO LabMPP.repository.databases.TripRepoRepository - Finding Trip
2025-03-20 08:20:31,759 [1] INFO LabMPP.repository.databases.DBUtils - Connection opened successfully.
2025-03-20 08:20:31,761 [1] INFO LabMPP.repository.databases.ReservationRepository - Finding Reservation
2025-03-20 08:20:31,763 [1] INFO LabMPP.repository.databases.DBUtils - Connection opened successfully.
2025-03-20 08:20:31,764 [1] INFO LabMPP.repository.databases.TripRepoRepository - Finding Trip
2025-03-20 08:20:31,766 [1] INFO LabMPP.repository.databases.DBUtils - Connection opened successfully.
2025-03-20 08:20:31,768 [1] INFO LabMPP.repository.databases.ReservationRepository - Finding Reservation
2025-03-20 08:20:31,769 [1] INFO LabMPP.repository.databases.DBUtils - Connection opened successfully.
2025-03-20 08:20:31,770 [1] INFO LabMPP.repository.databases.TripRepoRepository - Finding Trip
2025-03-20 08:20:31,772 [1] INFO LabMPP.repository.databases.DBUtils - Connection opened successfully.
2025-03-20 08:20:31,773 [1] INFO LabMPP.repository.databases.ReservationRepository - Finding Reservation
2025-03-20 08:20:31,775 [1] INFO LabMPP.repository.databases.DBUtils - Connection opened successfully.
2025-03-20 08:20:31,776 [1] INFO LabMPP.repository.databases.TripRepoRepository - Finding Trip
2025-03-20 08:20:31,778 [1] INFO LabMPP.repository.databases.DBUtils - Connection opened successfully.
2025-03-20 08:20:31,780 [1] INFO LabMPP.repository.databases.ReservationRepository - Finding Reservation
2025-03-20 08:20:31,782 [1] INFO LabMPP.repository.databases.DBUtils - Connection opened successfully.
2025-03-20 08:20:31,783 [1] INFO LabMPP.repository.databases.TripRepoRepository - Finding Trip
2025-03-20 08:20:31,785 [1] INFO LabMPP.repository.databases.DBUtils - Connection opened successfully.
2025-03-20 08:20:31,786 [1] INFO LabMPP.repository.databases.ReservationRepository - Finding Reservation
2025-03-20 08:20:31,788 [1] INFO LabMPP.repository.databases.DBUtils - Connection opened successfully.
2025-03-20 08:20:31,789 [1] INFO LabMPP.repository.databases.TripRepoRepository - Finding Trip
2025-03-20 08:20:31,791 [1] INFO LabMPP.repository.databases.DBUtils - Connection opened successfully.
2025-03-20 08:20:31,792 [1] INFO LabMPP.repository.databases.ReservationRepository - Finding Reservation
2025-03-20 08:20:31,794 [1] INFO LabMPP.repository.databases.DBUtils - Connection opened successfully.
2025-03-20 08:20:31,795 [1] INFO LabMPP.repository.databases.TripRepoRepository - Finding Trip
2025-03-20 08:20:31,797 [1] INFO LabMPP.repository.databases.DBUtils - Connection opened successfully.
2025-03-20 08:20:31,798 [1] INFO LabMPP.repository.databases.ReservationRepository - Finding Reservation
2025-03-20 08:20:31,799 [1] INFO LabMPP.repository.databases.DBUtils - Connection opened successfully.
2025-03-20 08:20:31,800 [1] INFO LabMPP.repository.databases.TripRepoRepository - Finding Trip
2025-03-20 08:20:31,802 [1] INFO LabMPP.repository.databases.DBUtils - Connection opened successfully.
2025-03-20 08:20:31,803 [1] INFO LabMPP.repository.databases.ReservationRepository - Finding Reservation
2025-03-20 08:20:31,804 [1] INFO LabMPP.repository.databases.DBUtils - Connection opened successfully.
2025-03-20 08:20:31,805 [1] INFO LabMPP.repository.databases.TripRepoRepository - Finding Trip
2025-03-20 08:20:31,807 [1] INFO LabMPP.repository.databases.DBUtils - Connection opened successfully.
2025-03-20 08:20:31,809 [1] INFO LabMPP.repository.databases.ReservationRepository - Finding Reservation
2025-03-20 08:20:31,810 [1] INFO LabMPP.repository.databases.DBUtils - Connection opened successfully.
2025-03-20 08:20:31,811 [1] INFO LabMPP.repository.databases.TripRepoRepository - Finding Trip
2025-03-20 08:20:31,813 [1] INFO LabMPP.repository.databases.DBUtils - Connection opened successfully.
2025-03-20 08:20:31,814 [1] INFO LabMPP.repository.databases.ReservationRepository - Finding Reservation
2025-03-20 08:20:31,815 [1] INFO LabMPP.repository.databases.DBUtils - Connection opened successfully.
2025-03-20 08:20:31,816 [1] INFO LabMPP.repository.databases.TripRepoRepository - Finding Trip
2025-03-20 08:20:31,818 [1] INFO LabMPP.repository.databases.DBUtils - Connection opened successfully.
2025-03-20 08:20:31,819 [1] INFO LabMPP.repository.databases.ReservationRepository - Finding Reservation
2025-03-20 08:20:31,821 [1] INFO LabMPP.repository.databases.DBUtils - Connection opened successfully.
2025-03-20 08:20:31,822 [1] INFO LabMPP.repository.databases.TripRepoRepository - Finding Trip
2025-03-20 08:20:31,823 [1] INFO LabMPP.repository.databases.DBUtils - Connection opened successfully.
2025-03-20 08:20:31,825 [1] INFO LabMPP.repository.databases.ReservationRepository - Finding Reservation
2025-03-20 08:20:31,826 [1] INFO LabMPP.repository.databases.DBUtils - Connection opened successfully.
2025-03-20 08:20:31,827 [1] INFO LabMPP.repository.databases.TripRepoRepository - Finding Trip
2025-03-20 08:20:31,829 [1] INFO LabMPP.repository.databases.DBUtils - Connection opened successfully.
2025-03-20 08:20:31,831 [1] INFO LabMPP.repository.databases.ReservationRepository - Finding Reservation
2025-03-20 08:20:31,832 [1] INFO LabMPP.repository.databases.DBUtils - Connection opened successfully.
2025-03-20 08:20:31,833 [1] INFO LabMPP.repository.databases.TripRepoRepository - Finding Trip
2025-03-20 08:20:31,835 [1] INFO LabMPP.repository.databases.DBUtils - Connection opened successfully.
2025-03-20 08:20:31,836 [1] INFO LabMPP.repository.databases.ReservationRepository - Finding Reservation
2025-03-20 08:20:31,838 [1] INFO LabMPP.repository.databases.DBUtils - Connection opened successfully.
2025-03-20 08:20:31,840 [1] INFO LabMPP.repository.databases.TripRepoRepository - Finding Trip
2025-03-20 08:20:31,841 [1] INFO LabMPP.repository.databases.DBUtils - Connection opened successfully.
2025-03-20 08:20:31,852 [1] INFO LabMPP.repository.databases.ReservationRepository - Saving Reservation
2025-03-20 08:20:31,854 [1] INFO LabMPP.repository.databases.DBUtils - Connection opened successfully.
2025-03-20 08:20:31,872 [1] INFO LabMPP.repository.databases.ReservationRepository - Finding all Reservations
2025-03-20 08:20:31,876 [1] INFO LabMPP.repository.databases.DBUtils - Connection opened successfully.
2025-03-20 08:20:31,877 [1] INFO LabMPP.repository.databases.ReservationRepository - Finding Reservation
2025-03-20 08:20:31,879 [1] INFO LabMPP.repository.databases.DBUtils - Connection opened successfully.
2025-03-20 08:20:31,880 [1] INFO LabMPP.repository.databases.TripRepoRepository - Finding Trip
2025-03-20 08:20:31,881 [1] INFO LabMPP.repository.databases.DBUtils - Connection opened successfully.
2025-03-20 08:20:31,882 [1] INFO LabMPP.repository.databases.ReservationRepository - Finding Reservation
2025-03-20 08:20:31,883 [1] INFO LabMPP.repository.databases.DBUtils - Connection opened successfully.
2025-03-20 08:20:31,884 [1] INFO LabMPP.repository.databases.TripRepoRepository - Finding Trip
2025-03-20 08:20:31,885 [1] INFO LabMPP.repository.databases.DBUtils - Connection opened successfully.
2025-03-20 08:20:31,886 [1] INFO LabMPP.repository.databases.ReservationRepository - Finding Reservation
2025-03-20 08:20:31,888 [1] INFO LabMPP.repository.databases.DBUtils - Connection opened successfully.
2025-03-20 08:20:31,889 [1] INFO LabMPP.repository.databases.TripRepoRepository - Finding Trip
2025-03-20 08:20:31,890 [1] INFO LabMPP.repository.databases.DBUtils - Connection opened successfully.
2025-03-20 08:20:31,891 [1] INFO LabMPP.repository.databases.ReservationRepository - Finding Reservation
2025-03-20 08:20:31,893 [1] INFO LabMPP.repository.databases.DBUtils - Connection opened successfully.
2025-03-20 08:20:31,894 [1] INFO LabMPP.repository.databases.TripRepoRepository - Finding Trip
2025-03-20 08:20:31,895 [1] INFO LabMPP.repository.databases.DBUtils - Connection opened successfully.
2025-03-20 08:20:31,896 [1] INFO LabMPP.repository.databases.ReservationRepository - Finding Reservation
2025-03-20 08:20:31,897 [1] INFO LabMPP.repository.databases.DBUtils - Connection opened successfully.
2025-03-20 08:20:31,898 [1] INFO LabMPP.repository.databases.TripRepoRepository - Finding Trip
2025-03-20 08:20:31,899 [1] INFO LabMPP.repository.databases.DBUtils - Connection opened successfully.
2025-03-20 08:20:31,900 [1] INFO LabMPP.repository.databases.ReservationRepository - Finding Reservation
2025-03-20 08:20:31,901 [1] INFO LabMPP.repository.databases.DBUtils - Connection opened successfully.
2025-03-20 08:20:31,903 [1] INFO LabMPP.repository.databases.TripRepoRepository - Finding Trip
2025-03-20 08:20:31,904 [1] INFO LabMPP.repository.databases.DBUtils - Connection opened successfully.
2025-03-20 08:20:31,905 [1] INFO LabMPP.repository.databases.ReservationRepository - Finding Reservation
2025-03-20 08:20:31,906 [1] INFO LabMPP.repository.databases.DBUtils - Connection opened successfully.
2025-03-20 08:20:31,907 [1] INFO LabMPP.repository.databases.TripRepoRepository - Finding Trip
2025-03-20 08:20:31,909 [1] INFO LabMPP.repository.databases.DBUtils - Connection opened successfully.
2025-03-20 08:20:31,910 [1] INFO LabMPP.repository.databases.ReservationRepository - Finding Reservation
2025-03-20 08:20:31,911 [1] INFO LabMPP.repository.databases.DBUtils - Connection opened successfully.
2025-03-20 08:20:31,912 [1] INFO LabMPP.repository.databases.TripRepoRepository - Finding Trip
2025-03-20 08:20:31,914 [1] INFO LabMPP.repository.databases.DBUtils - Connection opened successfully.
2025-03-20 08:20:31,915 [1] INFO LabMPP.repository.databases.ReservationRepository - Finding Reservation
2025-03-20 08:20:31,916 [1] INFO LabMPP.repository.databases.DBUtils - Connection opened successfully.
2025-03-20 08:20:31,917 [1] INFO LabMPP.repository.databases.TripRepoRepository - Finding Trip
2025-03-20 08:20:31,918 [1] INFO LabMPP.repository.databases.DBUtils - Connection opened successfully.
2025-03-20 08:20:31,920 [1] INFO LabMPP.repository.databases.ReservationRepository - Finding Reservation
2025-03-20 08:20:31,921 [1] INFO LabMPP.repository.databases.DBUtils - Connection opened successfully.
2025-03-20 08:20:31,922 [1] INFO LabMPP.repository.databases.TripRepoRepository - Finding Trip
2025-03-20 08:20:31,923 [1] INFO LabMPP.repository.databases.DBUtils - Connection opened successfully.
2025-03-20 08:20:31,924 [1] INFO LabMPP.repository.databases.ReservationRepository - Finding Reservation
2025-03-20 08:20:31,925 [1] INFO LabMPP.repository.databases.DBUtils - Connection opened successfully.
2025-03-20 08:20:31,926 [1] INFO LabMPP.repository.databases.TripRepoRepository - Finding Trip
2025-03-20 08:20:31,927 [1] INFO LabMPP.repository.databases.DBUtils - Connection opened successfully.
2025-03-20 08:20:31,928 [1] INFO LabMPP.repository.databases.ReservationRepository - Finding Reservation
2025-03-20 08:20:31,929 [1] INFO LabMPP.repository.databases.DBUtils - Connection opened successfully.
2025-03-20 08:20:31,930 [1] INFO LabMPP.repository.databases.TripRepoRepository - Finding Trip
2025-03-20 08:20:31,931 [1] INFO LabMPP.repository.databases.DBUtils - Connection opened successfully.
2025-03-20 08:20:31,932 [1] INFO LabMPP.repository.databases.ReservationRepository - Finding Reservation
2025-03-20 08:20:31,934 [1] INFO LabMPP.repository.databases.DBUtils - Connection opened successfully.
2025-03-20 08:20:31,935 [1] INFO LabMPP.repository.databases.TripRepoRepository - Finding Trip
2025-03-20 08:20:31,937 [1] INFO LabMPP.repository.databases.DBUtils - Connection opened successfully.
2025-03-20 08:20:31,938 [1] INFO LabMPP.repository.databases.ReservationRepository - Finding Reservation
2025-03-20 08:20:31,939 [1] INFO LabMPP.repository.databases.DBUtils - Connection opened successfully.
2025-03-20 08:20:31,940 [1] INFO LabMPP.repository.databases.TripRepoRepository - Finding Trip
2025-03-20 08:20:31,941 [1] INFO LabMPP.repository.databases.DBUtils - Connection opened successfully.
2025-03-20 08:20:31,942 [1] INFO LabMPP.repository.databases.ReservationRepository - Finding Reservation
2025-03-20 08:20:31,943 [1] INFO LabMPP.repository.databases.DBUtils - Connection opened successfully.
2025-03-20 08:20:31,944 [1] INFO LabMPP.repository.databases.TripRepoRepository - Finding Trip
2025-03-20 08:20:31,945 [1] INFO LabMPP.repository.databases.DBUtils - Connection opened successfully.
2025-03-20 08:20:31,947 [1] INFO LabMPP.repository.databases.ReservationRepository - Finding Reservation
2025-03-20 08:20:31,948 [1] INFO LabMPP.repository.databases.DBUtils - Connection opened successfully.
2025-03-20 08:20:31,949 [1] INFO LabMPP.repository.databases.TripRepoRepository - Finding Trip
2025-03-20 08:20:31,951 [1] INFO LabMPP.repository.databases.DBUtils - Connection opened successfully.
2025-03-20 08:20:31,952 [1] INFO LabMPP.repository.databases.ReservationRepository - Finding Reservation
2025-03-20 08:20:31,954 [1] INFO LabMPP.repository.databases.DBUtils - Connection opened successfully.
2025-03-20 08:20:31,955 [1] INFO LabMPP.repository.databases.TripRepoRepository - Finding Trip
2025-03-20 08:20:31,957 [1] INFO LabMPP.repository.databases.DBUtils - Connection opened successfully.
2025-03-20 08:20:31,958 [1] INFO LabMPP.repository.databases.ReservationRepository - Finding Reservation
2025-03-20 08:20:31,960 [1] INFO LabMPP.repository.databases.DBUtils - Connection opened successfully.
2025-03-20 08:20:31,961 [1] INFO LabMPP.repository.databases.TripRepoRepository - Finding Trip
2025-03-20 08:20:31,962 [1] INFO LabMPP.repository.databases.DBUtils - Connection opened successfully.
2025-03-20 08:20:31,963 [1] INFO LabMPP.repository.databases.ReservationRepository - Finding Reservation
2025-03-20 08:20:31,965 [1] INFO LabMPP.repository.databases.DBUtils - Connection opened successfully.
2025-03-20 08:20:31,967 [1] INFO LabMPP.repository.databases.TripRepoRepository - Finding Trip
2025-03-20 08:20:31,968 [1] INFO LabMPP.repository.databases.DBUtils - Connection opened successfully.
2025-03-20 08:20:31,969 [1] INFO LabMPP.repository.databases.ReservationRepository - Finding Reservation
2025-03-20 08:20:31,971 [1] INFO LabMPP.repository.databases.DBUtils - Connection opened successfully.
2025-03-20 08:20:31,972 [1] INFO LabMPP.repository.databases.TripRepoRepository - Finding Trip
2025-03-20 08:20:31,973 [1] INFO LabMPP.repository.databases.DBUtils - Connection opened successfully.
2025-03-20 08:20:31,975 [1] INFO LabMPP.repository.databases.ReservationRepository - Finding Reservation
2025-03-20 08:20:31,976 [1] INFO LabMPP.repository.databases.DBUtils - Connection opened successfully.
2025-03-20 08:20:31,977 [1] INFO LabMPP.repository.databases.TripRepoRepository - Finding Trip
2025-03-20 08:20:31,979 [1] INFO LabMPP.repository.databases.DBUtils - Connection opened successfully.
2025-03-20 08:20:31,980 [1] INFO LabMPP.repository.databases.ReservationRepository - Finding Reservation
2025-03-20 08:20:31,981 [1] INFO LabMPP.repository.databases.DBUtils - Connection opened successfully.
2025-03-20 08:20:31,983 [1] INFO LabMPP.repository.databases.TripRepoRepository - Finding Trip
2025-03-20 08:20:31,984 [1] INFO LabMPP.repository.databases.DBUtils - Connection opened successfully.
2025-03-20 08:20:31,985 [1] INFO LabMPP.repository.databases.ReservationRepository - Finding Reservation
2025-03-20 08:20:31,986 [1] INFO LabMPP.repository.databases.DBUtils - Connection opened successfully.
2025-03-20 08:20:31,987 [1] INFO LabMPP.repository.databases.TripRepoRepository - Finding Trip
2025-03-20 08:20:31,989 [1] INFO LabMPP.repository.databases.DBUtils - Connection opened successfully.
2025-03-20 08:20:31,990 [1] INFO LabMPP.repository.databases.ReservationRepository - Finding Reservation
2025-03-20 08:20:31,991 [1] INFO LabMPP.repository.databases.DBUtils - Connection opened successfully.
2025-03-20 08:20:31,992 [1] INFO LabMPP.repository.databases.TripRepoRepository - Finding Trip
2025-03-20 08:20:31,994 [1] INFO LabMPP.repository.databases.DBUtils - Connection opened successfully.
2025-03-20 08:20:31,995 [1] INFO LabMPP.repository.databases.ReservationRepository - Finding Reservation
2025-03-20 08:20:31,996 [1] INFO LabMPP.repository.databases.DBUtils - Connection opened successfully.
2025-03-20 08:20:31,998 [1] INFO LabMPP.repository.databases.TripRepoRepository - Finding Trip
2025-03-20 08:20:31,999 [1] INFO LabMPP.repository.databases.DBUtils - Connection opened successfully.
2025-03-20 08:20:32,000 [1] INFO LabMPP.repository.databases.ReservationRepository - Finding Reservation
2025-03-20 08:20:32,001 [1] INFO LabMPP.repository.databases.DBUtils - Connection opened successfully.
2025-03-20 08:20:32,002 [1] INFO LabMPP.repository.databases.TripRepoRepository - Finding Trip
2025-03-20 08:20:32,004 [1] INFO LabMPP.repository.databases.DBUtils - Connection opened successfully.
2025-03-20 08:20:32,005 [1] INFO LabMPP.repository.databases.ReservationRepository - Finding Reservation
2025-03-20 08:20:32,006 [1] INFO LabMPP.repository.databases.DBUtils - Connection opened successfully.
2025-03-20 08:20:32,007 [1] INFO LabMPP.repository.databases.TripRepoRepository - Finding Trip
2025-03-20 08:20:32,009 [1] INFO LabMPP.repository.databases.DBUtils - Connection opened successfully.
2025-03-20 08:20:43,317 [1] INFO LabMPP.service.Service - Getting manager by name
2025-03-20 08:20:43,317 [1] INFO LabMPP.repository.databases.ManagerRepository - Finding all Managers
2025-03-20 08:20:43,318 [1] INFO LabMPP.repository.databases.DBUtils - Connection opened successfully.
2025-03-20 08:20:43,327 [1] INFO LabMPP.service.Service - Getting all trips
2025-03-20 08:20:43,327 [1] INFO LabMPP.repository.databases.TripRepoRepository - Finding all Trips
2025-03-20 08:20:43,328 [1] INFO LabMPP.repository.databases.DBUtils - Connection opened successfully.
2025-03-20 08:20:56,143 [1] INFO LabMPP.service.Service - Getting all trips by destination
2025-03-20 08:20:56,144 [1] INFO LabMPP.repository.databases.TripRepoRepository - Finding all Trips
2025-03-20 08:20:56,146 [1] INFO LabMPP.repository.databases.DBUtils - Connection opened successfully.
2025-03-20 08:23:46,981 [1] INFO LabMPP.repository.databases.TripRepoRepository - Creating TripRepository
2025-03-20 08:23:47,000 [1] INFO LabMPP.repository.databases.ManagerRepository - Creating ManagerRepository
2025-03-20 08:23:47,001 [1] INFO LabMPP.repository.databases.ReservationRepository - Creating TripRepository
2025-03-20 08:23:47,001 [1] INFO LabMPP.repository.databases.TripRepoRepository - Creating TripRepository
2025-03-20 08:23:47,001 [1] INFO Program - Aplicația a pornit!
2025-03-20 08:23:47,080 [1] INFO LabMPP.repository.databases.DBUtils - Connection opened successfully.
2025-03-20 08:23:47,086 [1] INFO Program - Test connection successful
2025-03-20 08:23:47,088 [1] INFO LabMPP.repository.databases.TripRepoRepository - Creating TripRepository
2025-03-20 08:23:47,088 [1] INFO LabMPP.repository.databases.TripRepoRepository - Finding all Trips
2025-03-20 08:23:47,089 [1] INFO LabMPP.repository.databases.DBUtils - Connection opened successfully.
2025-03-20 08:23:47,109 [1] INFO LabMPP.repository.databases.TripRepoRepository - Finding all Trips
2025-03-20 08:23:47,110 [1] INFO LabMPP.repository.databases.DBUtils - Connection opened successfully.
2025-03-20 08:23:47,119 [1] INFO LabMPP.repository.databases.TripRepoRepository - Saving Trip
2025-03-20 08:23:47,120 [1] INFO LabMPP.repository.databases.DBUtils - Connection opened successfully.
2025-03-20 08:23:47,137 [1] INFO LabMPP.repository.databases.TripRepoRepository - Finding all Trips
2025-03-20 08:23:47,140 [1] INFO LabMPP.repository.databases.DBUtils - Connection opened successfully.
2025-03-20 08:23:47,148 [1] INFO LabMPP.repository.databases.ManagerRepository - Creating ManagerRepository
2025-03-20 08:23:47,149 [1] INFO LabMPP.repository.databases.ManagerRepository - Finding all Managers
2025-03-20 08:23:47,150 [1] INFO LabMPP.repository.databases.DBUtils - Connection opened successfully.
2025-03-20 08:23:47,152 [1] INFO LabMPP.repository.databases.ManagerRepository - Finding all Managers
2025-03-20 08:23:47,152 [1] INFO LabMPP.repository.databases.DBUtils - Connection opened successfully.
2025-03-20 08:23:47,158 [1] INFO LabMPP.repository.databases.ManagerRepository - Saving Manager
2025-03-20 08:23:47,159 [1] INFO LabMPP.repository.databases.DBUtils - Connection opened successfully.
2025-03-20 08:23:47,165 [1] INFO LabMPP.repository.databases.ManagerRepository - Finding all Managers
2025-03-20 08:23:47,169 [1] INFO LabMPP.repository.databases.DBUtils - Connection opened successfully.
2025-03-20 08:23:47,175 [1] INFO LabMPP.repository.databases.ReservationRepository - Creating TripRepository
2025-03-20 08:23:47,176 [1] INFO LabMPP.repository.databases.TripRepoRepository - Creating TripRepository
2025-03-20 08:23:47,177 [1] INFO LabMPP.repository.databases.ReservationRepository - Finding all Reservations
2025-03-20 08:23:47,178 [1] INFO LabMPP.repository.databases.DBUtils - Connection opened successfully.
2025-03-20 08:23:47,179 [1] INFO LabMPP.repository.databases.ReservationRepository - Finding Reservation
2025-03-20 08:23:47,180 [1] INFO LabMPP.repository.databases.DBUtils - Connection opened successfully.
2025-03-20 08:23:47,181 [1] INFO LabMPP.repository.databases.TripRepoRepository - Finding Trip
2025-03-20 08:23:47,182 [1] INFO LabMPP.repository.databases.DBUtils - Connection opened successfully.
2025-03-20 08:23:47,185 [1] INFO LabMPP.repository.databases.ReservationRepository - Finding Reservation
2025-03-20 08:23:47,186 [1] INFO LabMPP.repository.databases.DBUtils - Connection opened successfully.
2025-03-20 08:23:47,186 [1] INFO LabMPP.repository.databases.TripRepoRepository - Finding Trip
2025-03-20 08:23:47,187 [1] INFO LabMPP.repository.databases.DBUtils - Connection opened successfully.
2025-03-20 08:23:47,188 [1] INFO LabMPP.repository.databases.ReservationRepository - Finding Reservation
2025-03-20 08:23:47,189 [1] INFO LabMPP.repository.databases.DBUtils - Connection opened successfully.
2025-03-20 08:23:47,190 [1] INFO LabMPP.repository.databases.TripRepoRepository - Finding Trip
2025-03-20 08:23:47,191 [1] INFO LabMPP.repository.databases.DBUtils - Connection opened successfully.
2025-03-20 08:23:47,192 [1] INFO LabMPP.repository.databases.ReservationRepository - Finding Reservation
2025-03-20 08:23:47,192 [1] INFO LabMPP.repository.databases.DBUtils - Connection opened successfully.
2025-03-20 08:23:47,193 [1] INFO LabMPP.repository.databases.TripRepoRepository - Finding Trip
2025-03-20 08:23:47,193 [1] INFO LabMPP.repository.databases.DBUtils - Connection opened successfully.
2025-03-20 08:23:47,194 [1] INFO LabMPP.repository.databases.ReservationRepository - Finding Reservation
2025-03-20 08:23:47,194 [1] INFO LabMPP.repository.databases.DBUtils - Connection opened successfully.
2025-03-20 08:23:47,195 [1] INFO LabMPP.repository.databases.TripRepoRepository - Finding Trip
2025-03-20 08:23:47,195 [1] INFO LabMPP.repository.databases.DBUtils - Connection opened successfully.
2025-03-20 08:23:47,196 [1] INFO LabMPP.repository.databases.ReservationRepository - Finding Reservation
2025-03-20 08:23:47,197 [1] INFO LabMPP.repository.databases.DBUtils - Connection opened successfully.
2025-03-20 08:23:47,197 [1] INFO LabMPP.repository.databases.TripRepoRepository - Finding Trip
2025-03-20 08:23:47,198 [1] INFO LabMPP.repository.databases.DBUtils - Connection opened successfully.
2025-03-20 08:23:47,198 [1] INFO LabMPP.repository.databases.ReservationRepository - Finding Reservation
2025-03-20 08:23:47,199 [1] INFO LabMPP.repository.databases.DBUtils - Connection opened successfully.
2025-03-20 08:23:47,200 [1] INFO LabMPP.repository.databases.TripRepoRepository - Finding Trip
2025-03-20 08:23:47,200 [1] INFO LabMPP.repository.databases.DBUtils - Connection opened successfully.
2025-03-20 08:23:47,201 [1] INFO LabMPP.repository.databases.ReservationRepository - Finding Reservation
2025-03-20 08:23:47,202 [1] INFO LabMPP.repository.databases.DBUtils - Connection opened successfully.
2025-03-20 08:23:47,202 [1] INFO LabMPP.repository.databases.TripRepoRepository - Finding Trip
2025-03-20 08:23:47,203 [1] INFO LabMPP.repository.databases.DBUtils - Connection opened successfully.
2025-03-20 08:23:47,204 [1] INFO LabMPP.repository.databases.ReservationRepository - Finding Reservation
2025-03-20 08:23:47,206 [1] INFO LabMPP.repository.databases.DBUtils - Connection opened successfully.
2025-03-20 08:23:47,207 [1] INFO LabMPP.repository.databases.TripRepoRepository - Finding Trip
2025-03-20 08:23:47,207 [1] INFO LabMPP.repository.databases.DBUtils - Connection opened successfully.
2025-03-20 08:23:47,208 [1] INFO LabMPP.repository.databases.ReservationRepository - Finding Reservation
2025-03-20 08:23:47,209 [1] INFO LabMPP.repository.databases.DBUtils - Connection opened successfully.
2025-03-20 08:23:47,209 [1] INFO LabMPP.repository.databases.TripRepoRepository - Finding Trip
2025-03-20 08:23:47,210 [1] INFO LabMPP.repository.databases.DBUtils - Connection opened successfully.
2025-03-20 08:23:47,211 [1] INFO LabMPP.repository.databases.ReservationRepository - Finding Reservation
2025-03-20 08:23:47,211 [1] INFO LabMPP.repository.databases.DBUtils - Connection opened successfully.
2025-03-20 08:23:47,212 [1] INFO LabMPP.repository.databases.TripRepoRepository - Finding Trip
2025-03-20 08:23:47,212 [1] INFO LabMPP.repository.databases.DBUtils - Connection opened successfully.
2025-03-20 08:23:47,213 [1] INFO LabMPP.repository.databases.ReservationRepository - Finding Reservation
2025-03-20 08:23:47,214 [1] INFO LabMPP.repository.databases.DBUtils - Connection opened successfully.
2025-03-20 08:23:47,214 [1] INFO LabMPP.repository.databases.TripRepoRepository - Finding Trip
2025-03-20 08:23:47,215 [1] INFO LabMPP.repository.databases.DBUtils - Connection opened successfully.
2025-03-20 08:23:47,215 [1] INFO LabMPP.repository.databases.ReservationRepository - Finding Reservation
2025-03-20 08:23:47,216 [1] INFO LabMPP.repository.databases.DBUtils - Connection opened successfully.
2025-03-20 08:23:47,216 [1] INFO LabMPP.repository.databases.TripRepoRepository - Finding Trip
2025-03-20 08:23:47,217 [1] INFO LabMPP.repository.databases.DBUtils - Connection opened successfully.
2025-03-20 08:23:47,218 [1] INFO LabMPP.repository.databases.ReservationRepository - Finding Reservation
2025-03-20 08:23:47,218 [1] INFO LabMPP.repository.databases.DBUtils - Connection opened successfully.
2025-03-20 08:23:47,218 [1] INFO LabMPP.repository.databases.TripRepoRepository - Finding Trip
2025-03-20 08:23:47,219 [1] INFO LabMPP.repository.databases.DBUtils - Connection opened successfully.
2025-03-20 08:23:47,220 [1] INFO LabMPP.repository.databases.ReservationRepository - Finding Reservation
2025-03-20 08:23:47,221 [1] INFO LabMPP.repository.databases.DBUtils - Connection opened successfully.
2025-03-20 08:23:47,221 [1] INFO LabMPP.repository.databases.TripRepoRepository - Finding Trip
2025-03-20 08:23:47,222 [1] INFO LabMPP.repository.databases.DBUtils - Connection opened successfully.
2025-03-20 08:23:47,222 [1] INFO LabMPP.repository.databases.ReservationRepository - Finding Reservation
2025-03-20 08:23:47,223 [1] INFO LabMPP.repository.databases.DBUtils - Connection opened successfully.
2025-03-20 08:23:47,224 [1] INFO LabMPP.repository.databases.TripRepoRepository - Finding Trip
2025-03-20 08:23:47,225 [1] INFO LabMPP.repository.databases.DBUtils - Connection opened successfully.
2025-03-20 08:23:47,226 [1] INFO LabMPP.repository.databases.ReservationRepository - Finding Reservation
2025-03-20 08:23:47,227 [1] INFO LabMPP.repository.databases.DBUtils - Connection opened successfully.
2025-03-20 08:23:47,227 [1] INFO LabMPP.repository.databases.TripRepoRepository - Finding Trip
2025-03-20 08:23:47,228 [1] INFO LabMPP.repository.databases.DBUtils - Connection opened successfully.
2025-03-20 08:23:47,229 [1] INFO LabMPP.repository.databases.ReservationRepository - Finding Reservation
2025-03-20 08:23:47,229 [1] INFO LabMPP.repository.databases.DBUtils - Connection opened successfully.
2025-03-20 08:23:47,230 [1] INFO LabMPP.repository.databases.TripRepoRepository - Finding Trip
2025-03-20 08:23:47,230 [1] INFO LabMPP.repository.databases.DBUtils - Connection opened successfully.
2025-03-20 08:23:47,231 [1] INFO LabMPP.repository.databases.ReservationRepository - Finding Reservation
2025-03-20 08:23:47,231 [1] INFO LabMPP.repository.databases.DBUtils - Connection opened successfully.
2025-03-20 08:23:47,232 [1] INFO LabMPP.repository.databases.TripRepoRepository - Finding Trip
2025-03-20 08:23:47,233 [1] INFO LabMPP.repository.databases.DBUtils - Connection opened successfully.
2025-03-20 08:23:47,233 [1] INFO LabMPP.repository.databases.ReservationRepository - Finding Reservation
2025-03-20 08:23:47,234 [1] INFO LabMPP.repository.databases.DBUtils - Connection opened successfully.
2025-03-20 08:23:47,234 [1] INFO LabMPP.repository.databases.TripRepoRepository - Finding Trip
2025-03-20 08:23:47,235 [1] INFO LabMPP.repository.databases.DBUtils - Connection opened successfully.
2025-03-20 08:23:47,235 [1] INFO LabMPP.repository.databases.ReservationRepository - Finding Reservation
2025-03-20 08:23:47,236 [1] INFO LabMPP.repository.databases.DBUtils - Connection opened successfully.
2025-03-20 08:23:47,236 [1] INFO LabMPP.repository.databases.TripRepoRepository - Finding Trip
2025-03-20 08:23:47,237 [1] INFO LabMPP.repository.databases.DBUtils - Connection opened successfully.
2025-03-20 08:23:47,238 [1] INFO LabMPP.repository.databases.ReservationRepository - Finding Reservation
2025-03-20 08:23:47,239 [1] INFO LabMPP.repository.databases.DBUtils - Connection opened successfully.
2025-03-20 08:23:47,239 [1] INFO LabMPP.repository.databases.TripRepoRepository - Finding Trip
2025-03-20 08:23:47,240 [1] INFO LabMPP.repository.databases.DBUtils - Connection opened successfully.
2025-03-20 08:23:47,241 [1] INFO LabMPP.repository.databases.ReservationRepository - Finding Reservation
2025-03-20 08:23:47,242 [1] INFO LabMPP.repository.databases.DBUtils - Connection opened successfully.
2025-03-20 08:23:47,242 [1] INFO LabMPP.repository.databases.TripRepoRepository - Finding Trip
2025-03-20 08:23:47,242 [1] INFO LabMPP.repository.databases.DBUtils - Connection opened successfully.
2025-03-20 08:23:47,243 [1] INFO LabMPP.repository.databases.ReservationRepository - Finding Reservation
2025-03-20 08:23:47,243 [1] INFO LabMPP.repository.databases.DBUtils - Connection opened successfully.
2025-03-20 08:23:47,244 [1] INFO LabMPP.repository.databases.TripRepoRepository - Finding Trip
2025-03-20 08:23:47,244 [1] INFO LabMPP.repository.databases.DBUtils - Connection opened successfully.
2025-03-20 08:23:47,245 [1] INFO LabMPP.repository.databases.ReservationRepository - Finding Reservation
2025-03-20 08:23:47,246 [1] INFO LabMPP.repository.databases.DBUtils - Connection opened successfully.
2025-03-20 08:23:47,247 [1] INFO LabMPP.repository.databases.TripRepoRepository - Finding Trip
2025-03-20 08:23:47,248 [1] INFO LabMPP.repository.databases.DBUtils - Connection opened successfully.
2025-03-20 08:23:47,248 [1] INFO LabMPP.repository.databases.ReservationRepository - Finding Reservation
2025-03-20 08:23:47,250 [1] INFO LabMPP.repository.databases.DBUtils - Connection opened successfully.
2025-03-20 08:23:47,250 [1] INFO LabMPP.repository.databases.TripRepoRepository - Finding Trip
2025-03-20 08:23:47,251 [1] INFO LabMPP.repository.databases.DBUtils - Connection opened successfully.
2025-03-20 08:23:47,252 [1] INFO LabMPP.repository.databases.ReservationRepository - Finding Reservation
2025-03-20 08:23:47,253 [1] INFO LabMPP.repository.databases.DBUtils - Connection opened successfully.
2025-03-20 08:23:47,253 [1] INFO LabMPP.repository.databases.TripRepoRepository - Finding Trip
2025-03-20 08:23:47,255 [1] INFO LabMPP.repository.databases.DBUtils - Connection opened successfully.
2025-03-20 08:23:47,255 [1] INFO LabMPP.repository.databases.ReservationRepository - Finding all Reservations
2025-03-20 08:23:47,256 [1] INFO LabMPP.repository.databases.DBUtils - Connection opened successfully.
2025-03-20 08:23:47,257 [1] INFO LabMPP.repository.databases.ReservationRepository - Finding Reservation
2025-03-20 08:23:47,258 [1] INFO LabMPP.repository.databases.DBUtils - Connection opened successfully.
2025-03-20 08:23:47,259 [1] INFO LabMPP.repository.databases.TripRepoRepository - Finding Trip
2025-03-20 08:23:47,259 [1] INFO LabMPP.repository.databases.DBUtils - Connection opened successfully.
2025-03-20 08:23:47,260 [1] INFO LabMPP.repository.databases.ReservationRepository - Finding Reservation
2025-03-20 08:23:47,261 [1] INFO LabMPP.repository.databases.DBUtils - Connection opened successfully.
2025-03-20 08:23:47,262 [1] INFO LabMPP.repository.databases.TripRepoRepository - Finding Trip
2025-03-20 08:23:47,263 [1] INFO LabMPP.repository.databases.DBUtils - Connection opened successfully.
2025-03-20 08:23:47,264 [1] INFO LabMPP.repository.databases.ReservationRepository - Finding Reservation
2025-03-20 08:23:47,265 [1] INFO LabMPP.repository.databases.DBUtils - Connection opened successfully.
2025-03-20 08:23:47,266 [1] INFO LabMPP.repository.databases.TripRepoRepository - Finding Trip
2025-03-20 08:23:47,267 [1] INFO LabMPP.repository.databases.DBUtils - Connection opened successfully.
2025-03-20 08:23:47,268 [1] INFO LabMPP.repository.databases.ReservationRepository - Finding Reservation
2025-03-20 08:23:47,269 [1] INFO LabMPP.repository.databases.DBUtils - Connection opened successfully.
2025-03-20 08:23:47,270 [1] INFO LabMPP.repository.databases.TripRepoRepository - Finding Trip
2025-03-20 08:23:47,271 [1] INFO LabMPP.repository.databases.DBUtils - Connection opened successfully.
2025-03-20 08:23:47,271 [1] INFO LabMPP.repository.databases.ReservationRepository - Finding Reservation
2025-03-20 08:23:47,272 [1] INFO LabMPP.repository.databases.DBUtils - Connection opened successfully.
2025-03-20 08:23:47,273 [1] INFO LabMPP.repository.databases.TripRepoRepository - Finding Trip
2025-03-20 08:23:47,273 [1] INFO LabMPP.repository.databases.DBUtils - Connection opened successfully.
2025-03-20 08:23:47,274 [1] INFO LabMPP.repository.databases.ReservationRepository - Finding Reservation
2025-03-20 08:23:47,275 [1] INFO LabMPP.repository.databases.DBUtils - Connection opened successfully.
2025-03-20 08:23:47,275 [1] INFO LabMPP.repository.databases.TripRepoRepository - Finding Trip
2025-03-20 08:23:47,276 [1] INFO LabMPP.repository.databases.DBUtils - Connection opened successfully.
2025-03-20 08:23:47,277 [1] INFO LabMPP.repository.databases.ReservationRepository - Finding Reservation
2025-03-20 08:23:47,277 [1] INFO LabMPP.repository.databases.DBUtils - Connection opened successfully.
2025-03-20 08:23:47,278 [1] INFO LabMPP.repository.databases.TripRepoRepository - Finding Trip
2025-03-20 08:23:47,279 [1] INFO LabMPP.repository.databases.DBUtils - Connection opened successfully.
2025-03-20 08:23:47,279 [1] INFO LabMPP.repository.databases.ReservationRepository - Finding Reservation
2025-03-20 08:23:47,280 [1] INFO LabMPP.repository.databases.DBUtils - Connection opened successfully.
2025-03-20 08:23:47,281 [1] INFO LabMPP.repository.databases.TripRepoRepository - Finding Trip
2025-03-20 08:23:47,282 [1] INFO LabMPP.repository.databases.DBUtils - Connection opened successfully.
2025-03-20 08:23:47,282 [1] INFO LabMPP.repository.databases.ReservationRepository - Finding Reservation
2025-03-20 08:23:47,283 [1] INFO LabMPP.repository.databases.DBUtils - Connection opened successfully.
2025-03-20 08:23:47,284 [1] INFO LabMPP.repository.databases.TripRepoRepository - Finding Trip
2025-03-20 08:23:47,284 [1] INFO LabMPP.repository.databases.DBUtils - Connection opened successfully.
2025-03-20 08:23:47,285 [1] INFO LabMPP.repository.databases.ReservationRepository - Finding Reservation
2025-03-20 08:23:47,286 [1] INFO LabMPP.repository.databases.DBUtils - Connection opened successfully.
2025-03-20 08:23:47,286 [1] INFO LabMPP.repository.databases.TripRepoRepository - Finding Trip
2025-03-20 08:23:47,287 [1] INFO LabMPP.repository.databases.DBUtils - Connection opened successfully.
2025-03-20 08:23:47,288 [1] INFO LabMPP.repository.databases.ReservationRepository - Finding Reservation
2025-03-20 08:23:47,289 [1] INFO LabMPP.repository.databases.DBUtils - Connection opened successfully.
2025-03-20 08:23:47,289 [1] INFO LabMPP.repository.databases.TripRepoRepository - Finding Trip
2025-03-20 08:23:47,290 [1] INFO LabMPP.repository.databases.DBUtils - Connection opened successfully.
2025-03-20 08:23:47,291 [1] INFO LabMPP.repository.databases.ReservationRepository - Finding Reservation
2025-03-20 08:23:47,292 [1] INFO LabMPP.repository.databases.DBUtils - Connection opened successfully.
2025-03-20 08:23:47,292 [1] INFO LabMPP.repository.databases.TripRepoRepository - Finding Trip
2025-03-20 08:23:47,293 [1] INFO LabMPP.repository.databases.DBUtils - Connection opened successfully.
2025-03-20 08:23:47,293 [1] INFO LabMPP.repository.databases.ReservationRepository - Finding Reservation
2025-03-20 08:23:47,294 [1] INFO LabMPP.repository.databases.DBUtils - Connection opened successfully.
2025-03-20 08:23:47,295 [1] INFO LabMPP.repository.databases.TripRepoRepository - Finding Trip
2025-03-20 08:23:47,295 [1] INFO LabMPP.repository.databases.DBUtils - Connection opened successfully.
2025-03-20 08:23:47,296 [1] INFO LabMPP.repository.databases.ReservationRepository - Finding Reservation
2025-03-20 08:23:47,297 [1] INFO LabMPP.repository.databases.DBUtils - Connection opened successfully.
2025-03-20 08:23:47,297 [1] INFO LabMPP.repository.databases.TripRepoRepository - Finding Trip
2025-03-20 08:23:47,298 [1] INFO LabMPP.repository.databases.DBUtils - Connection opened successfully.
2025-03-20 08:23:47,299 [1] INFO LabMPP.repository.databases.ReservationRepository - Finding Reservation
2025-03-20 08:23:47,300 [1] INFO LabMPP.repository.databases.DBUtils - Connection opened successfully.
2025-03-20 08:23:47,300 [1] INFO LabMPP.repository.databases.TripRepoRepository - Finding Trip
2025-03-20 08:23:47,301 [1] INFO LabMPP.repository.databases.DBUtils - Connection opened successfully.
2025-03-20 08:23:47,302 [1] INFO LabMPP.repository.databases.ReservationRepository - Finding Reservation
2025-03-20 08:23:47,302 [1] INFO LabMPP.repository.databases.DBUtils - Connection opened successfully.
2025-03-20 08:23:47,303 [1] INFO LabMPP.repository.databases.TripRepoRepository - Finding Trip
2025-03-20 08:23:47,304 [1] INFO LabMPP.repository.databases.DBUtils - Connection opened successfully.
2025-03-20 08:23:47,304 [1] INFO LabMPP.repository.databases.ReservationRepository - Finding Reservation
2025-03-20 08:23:47,305 [1] INFO LabMPP.repository.databases.DBUtils - Connection opened successfully.
2025-03-20 08:23:47,305 [1] INFO LabMPP.repository.databases.TripRepoRepository - Finding Trip
2025-03-20 08:23:47,306 [1] INFO LabMPP.repository.databases.DBUtils - Connection opened successfully.
2025-03-20 08:23:47,307 [1] INFO LabMPP.repository.databases.ReservationRepository - Finding Reservation
2025-03-20 08:23:47,308 [1] INFO LabMPP.repository.databases.DBUtils - Connection opened successfully.
2025-03-20 08:23:47,309 [1] INFO LabMPP.repository.databases.TripRepoRepository - Finding Trip
2025-03-20 08:23:47,309 [1] INFO LabMPP.repository.databases.DBUtils - Connection opened successfully.
2025-03-20 08:23:47,310 [1] INFO LabMPP.repository.databases.ReservationRepository - Finding Reservation
2025-03-20 08:23:47,311 [1] INFO LabMPP.repository.databases.DBUtils - Connection opened successfully.
2025-03-20 08:23:47,312 [1] INFO LabMPP.repository.databases.TripRepoRepository - Finding Trip
2025-03-20 08:23:47,313 [1] INFO LabMPP.repository.databases.DBUtils - Connection opened successfully.
2025-03-20 08:23:47,314 [1] INFO LabMPP.repository.databases.ReservationRepository - Finding Reservation
2025-03-20 08:23:47,315 [1] INFO LabMPP.repository.databases.DBUtils - Connection opened successfully.
2025-03-20 08:23:47,316 [1] INFO LabMPP.repository.databases.TripRepoRepository - Finding Trip
2025-03-20 08:23:47,317 [1] INFO LabMPP.repository.databases.DBUtils - Connection opened successfully.
2025-03-20 08:23:47,317 [1] INFO LabMPP.repository.databases.ReservationRepository - Finding Reservation
2025-03-20 08:23:47,318 [1] INFO LabMPP.repository.databases.DBUtils - Connection opened successfully.
2025-03-20 08:23:47,319 [1] INFO LabMPP.repository.databases.TripRepoRepository - Finding Trip
2025-03-20 08:23:47,320 [1] INFO LabMPP.repository.databases.DBUtils - Connection opened successfully.
2025-03-20 08:23:47,321 [1] INFO LabMPP.repository.databases.ReservationRepository - Finding Reservation
2025-03-20 08:23:47,322 [1] INFO LabMPP.repository.databases.DBUtils - Connection opened successfully.
2025-03-20 08:23:47,323 [1] INFO LabMPP.repository.databases.TripRepoRepository - Finding Trip
2025-03-20 08:23:47,324 [1] INFO LabMPP.repository.databases.DBUtils - Connection opened successfully.
2025-03-20 08:23:47,325 [1] INFO LabMPP.repository.databases.ReservationRepository - Finding Reservation
2025-03-20 08:23:47,326 [1] INFO LabMPP.repository.databases.DBUtils - Connection opened successfully.
2025-03-20 08:23:47,327 [1] INFO LabMPP.repository.databases.TripRepoRepository - Finding Trip
2025-03-20 08:23:47,328 [1] INFO LabMPP.repository.databases.DBUtils - Connection opened successfully.
2025-03-20 08:23:47,329 [1] INFO LabMPP.repository.databases.ReservationRepository - Finding Reservation
2025-03-20 08:23:47,330 [1] INFO LabMPP.repository.databases.DBUtils - Connection opened successfully.
2025-03-20 08:23:47,331 [1] INFO LabMPP.repository.databases.TripRepoRepository - Finding Trip
2025-03-20 08:23:47,332 [1] INFO LabMPP.repository.databases.DBUtils - Connection opened successfully.
2025-03-20 08:23:47,333 [1] INFO LabMPP.repository.databases.ReservationRepository - Finding Reservation
2025-03-20 08:23:47,334 [1] INFO LabMPP.repository.databases.DBUtils - Connection opened successfully.
2025-03-20 08:23:47,335 [1] INFO LabMPP.repository.databases.TripRepoRepository - Finding Trip
2025-03-20 08:23:47,336 [1] INFO LabMPP.repository.databases.DBUtils - Connection opened successfully.
2025-03-20 08:23:47,336 [1] INFO LabMPP.repository.databases.ReservationRepository - Finding Reservation
2025-03-20 08:23:47,337 [1] INFO LabMPP.repository.databases.DBUtils - Connection opened successfully.
2025-03-20 08:23:47,338 [1] INFO LabMPP.repository.databases.TripRepoRepository - Finding Trip
2025-03-20 08:23:47,339 [1] INFO LabMPP.repository.databases.DBUtils - Connection opened successfully.
2025-03-20 08:23:47,340 [1] INFO LabMPP.repository.databases.ReservationRepository - Finding Reservation
2025-03-20 08:23:47,341 [1] INFO LabMPP.repository.databases.DBUtils - Connection opened successfully.
2025-03-20 08:23:47,342 [1] INFO LabMPP.repository.databases.TripRepoRepository - Finding Trip
2025-03-20 08:23:47,343 [1] INFO LabMPP.repository.databases.DBUtils - Connection opened successfully.
2025-03-20 08:23:47,355 [1] INFO LabMPP.repository.databases.ReservationRepository - Saving Reservation
2025-03-20 08:23:47,356 [1] INFO LabMPP.repository.databases.DBUtils - Connection opened successfully.
2025-03-20 08:23:47,374 [1] INFO LabMPP.repository.databases.ReservationRepository - Finding all Reservations
2025-03-20 08:23:47,377 [1] INFO LabMPP.repository.databases.DBUtils - Connection opened successfully.
2025-03-20 08:23:47,378 [1] INFO LabMPP.repository.databases.ReservationRepository - Finding Reservation
2025-03-20 08:23:47,380 [1] INFO LabMPP.repository.databases.DBUtils - Connection opened successfully.
2025-03-20 08:23:47,381 [1] INFO LabMPP.repository.databases.TripRepoRepository - Finding Trip
2025-03-20 08:23:47,382 [1] INFO LabMPP.repository.databases.DBUtils - Connection opened successfully.
2025-03-20 08:23:47,383 [1] INFO LabMPP.repository.databases.ReservationRepository - Finding Reservation
2025-03-20 08:23:47,384 [1] INFO LabMPP.repository.databases.DBUtils - Connection opened successfully.
2025-03-20 08:23:47,385 [1] INFO LabMPP.repository.databases.TripRepoRepository - Finding Trip
2025-03-20 08:23:47,386 [1] INFO LabMPP.repository.databases.DBUtils - Connection opened successfully.
2025-03-20 08:23:47,387 [1] INFO LabMPP.repository.databases.ReservationRepository - Finding Reservation
2025-03-20 08:23:47,388 [1] INFO LabMPP.repository.databases.DBUtils - Connection opened successfully.
2025-03-20 08:23:47,389 [1] INFO LabMPP.repository.databases.TripRepoRepository - Finding Trip
2025-03-20 08:23:47,390 [1] INFO LabMPP.repository.databases.DBUtils - Connection opened successfully.
2025-03-20 08:23:47,391 [1] INFO LabMPP.repository.databases.ReservationRepository - Finding Reservation
2025-03-20 08:23:47,392 [1] INFO LabMPP.repository.databases.DBUtils - Connection opened successfully.
2025-03-20 08:23:47,393 [1] INFO LabMPP.repository.databases.TripRepoRepository - Finding Trip
2025-03-20 08:23:47,394 [1] INFO LabMPP.repository.databases.DBUtils - Connection opened successfully.
2025-03-20 08:23:47,395 [1] INFO LabMPP.repository.databases.ReservationRepository - Finding Reservation
2025-03-20 08:23:47,396 [1] INFO LabMPP.repository.databases.DBUtils - Connection opened successfully.
2025-03-20 08:23:47,396 [1] INFO LabMPP.repository.databases.TripRepoRepository - Finding Trip
2025-03-20 08:23:47,397 [1] INFO LabMPP.repository.databases.DBUtils - Connection opened successfully.
2025-03-20 08:23:47,398 [1] INFO LabMPP.repository.databases.ReservationRepository - Finding Reservation
2025-03-20 08:23:47,399 [1] INFO LabMPP.repository.databases.DBUtils - Connection opened successfully.
2025-03-20 08:23:47,400 [1] INFO LabMPP.repository.databases.TripRepoRepository - Finding Trip
2025-03-20 08:23:47,400 [1] INFO LabMPP.repository.databases.DBUtils - Connection opened successfully.
2025-03-20 08:23:47,401 [1] INFO LabMPP.repository.databases.ReservationRepository - Finding Reservation
2025-03-20 08:23:47,402 [1] INFO LabMPP.repository.databases.DBUtils - Connection opened successfully.
2025-03-20 08:23:47,403 [1] INFO LabMPP.repository.databases.TripRepoRepository - Finding Trip
2025-03-20 08:23:47,404 [1] INFO LabMPP.repository.databases.DBUtils - Connection opened successfully.
2025-03-20 08:23:47,405 [1] INFO LabMPP.repository.databases.ReservationRepository - Finding Reservation
2025-03-20 08:23:47,406 [1] INFO LabMPP.repository.databases.DBUtils - Connection opened successfully.
2025-03-20 08:23:47,407 [1] INFO LabMPP.repository.databases.TripRepoRepository - Finding Trip
2025-03-20 08:23:47,408 [1] INFO LabMPP.repository.databases.DBUtils - Connection opened successfully.
2025-03-20 08:23:47,409 [1] INFO LabMPP.repository.databases.ReservationRepository - Finding Reservation
2025-03-20 08:23:47,409 [1] INFO LabMPP.repository.databases.DBUtils - Connection opened successfully.
2025-03-20 08:23:47,410 [1] INFO LabMPP.repository.databases.TripRepoRepository - Finding Trip
2025-03-20 08:23:47,412 [1] INFO LabMPP.repository.databases.DBUtils - Connection opened successfully.
2025-03-20 08:23:47,412 [1] INFO LabMPP.repository.databases.ReservationRepository - Finding Reservation
2025-03-20 08:23:47,414 [1] INFO LabMPP.repository.databases.DBUtils - Connection opened successfully.
2025-03-20 08:23:47,414 [1] INFO LabMPP.repository.databases.TripRepoRepository - Finding Trip
2025-03-20 08:23:47,415 [1] INFO LabMPP.repository.databases.DBUtils - Connection opened successfully.
2025-03-20 08:23:47,416 [1] INFO LabMPP.repository.databases.ReservationRepository - Finding Reservation
2025-03-20 08:23:47,417 [1] INFO LabMPP.repository.databases.DBUtils - Connection opened successfully.
2025-03-20 08:23:47,418 [1] INFO LabMPP.repository.databases.TripRepoRepository - Finding Trip
2025-03-20 08:23:47,419 [1] INFO LabMPP.repository.databases.DBUtils - Connection opened successfully.
2025-03-20 08:23:47,421 [1] INFO LabMPP.repository.databases.ReservationRepository - Finding Reservation
2025-03-20 08:23:47,422 [1] INFO LabMPP.repository.databases.DBUtils - Connection opened successfully.
2025-03-20 08:23:47,422 [1] INFO LabMPP.repository.databases.TripRepoRepository - Finding Trip
2025-03-20 08:23:47,423 [1] INFO LabMPP.repository.databases.DBUtils - Connection opened successfully.
2025-03-20 08:23:47,424 [1] INFO LabMPP.repository.databases.ReservationRepository - Finding Reservation
2025-03-20 08:23:47,425 [1] INFO LabMPP.repository.databases.DBUtils - Connection opened successfully.
2025-03-20 08:23:47,426 [1] INFO LabMPP.repository.databases.TripRepoRepository - Finding Trip
2025-03-20 08:23:47,427 [1] INFO LabMPP.repository.databases.DBUtils - Connection opened successfully.
2025-03-20 08:23:47,428 [1] INFO LabMPP.repository.databases.ReservationRepository - Finding Reservation
2025-03-20 08:23:47,429 [1] INFO LabMPP.repository.databases.DBUtils - Connection opened successfully.
2025-03-20 08:23:47,430 [1] INFO LabMPP.repository.databases.TripRepoRepository - Finding Trip
2025-03-20 08:23:47,431 [1] INFO LabMPP.repository.databases.DBUtils - Connection opened successfully.
2025-03-20 08:23:47,431 [1] INFO LabMPP.repository.databases.ReservationRepository - Finding Reservation
2025-03-20 08:23:47,433 [1] INFO LabMPP.repository.databases.DBUtils - Connection opened successfully.
2025-03-20 08:23:47,434 [1] INFO LabMPP.repository.databases.TripRepoRepository - Finding Trip
2025-03-20 08:23:47,435 [1] INFO LabMPP.repository.databases.DBUtils - Connection opened successfully.
2025-03-20 08:23:47,435 [1] INFO LabMPP.repository.databases.ReservationRepository - Finding Reservation
2025-03-20 08:23:47,437 [1] INFO LabMPP.repository.databases.DBUtils - Connection opened successfully.
2025-03-20 08:23:47,437 [1] INFO LabMPP.repository.databases.TripRepoRepository - Finding Trip
2025-03-20 08:23:47,438 [1] INFO LabMPP.repository.databases.DBUtils - Connection opened successfully.
2025-03-20 08:23:47,439 [1] INFO LabMPP.repository.databases.ReservationRepository - Finding Reservation
2025-03-20 08:23:47,440 [1] INFO LabMPP.repository.databases.DBUtils - Connection opened successfully.
2025-03-20 08:23:47,441 [1] INFO LabMPP.repository.databases.TripRepoRepository - Finding Trip
2025-03-20 08:23:47,442 [1] INFO LabMPP.repository.databases.DBUtils - Connection opened successfully.
2025-03-20 08:23:47,443 [1] INFO LabMPP.repository.databases.ReservationRepository - Finding Reservation
2025-03-20 08:23:47,444 [1] INFO LabMPP.repository.databases.DBUtils - Connection opened successfully.
2025-03-20 08:23:47,445 [1] INFO LabMPP.repository.databases.TripRepoRepository - Finding Trip
2025-03-20 08:23:47,447 [1] INFO LabMPP.repository.databases.DBUtils - Connection opened successfully.
2025-03-20 08:23:47,448 [1] INFO LabMPP.repository.databases.ReservationRepository - Finding Reservation
2025-03-20 08:23:47,449 [1] INFO LabMPP.repository.databases.DBUtils - Connection opened successfully.
2025-03-20 08:23:47,450 [1] INFO LabMPP.repository.databases.TripRepoRepository - Finding Trip
2025-03-20 08:23:47,452 [1] INFO LabMPP.repository.databases.DBUtils - Connection opened successfully.
2025-03-20 08:23:47,455 [1] INFO LabMPP.repository.databases.ReservationRepository - Finding Reservation
2025-03-20 08:23:47,456 [1] INFO LabMPP.repository.databases.DBUtils - Connection opened successfully.
2025-03-20 08:23:47,457 [1] INFO LabMPP.repository.databases.TripRepoRepository - Finding Trip
2025-03-20 08:23:47,459 [1] INFO LabMPP.repository.databases.DBUtils - Connection opened successfully.
2025-03-20 08:23:47,460 [1] INFO LabMPP.repository.databases.ReservationRepository - Finding Reservation
2025-03-20 08:23:47,462 [1] INFO LabMPP.repository.databases.DBUtils - Connection opened successfully.
2025-03-20 08:23:47,463 [1] INFO LabMPP.repository.databases.TripRepoRepository - Finding Trip
2025-03-20 08:23:47,464 [1] INFO LabMPP.repository.databases.DBUtils - Connection opened successfully.
2025-03-20 08:23:47,466 [1] INFO LabMPP.repository.databases.ReservationRepository - Finding Reservation
2025-03-20 08:23:47,467 [1] INFO LabMPP.repository.databases.DBUtils - Connection opened successfully.
2025-03-20 08:23:47,469 [1] INFO LabMPP.repository.databases.TripRepoRepository - Finding Trip
2025-03-20 08:23:47,471 [1] INFO LabMPP.repository.databases.DBUtils - Connection opened successfully.
2025-03-20 08:23:47,472 [1] INFO LabMPP.repository.databases.ReservationRepository - Finding Reservation
2025-03-20 08:23:47,473 [1] INFO LabMPP.repository.databases.DBUtils - Connection opened successfully.
2025-03-20 08:23:47,474 [1] INFO LabMPP.repository.databases.TripRepoRepository - Finding Trip
2025-03-20 08:23:47,475 [1] INFO LabMPP.repository.databases.DBUtils - Connection opened successfully.
2025-03-20 08:23:47,476 [1] INFO LabMPP.repository.databases.ReservationRepository - Finding Reservation
2025-03-20 08:23:47,477 [1] INFO LabMPP.repository.databases.DBUtils - Connection opened successfully.
2025-03-20 08:23:47,478 [1] INFO LabMPP.repository.databases.TripRepoRepository - Finding Trip
2025-03-20 08:23:47,480 [1] INFO LabMPP.repository.databases.DBUtils - Connection opened successfully.
2025-03-20 08:23:47,481 [1] INFO LabMPP.repository.databases.ReservationRepository - Finding Reservation
2025-03-20 08:23:47,482 [1] INFO LabMPP.repository.databases.DBUtils - Connection opened successfully.
2025-03-20 08:23:47,483 [1] INFO LabMPP.repository.databases.TripRepoRepository - Finding Trip
2025-03-20 08:23:47,488 [1] INFO LabMPP.repository.databases.DBUtils - Connection opened successfully.
2025-03-20 08:23:47,489 [1] INFO LabMPP.repository.databases.ReservationRepository - Finding Reservation
2025-03-20 08:23:47,491 [1] INFO LabMPP.repository.databases.DBUtils - Connection opened successfully.
2025-03-20 08:23:47,493 [1] INFO LabMPP.repository.databases.TripRepoRepository - Finding Trip
2025-03-20 08:23:47,494 [1] INFO LabMPP.repository.databases.DBUtils - Connection opened successfully.
2025-03-20 08:23:47,495 [1] INFO LabMPP.repository.databases.ReservationRepository - Finding Reservation
2025-03-20 08:23:47,497 [1] INFO LabMPP.repository.databases.DBUtils - Connection opened successfully.
2025-03-20 08:23:47,498 [1] INFO LabMPP.repository.databases.TripRepoRepository - Finding Trip
2025-03-20 08:23:47,500 [1] INFO LabMPP.repository.databases.DBUtils - Connection opened successfully.
2025-03-20 08:23:47,502 [1] INFO LabMPP.repository.databases.ReservationRepository - Finding Reservation
2025-03-20 08:23:47,504 [1] INFO LabMPP.repository.databases.DBUtils - Connection opened successfully.
2025-03-20 08:23:47,505 [1] INFO LabMPP.repository.databases.TripRepoRepository - Finding Trip
2025-03-20 08:23:47,507 [1] INFO LabMPP.repository.databases.DBUtils - Connection opened successfully.
2025-03-20 08:24:00,338 [1] INFO LabMPP.service.Service - Getting manager by name
2025-03-20 08:24:00,339 [1] INFO LabMPP.repository.databases.ManagerRepository - Finding all Managers
2025-03-20 08:24:00,341 [1] INFO LabMPP.repository.databases.DBUtils - Connection opened successfully.
2025-03-20 08:24:00,369 [1] INFO LabMPP.service.Service - Getting all trips
2025-03-20 08:24:00,369 [1] INFO LabMPP.repository.databases.TripRepoRepository - Finding all Trips
2025-03-20 08:24:00,371 [1] INFO LabMPP.repository.databases.DBUtils - Connection opened successfully.
2025-03-20 08:24:34,446 [1] INFO LabMPP.repository.databases.TripRepoRepository - Creating TripRepository
2025-03-20 08:24:34,474 [1] INFO LabMPP.repository.databases.ManagerRepository - Creating ManagerRepository
2025-03-20 08:24:34,475 [1] INFO LabMPP.repository.databases.ReservationRepository - Creating TripRepository
2025-03-20 08:24:34,476 [1] INFO LabMPP.repository.databases.TripRepoRepository - Creating TripRepository
2025-03-20 08:24:34,476 [1] INFO Program - Aplicația a pornit!
2025-03-20 08:24:34,602 [1] INFO LabMPP.repository.databases.DBUtils - Connection opened successfully.
2025-03-20 08:24:34,613 [1] INFO Program - Test connection successful
2025-03-20 08:24:34,615 [1] INFO LabMPP.repository.databases.TripRepoRepository - Creating TripRepository
2025-03-20 08:24:34,616 [1] INFO LabMPP.repository.databases.TripRepoRepository - Finding all Trips
2025-03-20 08:24:34,617 [1] INFO LabMPP.repository.databases.DBUtils - Connection opened successfully.
2025-03-20 08:24:34,646 [1] INFO LabMPP.repository.databases.TripRepoRepository - Finding all Trips
2025-03-20 08:24:34,648 [1] INFO LabMPP.repository.databases.DBUtils - Connection opened successfully.
2025-03-20 08:24:34,663 [1] INFO LabMPP.repository.databases.TripRepoRepository - Saving Trip
2025-03-20 08:24:34,665 [1] INFO LabMPP.repository.databases.DBUtils - Connection opened successfully.
2025-03-20 08:24:34,685 [1] INFO LabMPP.repository.databases.TripRepoRepository - Finding all Trips
2025-03-20 08:24:34,690 [1] INFO LabMPP.repository.databases.DBUtils - Connection opened successfully.
2025-03-20 08:24:34,702 [1] INFO LabMPP.repository.databases.ManagerRepository - Creating ManagerRepository
2025-03-20 08:24:34,703 [1] INFO LabMPP.repository.databases.ManagerRepository - Finding all Managers
2025-03-20 08:24:34,705 [1] INFO LabMPP.repository.databases.DBUtils - Connection opened successfully.
2025-03-20 08:24:34,708 [1] INFO LabMPP.repository.databases.ManagerRepository - Finding all Managers
2025-03-20 08:24:34,709 [1] INFO LabMPP.repository.databases.DBUtils - Connection opened successfully.
2025-03-20 08:24:34,718 [1] INFO LabMPP.repository.databases.ManagerRepository - Saving Manager
2025-03-20 08:24:34,720 [1] INFO LabMPP.repository.databases.DBUtils - Connection opened successfully.
2025-03-20 08:24:34,726 [1] INFO LabMPP.repository.databases.ManagerRepository - Finding all Managers
2025-03-20 08:24:34,731 [1] INFO LabMPP.repository.databases.DBUtils - Connection opened successfully.
2025-03-20 08:24:34,739 [1] INFO LabMPP.repository.databases.ReservationRepository - Creating TripRepository
2025-03-20 08:24:34,740 [1] INFO LabMPP.repository.databases.TripRepoRepository - Creating TripRepository
2025-03-20 08:24:34,741 [1] INFO LabMPP.repository.databases.ReservationRepository - Finding all Reservations
2025-03-20 08:24:34,743 [1] INFO LabMPP.repository.databases.DBUtils - Connection opened successfully.
2025-03-20 08:24:34,745 [1] INFO LabMPP.repository.databases.ReservationRepository - Finding Reservation
2025-03-20 08:24:34,746 [1] INFO LabMPP.repository.databases.DBUtils - Connection opened successfully.
2025-03-20 08:24:34,749 [1] INFO LabMPP.repository.databases.TripRepoRepository - Finding Trip
2025-03-20 08:24:34,750 [1] INFO LabMPP.repository.databases.DBUtils - Connection opened successfully.
2025-03-20 08:24:34,756 [1] INFO LabMPP.repository.databases.ReservationRepository - Finding Reservation
2025-03-20 08:24:34,757 [1] INFO LabMPP.repository.databases.DBUtils - Connection opened successfully.
2025-03-20 08:24:34,758 [1] INFO LabMPP.repository.databases.TripRepoRepository - Finding Trip
2025-03-20 08:24:34,759 [1] INFO LabMPP.repository.databases.DBUtils - Connection opened successfully.
2025-03-20 08:24:34,761 [1] INFO LabMPP.repository.databases.ReservationRepository - Finding Reservation
2025-03-20 08:24:34,762 [1] INFO LabMPP.repository.databases.DBUtils - Connection opened successfully.
2025-03-20 08:24:34,763 [1] INFO LabMPP.repository.databases.TripRepoRepository - Finding Trip
2025-03-20 08:24:34,764 [1] INFO LabMPP.repository.databases.DBUtils - Connection opened successfully.
2025-03-20 08:24:34,766 [1] INFO LabMPP.repository.databases.ReservationRepository - Finding Reservation
2025-03-20 08:24:34,767 [1] INFO LabMPP.repository.databases.DBUtils - Connection opened successfully.
2025-03-20 08:24:34,768 [1] INFO LabMPP.repository.databases.TripRepoRepository - Finding Trip
2025-03-20 08:24:34,769 [1] INFO LabMPP.repository.databases.DBUtils - Connection opened successfully.
2025-03-20 08:24:34,770 [1] INFO LabMPP.repository.databases.ReservationRepository - Finding Reservation
2025-03-20 08:24:34,772 [1] INFO LabMPP.repository.databases.DBUtils - Connection opened successfully.
2025-03-20 08:24:34,773 [1] INFO LabMPP.repository.databases.TripRepoRepository - Finding Trip
2025-03-20 08:24:34,774 [1] INFO LabMPP.repository.databases.DBUtils - Connection opened successfully.
2025-03-20 08:24:34,775 [1] INFO LabMPP.repository.databases.ReservationRepository - Finding Reservation
2025-03-20 08:24:34,776 [1] INFO LabMPP.repository.databases.DBUtils - Connection opened successfully.
2025-03-20 08:24:34,777 [1] INFO LabMPP.repository.databases.TripRepoRepository - Finding Trip
2025-03-20 08:24:34,779 [1] INFO LabMPP.repository.databases.DBUtils - Connection opened successfully.
2025-03-20 08:24:34,780 [1] INFO LabMPP.repository.databases.ReservationRepository - Finding Reservation
2025-03-20 08:24:34,781 [1] INFO LabMPP.repository.databases.DBUtils - Connection opened successfully.
2025-03-20 08:24:34,782 [1] INFO LabMPP.repository.databases.TripRepoRepository - Finding Trip
2025-03-20 08:24:34,784 [1] INFO LabMPP.repository.databases.DBUtils - Connection opened successfully.
2025-03-20 08:24:34,785 [1] INFO LabMPP.repository.databases.ReservationRepository - Finding Reservation
2025-03-20 08:24:34,786 [1] INFO LabMPP.repository.databases.DBUtils - Connection opened successfully.
2025-03-20 08:24:34,787 [1] INFO LabMPP.repository.databases.TripRepoRepository - Finding Trip
2025-03-20 08:24:34,788 [1] INFO LabMPP.repository.databases.DBUtils - Connection opened successfully.
2025-03-20 08:24:34,789 [1] INFO LabMPP.repository.databases.ReservationRepository - Finding Reservation
2025-03-20 08:24:34,790 [1] INFO LabMPP.repository.databases.DBUtils - Connection opened successfully.
2025-03-20 08:24:34,792 [1] INFO LabMPP.repository.databases.TripRepoRepository - Finding Trip
2025-03-20 08:24:34,793 [1] INFO LabMPP.repository.databases.DBUtils - Connection opened successfully.
2025-03-20 08:24:34,794 [1] INFO LabMPP.repository.databases.ReservationRepository - Finding Reservation
2025-03-20 08:24:34,795 [1] INFO LabMPP.repository.databases.DBUtils - Connection opened successfully.
2025-03-20 08:24:34,796 [1] INFO LabMPP.repository.databases.TripRepoRepository - Finding Trip
2025-03-20 08:24:34,797 [1] INFO LabMPP.repository.databases.DBUtils - Connection opened successfully.
2025-03-20 08:24:34,799 [1] INFO LabMPP.repository.databases.ReservationRepository - Finding Reservation
2025-03-20 08:24:34,800 [1] INFO LabMPP.repository.databases.DBUtils - Connection opened successfully.
2025-03-20 08:24:34,801 [1] INFO LabMPP.repository.databases.TripRepoRepository - Finding Trip
2025-03-20 08:24:34,802 [1] INFO LabMPP.repository.databases.DBUtils - Connection opened successfully.
2025-03-20 08:24:34,803 [1] INFO LabMPP.repository.databases.ReservationRepository - Finding Reservation
2025-03-20 08:24:34,805 [1] INFO LabMPP.repository.databases.DBUtils - Connection opened successfully.
2025-03-20 08:24:34,806 [1] INFO LabMPP.repository.databases.TripRepoRepository - Finding Trip
2025-03-20 08:24:34,807 [1] INFO LabMPP.repository.databases.DBUtils - Connection opened successfully.
2025-03-20 08:24:34,808 [1] INFO LabMPP.repository.databases.ReservationRepository - Finding Reservation
2025-03-20 08:24:34,809 [1] INFO LabMPP.repository.databases.DBUtils - Connection opened successfully.
2025-03-20 08:24:34,810 [1] INFO LabMPP.repository.databases.TripRepoRepository - Finding Trip
2025-03-20 08:24:34,812 [1] INFO LabMPP.repository.databases.DBUtils - Connection opened successfully.
2025-03-20 08:24:34,813 [1] INFO LabMPP.repository.databases.ReservationRepository - Finding Reservation
2025-03-20 08:24:34,814 [1] INFO LabMPP.repository.databases.DBUtils - Connection opened successfully.
2025-03-20 08:24:34,815 [1] INFO LabMPP.repository.databases.TripRepoRepository - Finding Trip
2025-03-20 08:24:34,817 [1] INFO LabMPP.repository.databases.DBUtils - Connection opened successfully.
2025-03-20 08:24:34,818 [1] INFO LabMPP.repository.databases.ReservationRepository - Finding Reservation
2025-03-20 08:24:34,819 [1] INFO LabMPP.repository.databases.DBUtils - Connection opened successfully.
2025-03-20 08:24:34,820 [1] INFO LabMPP.repository.databases.TripRepoRepository - Finding Trip
2025-03-20 08:24:34,821 [1] INFO LabMPP.repository.databases.DBUtils - Connection opened successfully.
2025-03-20 08:24:34,822 [1] INFO LabMPP.repository.databases.ReservationRepository - Finding Reservation
2025-03-20 08:24:34,824 [1] INFO LabMPP.repository.databases.DBUtils - Connection opened successfully.
2025-03-20 08:24:34,825 [1] INFO LabMPP.repository.databases.TripRepoRepository - Finding Trip
2025-03-20 08:24:34,826 [1] INFO LabMPP.repository.databases.DBUtils - Connection opened successfully.
2025-03-20 08:24:34,827 [1] INFO LabMPP.repository.databases.ReservationRepository - Finding Reservation
2025-03-20 08:24:34,828 [1] INFO LabMPP.repository.databases.DBUtils - Connection opened successfully.
2025-03-20 08:24:34,830 [1] INFO LabMPP.repository.databases.TripRepoRepository - Finding Trip
2025-03-20 08:24:34,831 [1] INFO LabMPP.repository.databases.DBUtils - Connection opened successfully.
2025-03-20 08:24:34,832 [1] INFO LabMPP.repository.databases.ReservationRepository - Finding Reservation
2025-03-20 08:24:34,833 [1] INFO LabMPP.repository.databases.DBUtils - Connection opened successfully.
2025-03-20 08:24:34,834 [1] INFO LabMPP.repository.databases.TripRepoRepository - Finding Trip
2025-03-20 08:24:34,835 [1] INFO LabMPP.repository.databases.DBUtils - Connection opened successfully.
2025-03-20 08:24:34,836 [1] INFO LabMPP.repository.databases.ReservationRepository - Finding Reservation
2025-03-20 08:24:34,838 [1] INFO LabMPP.repository.databases.DBUtils - Connection opened successfully.
2025-03-20 08:24:34,839 [1] INFO LabMPP.repository.databases.TripRepoRepository - Finding Trip
2025-03-20 08:24:34,840 [1] INFO LabMPP.repository.databases.DBUtils - Connection opened successfully.
2025-03-20 08:24:34,841 [1] INFO LabMPP.repository.databases.ReservationRepository - Finding Reservation
2025-03-20 08:24:34,843 [1] INFO LabMPP.repository.databases.DBUtils - Connection opened successfully.
2025-03-20 08:24:34,844 [1] INFO LabMPP.repository.databases.TripRepoRepository - Finding Trip
2025-03-20 08:24:34,845 [1] INFO LabMPP.repository.databases.DBUtils - Connection opened successfully.
2025-03-20 08:24:34,846 [1] INFO LabMPP.repository.databases.ReservationRepository - Finding Reservation
2025-03-20 08:24:34,847 [1] INFO LabMPP.repository.databases.DBUtils - Connection opened successfully.
2025-03-20 08:24:34,848 [1] INFO LabMPP.repository.databases.TripRepoRepository - Finding Trip
2025-03-20 08:24:34,849 [1] INFO LabMPP.repository.databases.DBUtils - Connection opened successfully.
2025-03-20 08:24:34,850 [1] INFO LabMPP.repository.databases.ReservationRepository - Finding Reservation
2025-03-20 08:24:34,852 [1] INFO LabMPP.repository.databases.DBUtils - Connection opened successfully.
2025-03-20 08:24:34,853 [1] INFO LabMPP.repository.databases.TripRepoRepository - Finding Trip
2025-03-20 08:24:34,854 [1] INFO LabMPP.repository.databases.DBUtils - Connection opened successfully.
2025-03-20 08:24:34,855 [1] INFO LabMPP.repository.databases.ReservationRepository - Finding Reservation
2025-03-20 08:24:34,856 [1] INFO LabMPP.repository.databases.DBUtils - Connection opened successfully.
2025-03-20 08:24:34,857 [1] INFO LabMPP.repository.databases.TripRepoRepository - Finding Trip
2025-03-20 08:24:34,859 [1] INFO LabMPP.repository.databases.DBUtils - Connection opened successfully.
2025-03-20 08:24:34,860 [1] INFO LabMPP.repository.databases.ReservationRepository - Finding Reservation
2025-03-20 08:24:34,861 [1] INFO LabMPP.repository.databases.DBUtils - Connection opened successfully.
2025-03-20 08:24:34,862 [1] INFO LabMPP.repository.databases.TripRepoRepository - Finding Trip
2025-03-20 08:24:34,863 [1] INFO LabMPP.repository.databases.DBUtils - Connection opened successfully.
2025-03-20 08:24:34,864 [1] INFO LabMPP.repository.databases.ReservationRepository - Finding Reservation
2025-03-20 08:24:34,866 [1] INFO LabMPP.repository.databases.DBUtils - Connection opened successfully.
2025-03-20 08:24:34,867 [1] INFO LabMPP.repository.databases.TripRepoRepository - Finding Trip
2025-03-20 08:24:34,868 [1] INFO LabMPP.repository.databases.DBUtils - Connection opened successfully.
2025-03-20 08:24:34,869 [1] INFO LabMPP.repository.databases.ReservationRepository - Finding Reservation
2025-03-20 08:24:34,870 [1] INFO LabMPP.repository.databases.DBUtils - Connection opened successfully.
2025-03-20 08:24:34,871 [1] INFO LabMPP.repository.databases.TripRepoRepository - Finding Trip
2025-03-20 08:24:34,873 [1] INFO LabMPP.repository.databases.DBUtils - Connection opened successfully.
2025-03-20 08:24:34,874 [1] INFO LabMPP.repository.databases.ReservationRepository - Finding Reservation
2025-03-20 08:24:34,875 [1] INFO LabMPP.repository.databases.DBUtils - Connection opened successfully.
2025-03-20 08:24:34,876 [1] INFO LabMPP.repository.databases.TripRepoRepository - Finding Trip
2025-03-20 08:24:34,877 [1] INFO LabMPP.repository.databases.DBUtils - Connection opened successfully.
2025-03-20 08:24:34,878 [1] INFO LabMPP.repository.databases.ReservationRepository - Finding Reservation
2025-03-20 08:24:34,880 [1] INFO LabMPP.repository.databases.DBUtils - Connection opened successfully.
2025-03-20 08:24:34,881 [1] INFO LabMPP.repository.databases.TripRepoRepository - Finding Trip
2025-03-20 08:24:34,882 [1] INFO LabMPP.repository.databases.DBUtils - Connection opened successfully.
2025-03-20 08:24:34,884 [1] INFO LabMPP.repository.databases.ReservationRepository - Finding all Reservations
2025-03-20 08:24:34,885 [1] INFO LabMPP.repository.databases.DBUtils - Connection opened successfully.
2025-03-20 08:24:34,886 [1] INFO LabMPP.repository.databases.ReservationRepository - Finding Reservation
2025-03-20 08:24:34,887 [1] INFO LabMPP.repository.databases.DBUtils - Connection opened successfully.
2025-03-20 08:24:34,888 [1] INFO LabMPP.repository.databases.TripRepoRepository - Finding Trip
2025-03-20 08:24:34,890 [1] INFO LabMPP.repository.databases.DBUtils - Connection opened successfully.
2025-03-20 08:24:34,891 [1] INFO LabMPP.repository.databases.ReservationRepository - Finding Reservation
2025-03-20 08:24:34,892 [1] INFO LabMPP.repository.databases.DBUtils - Connection opened successfully.
2025-03-20 08:24:34,893 [1] INFO LabMPP.repository.databases.TripRepoRepository - Finding Trip
2025-03-20 08:24:34,894 [1] INFO LabMPP.repository.databases.DBUtils - Connection opened successfully.
2025-03-20 08:24:34,895 [1] INFO LabMPP.repository.databases.ReservationRepository - Finding Reservation
2025-03-20 08:24:34,896 [1] INFO LabMPP.repository.databases.DBUtils - Connection opened successfully.
2025-03-20 08:24:34,898 [1] INFO LabMPP.repository.databases.TripRepoRepository - Finding Trip
2025-03-20 08:24:34,899 [1] INFO LabMPP.repository.databases.DBUtils - Connection opened successfully.
2025-03-20 08:24:34,900 [1] INFO LabMPP.repository.databases.ReservationRepository - Finding Reservation
2025-03-20 08:24:34,901 [1] INFO LabMPP.repository.databases.DBUtils - Connection opened successfully.
2025-03-20 08:24:34,902 [1] INFO LabMPP.repository.databases.TripRepoRepository - Finding Trip
2025-03-20 08:24:34,904 [1] INFO LabMPP.repository.databases.DBUtils - Connection opened successfully.
2025-03-20 08:24:34,905 [1] INFO LabMPP.repository.databases.ReservationRepository - Finding Reservation
2025-03-20 08:24:34,906 [1] INFO LabMPP.repository.databases.DBUtils - Connection opened successfully.
2025-03-20 08:24:34,907 [1] INFO LabMPP.repository.databases.TripRepoRepository - Finding Trip
2025-03-20 08:24:34,908 [1] INFO LabMPP.repository.databases.DBUtils - Connection opened successfully.
2025-03-20 08:24:34,909 [1] INFO LabMPP.repository.databases.ReservationRepository - Finding Reservation
2025-03-20 08:24:34,911 [1] INFO LabMPP.repository.databases.DBUtils - Connection opened successfully.
2025-03-20 08:24:34,912 [1] INFO LabMPP.repository.databases.TripRepoRepository - Finding Trip
2025-03-20 08:24:34,913 [1] INFO LabMPP.repository.databases.DBUtils - Connection opened successfully.
2025-03-20 08:24:34,914 [1] INFO LabMPP.repository.databases.ReservationRepository - Finding Reservation
2025-03-20 08:24:34,919 [1] INFO LabMPP.repository.databases.DBUtils - Connection opened successfully.
2025-03-20 08:24:34,921 [1] INFO LabMPP.repository.databases.TripRepoRepository - Finding Trip
2025-03-20 08:24:34,922 [1] INFO LabMPP.repository.databases.DBUtils - Connection opened successfully.
2025-03-20 08:24:34,923 [1] INFO LabMPP.repository.databases.ReservationRepository - Finding Reservation
2025-03-20 08:24:34,924 [1] INFO LabMPP.repository.databases.DBUtils - Connection opened successfully.
2025-03-20 08:24:34,925 [1] INFO LabMPP.repository.databases.TripRepoRepository - Finding Trip
2025-03-20 08:24:34,926 [1] INFO LabMPP.repository.databases.DBUtils - Connection opened successfully.
2025-03-20 08:24:34,927 [1] INFO LabMPP.repository.databases.ReservationRepository - Finding Reservation
2025-03-20 08:24:34,928 [1] INFO LabMPP.repository.databases.DBUtils - Connection opened successfully.
2025-03-20 08:24:34,929 [1] INFO LabMPP.repository.databases.TripRepoRepository - Finding Trip
2025-03-20 08:24:34,931 [1] INFO LabMPP.repository.databases.DBUtils - Connection opened successfully.
2025-03-20 08:24:34,932 [1] INFO LabMPP.repository.databases.ReservationRepository - Finding Reservation
2025-03-20 08:24:34,933 [1] INFO LabMPP.repository.databases.DBUtils - Connection opened successfully.
2025-03-20 08:24:34,934 [1] INFO LabMPP.repository.databases.TripRepoRepository - Finding Trip
2025-03-20 08:24:34,935 [1] INFO LabMPP.repository.databases.DBUtils - Connection opened successfully.
2025-03-20 08:24:34,936 [1] INFO LabMPP.repository.databases.ReservationRepository - Finding Reservation
2025-03-20 08:24:34,938 [1] INFO LabMPP.repository.databases.DBUtils - Connection opened successfully.
2025-03-20 08:24:34,939 [1] INFO LabMPP.repository.databases.TripRepoRepository - Finding Trip
2025-03-20 08:24:34,940 [1] INFO LabMPP.repository.databases.DBUtils - Connection opened successfully.
2025-03-20 08:24:34,942 [1] INFO LabMPP.repository.databases.ReservationRepository - Finding Reservation
2025-03-20 08:24:34,943 [1] INFO LabMPP.repository.databases.DBUtils - Connection opened successfully.
2025-03-20 08:24:34,944 [1] INFO LabMPP.repository.databases.TripRepoRepository - Finding Trip
2025-03-20 08:24:34,946 [1] INFO LabMPP.repository.databases.DBUtils - Connection opened successfully.
2025-03-20 08:24:34,948 [1] INFO LabMPP.repository.databases.ReservationRepository - Finding Reservation
2025-03-20 08:24:34,949 [1] INFO LabMPP.repository.databases.DBUtils - Connection opened successfully.
2025-03-20 08:24:34,950 [1] INFO LabMPP.repository.databases.TripRepoRepository - Finding Trip
2025-03-20 08:24:34,952 [1] INFO LabMPP.repository.databases.DBUtils - Connection opened successfully.
2025-03-20 08:24:34,953 [1] INFO LabMPP.repository.databases.ReservationRepository - Finding Reservation
2025-03-20 08:24:34,954 [1] INFO LabMPP.repository.databases.DBUtils - Connection opened successfully.
2025-03-20 08:24:34,956 [1] INFO LabMPP.repository.databases.TripRepoRepository - Finding Trip
2025-03-20 08:24:34,957 [1] INFO LabMPP.repository.databases.DBUtils - Connection opened successfully.
2025-03-20 08:24:34,959 [1] INFO LabMPP.repository.databases.ReservationRepository - Finding Reservation
2025-03-20 08:24:34,961 [1] INFO LabMPP.repository.databases.DBUtils - Connection opened successfully.
2025-03-20 08:24:34,962 [1] INFO LabMPP.repository.databases.TripRepoRepository - Finding Trip
2025-03-20 08:24:34,964 [1] INFO LabMPP.repository.databases.DBUtils - Connection opened successfully.
2025-03-20 08:24:34,965 [1] INFO LabMPP.repository.databases.ReservationRepository - Finding Reservation
2025-03-20 08:24:34,967 [1] INFO LabMPP.repository.databases.DBUtils - Connection opened successfully.
2025-03-20 08:24:34,968 [1] INFO LabMPP.repository.databases.TripRepoRepository - Finding Trip
2025-03-20 08:24:34,970 [1] INFO LabMPP.repository.databases.DBUtils - Connection opened successfully.
2025-03-20 08:24:34,971 [1] INFO LabMPP.repository.databases.ReservationRepository - Finding Reservation
2025-03-20 08:24:34,972 [1] INFO LabMPP.repository.databases.DBUtils - Connection opened successfully.
2025-03-20 08:24:34,973 [1] INFO LabMPP.repository.databases.TripRepoRepository - Finding Trip
2025-03-20 08:24:34,975 [1] INFO LabMPP.repository.databases.DBUtils - Connection opened successfully.
2025-03-20 08:24:34,976 [1] INFO LabMPP.repository.databases.ReservationRepository - Finding Reservation
2025-03-20 08:24:34,978 [1] INFO LabMPP.repository.databases.DBUtils - Connection opened successfully.
2025-03-20 08:24:34,979 [1] INFO LabMPP.repository.databases.TripRepoRepository - Finding Trip
2025-03-20 08:24:34,980 [1] INFO LabMPP.repository.databases.DBUtils - Connection opened successfully.
2025-03-20 08:24:34,982 [1] INFO LabMPP.repository.databases.ReservationRepository - Finding Reservation
2025-03-20 08:24:34,984 [1] INFO LabMPP.repository.databases.DBUtils - Connection opened successfully.
2025-03-20 08:24:34,985 [1] INFO LabMPP.repository.databases.TripRepoRepository - Finding Trip
2025-03-20 08:24:34,986 [1] INFO LabMPP.repository.databases.DBUtils - Connection opened successfully.
2025-03-20 08:24:34,987 [1] INFO LabMPP.repository.databases.ReservationRepository - Finding Reservation
2025-03-20 08:24:34,989 [1] INFO LabMPP.repository.databases.DBUtils - Connection opened successfully.
2025-03-20 08:24:34,990 [1] INFO LabMPP.repository.databases.TripRepoRepository - Finding Trip
2025-03-20 08:24:34,991 [1] INFO LabMPP.repository.databases.DBUtils - Connection opened successfully.
2025-03-20 08:24:34,992 [1] INFO LabMPP.repository.databases.ReservationRepository - Finding Reservation
2025-03-20 08:24:34,994 [1] INFO LabMPP.repository.databases.DBUtils - Connection opened successfully.
2025-03-20 08:24:34,995 [1] INFO LabMPP.repository.databases.TripRepoRepository - Finding Trip
2025-03-20 08:24:34,997 [1] INFO LabMPP.repository.databases.DBUtils - Connection opened successfully.
2025-03-20 08:24:34,998 [1] INFO LabMPP.repository.databases.ReservationRepository - Finding Reservation
2025-03-20 08:24:34,999 [1] INFO LabMPP.repository.databases.DBUtils - Connection opened successfully.
2025-03-20 08:24:35,000 [1] INFO LabMPP.repository.databases.TripRepoRepository - Finding Trip
2025-03-20 08:24:35,001 [1] INFO LabMPP.repository.databases.DBUtils - Connection opened successfully.
2025-03-20 08:24:35,003 [1] INFO LabMPP.repository.databases.ReservationRepository - Finding Reservation
2025-03-20 08:24:35,004 [1] INFO LabMPP.repository.databases.DBUtils - Connection opened successfully.
2025-03-20 08:24:35,005 [1] INFO LabMPP.repository.databases.TripRepoRepository - Finding Trip
2025-03-20 08:24:35,006 [1] INFO LabMPP.repository.databases.DBUtils - Connection opened successfully.
2025-03-20 08:24:35,007 [1] INFO LabMPP.repository.databases.ReservationRepository - Finding Reservation
2025-03-20 08:24:35,009 [1] INFO LabMPP.repository.databases.DBUtils - Connection opened successfully.
2025-03-20 08:24:35,010 [1] INFO LabMPP.repository.databases.TripRepoRepository - Finding Trip
2025-03-20 08:24:35,011 [1] INFO LabMPP.repository.databases.DBUtils - Connection opened successfully.
2025-03-20 08:24:35,012 [1] INFO LabMPP.repository.databases.ReservationRepository - Finding Reservation
2025-03-20 08:24:35,012 [1] INFO LabMPP.repository.databases.DBUtils - Connection opened successfully.
2025-03-20 08:24:35,013 [1] INFO LabMPP.repository.databases.TripRepoRepository - Finding Trip
2025-03-20 08:24:35,014 [1] INFO LabMPP.repository.databases.DBUtils - Connection opened successfully.
2025-03-20 08:24:35,015 [1] INFO LabMPP.repository.databases.ReservationRepository - Finding Reservation
2025-03-20 08:24:35,016 [1] INFO LabMPP.repository.databases.DBUtils - Connection opened successfully.
2025-03-20 08:24:35,017 [1] INFO LabMPP.repository.databases.TripRepoRepository - Finding Trip
2025-03-20 08:24:35,018 [1] INFO LabMPP.repository.databases.DBUtils - Connection opened successfully.
2025-03-20 08:24:35,019 [1] INFO LabMPP.repository.databases.ReservationRepository - Finding Reservation
2025-03-20 08:24:35,020 [1] INFO LabMPP.repository.databases.DBUtils - Connection opened successfully.
2025-03-20 08:24:35,021 [1] INFO LabMPP.repository.databases.TripRepoRepository - Finding Trip
2025-03-20 08:24:35,022 [1] INFO LabMPP.repository.databases.DBUtils - Connection opened successfully.
2025-03-20 08:24:35,023 [1] INFO LabMPP.repository.databases.ReservationRepository - Finding Reservation
2025-03-20 08:24:35,024 [1] INFO LabMPP.repository.databases.DBUtils - Connection opened successfully.
2025-03-20 08:24:35,025 [1] INFO LabMPP.repository.databases.TripRepoRepository - Finding Trip
2025-03-20 08:24:35,026 [1] INFO LabMPP.repository.databases.DBUtils - Connection opened successfully.
2025-03-20 08:24:35,035 [1] INFO LabMPP.repository.databases.ReservationRepository - Saving Reservation
2025-03-20 08:24:35,037 [1] INFO LabMPP.repository.databases.DBUtils - Connection opened successfully.
2025-03-20 08:24:35,052 [1] INFO LabMPP.repository.databases.ReservationRepository - Finding all Reservations
2025-03-20 08:24:35,057 [1] INFO LabMPP.repository.databases.DBUtils - Connection opened successfully.
2025-03-20 08:24:35,058 [1] INFO LabMPP.repository.databases.ReservationRepository - Finding Reservation
2025-03-20 08:24:35,060 [1] INFO LabMPP.repository.databases.DBUtils - Connection opened successfully.
2025-03-20 08:24:35,061 [1] INFO LabMPP.repository.databases.TripRepoRepository - Finding Trip
2025-03-20 08:24:35,063 [1] INFO LabMPP.repository.databases.DBUtils - Connection opened successfully.
2025-03-20 08:24:35,064 [1] INFO LabMPP.repository.databases.ReservationRepository - Finding Reservation
2025-03-20 08:24:35,066 [1] INFO LabMPP.repository.databases.DBUtils - Connection opened successfully.
2025-03-20 08:24:35,067 [1] INFO LabMPP.repository.databases.TripRepoRepository - Finding Trip
2025-03-20 08:24:35,068 [1] INFO LabMPP.repository.databases.DBUtils - Connection opened successfully.
2025-03-20 08:24:35,070 [1] INFO LabMPP.repository.databases.ReservationRepository - Finding Reservation
2025-03-20 08:24:35,071 [1] INFO LabMPP.repository.databases.DBUtils - Connection opened successfully.
2025-03-20 08:24:35,072 [1] INFO LabMPP.repository.databases.TripRepoRepository - Finding Trip
2025-03-20 08:24:35,074 [1] INFO LabMPP.repository.databases.DBUtils - Connection opened successfully.
2025-03-20 08:24:35,075 [1] INFO LabMPP.repository.databases.ReservationRepository - Finding Reservation
2025-03-20 08:24:35,077 [1] INFO LabMPP.repository.databases.DBUtils - Connection opened successfully.
2025-03-20 08:24:35,078 [1] INFO LabMPP.repository.databases.TripRepoRepository - Finding Trip
2025-03-20 08:24:35,079 [1] INFO LabMPP.repository.databases.DBUtils - Connection opened successfully.
2025-03-20 08:24:35,081 [1] INFO LabMPP.repository.databases.ReservationRepository - Finding Reservation
2025-03-20 08:24:35,082 [1] INFO LabMPP.repository.databases.DBUtils - Connection opened successfully.
2025-03-20 08:24:35,083 [1] INFO LabMPP.repository.databases.TripRepoRepository - Finding Trip
2025-03-20 08:24:35,085 [1] INFO LabMPP.repository.databases.DBUtils - Connection opened successfully.
2025-03-20 08:24:35,086 [1] INFO LabMPP.repository.databases.ReservationRepository - Finding Reservation
2025-03-20 08:24:35,088 [1] INFO LabMPP.repository.databases.DBUtils - Connection opened successfully.
2025-03-20 08:24:35,089 [1] INFO LabMPP.repository.databases.TripRepoRepository - Finding Trip
2025-03-20 08:24:35,090 [1] INFO LabMPP.repository.databases.DBUtils - Connection opened successfully.
2025-03-20 08:24:35,091 [1] INFO LabMPP.repository.databases.ReservationRepository - Finding Reservation
2025-03-20 08:24:35,092 [1] INFO LabMPP.repository.databases.DBUtils - Connection opened successfully.
2025-03-20 08:24:35,093 [1] INFO LabMPP.repository.databases.TripRepoRepository - Finding Trip
2025-03-20 08:24:35,095 [1] INFO LabMPP.repository.databases.DBUtils - Connection opened successfully.
2025-03-20 08:24:35,096 [1] INFO LabMPP.repository.databases.ReservationRepository - Finding Reservation
2025-03-20 08:24:35,097 [1] INFO LabMPP.repository.databases.DBUtils - Connection opened successfully.
2025-03-20 08:24:35,098 [1] INFO LabMPP.repository.databases.TripRepoRepository - Finding Trip
2025-03-20 08:24:35,099 [1] INFO LabMPP.repository.databases.DBUtils - Connection opened successfully.
2025-03-20 08:24:35,101 [1] INFO LabMPP.repository.databases.ReservationRepository - Finding Reservation
2025-03-20 08:24:35,103 [1] INFO LabMPP.repository.databases.DBUtils - Connection opened successfully.
2025-03-20 08:24:35,104 [1] INFO LabMPP.repository.databases.TripRepoRepository - Finding Trip
2025-03-20 08:24:35,105 [1] INFO LabMPP.repository.databases.DBUtils - Connection opened successfully.
2025-03-20 08:24:35,107 [1] INFO LabMPP.repository.databases.ReservationRepository - Finding Reservation
2025-03-20 08:24:35,108 [1] INFO LabMPP.repository.databases.DBUtils - Connection opened successfully.
2025-03-20 08:24:35,109 [1] INFO LabMPP.repository.databases.TripRepoRepository - Finding Trip
2025-03-20 08:24:35,110 [1] INFO LabMPP.repository.databases.DBUtils - Connection opened successfully.
2025-03-20 08:24:35,112 [1] INFO LabMPP.repository.databases.ReservationRepository - Finding Reservation
2025-03-20 08:24:35,113 [1] INFO LabMPP.repository.databases.DBUtils - Connection opened successfully.
2025-03-20 08:24:35,115 [1] INFO LabMPP.repository.databases.TripRepoRepository - Finding Trip
2025-03-20 08:24:35,116 [1] INFO LabMPP.repository.databases.DBUtils - Connection opened successfully.
2025-03-20 08:24:35,117 [1] INFO LabMPP.repository.databases.ReservationRepository - Finding Reservation
2025-03-20 08:24:35,119 [1] INFO LabMPP.repository.databases.DBUtils - Connection opened successfully.
2025-03-20 08:24:35,120 [1] INFO LabMPP.repository.databases.TripRepoRepository - Finding Trip
2025-03-20 08:24:35,121 [1] INFO LabMPP.repository.databases.DBUtils - Connection opened successfully.
2025-03-20 08:24:35,122 [1] INFO LabMPP.repository.databases.ReservationRepository - Finding Reservation
2025-03-20 08:24:35,124 [1] INFO LabMPP.repository.databases.DBUtils - Connection opened successfully.
2025-03-20 08:24:35,125 [1] INFO LabMPP.repository.databases.TripRepoRepository - Finding Trip
2025-03-20 08:24:35,126 [1] INFO LabMPP.repository.databases.DBUtils - Connection opened successfully.
2025-03-20 08:24:35,127 [1] INFO LabMPP.repository.databases.ReservationRepository - Finding Reservation
2025-03-20 08:24:35,128 [1] INFO LabMPP.repository.databases.DBUtils - Connection opened successfully.
2025-03-20 08:24:35,129 [1] INFO LabMPP.repository.databases.TripRepoRepository - Finding Trip
2025-03-20 08:24:35,131 [1] INFO LabMPP.repository.databases.DBUtils - Connection opened successfully.
2025-03-20 08:24:35,132 [1] INFO LabMPP.repository.databases.ReservationRepository - Finding Reservation
2025-03-20 08:24:35,134 [1] INFO LabMPP.repository.databases.DBUtils - Connection opened successfully.
2025-03-20 08:24:35,135 [1] INFO LabMPP.repository.databases.TripRepoRepository - Finding Trip
2025-03-20 08:24:35,136 [1] INFO LabMPP.repository.databases.DBUtils - Connection opened successfully.
2025-03-20 08:24:35,137 [1] INFO LabMPP.repository.databases.ReservationRepository - Finding Reservation
2025-03-20 08:24:35,139 [1] INFO LabMPP.repository.databases.DBUtils - Connection opened successfully.
2025-03-20 08:24:35,140 [1] INFO LabMPP.repository.databases.TripRepoRepository - Finding Trip
2025-03-20 08:24:35,141 [1] INFO LabMPP.repository.databases.DBUtils - Connection opened successfully.
2025-03-20 08:24:35,142 [1] INFO LabMPP.repository.databases.ReservationRepository - Finding Reservation
2025-03-20 08:24:35,143 [1] INFO LabMPP.repository.databases.DBUtils - Connection opened successfully.
2025-03-20 08:24:35,144 [1] INFO LabMPP.repository.databases.TripRepoRepository - Finding Trip
2025-03-20 08:24:35,146 [1] INFO LabMPP.repository.databases.DBUtils - Connection opened successfully.
2025-03-20 08:24:35,147 [1] INFO LabMPP.repository.databases.ReservationRepository - Finding Reservation
2025-03-20 08:24:35,148 [1] INFO LabMPP.repository.databases.DBUtils - Connection opened successfully.
2025-03-20 08:24:35,150 [1] INFO LabMPP.repository.databases.TripRepoRepository - Finding Trip
2025-03-20 08:24:35,151 [1] INFO LabMPP.repository.databases.DBUtils - Connection opened successfully.
2025-03-20 08:24:35,153 [1] INFO LabMPP.repository.databases.ReservationRepository - Finding Reservation
2025-03-20 08:24:35,154 [1] INFO LabMPP.repository.databases.DBUtils - Connection opened successfully.
2025-03-20 08:24:35,155 [1] INFO LabMPP.repository.databases.TripRepoRepository - Finding Trip
2025-03-20 08:24:35,157 [1] INFO LabMPP.repository.databases.DBUtils - Connection opened successfully.
2025-03-20 08:24:35,158 [1] INFO LabMPP.repository.databases.ReservationRepository - Finding Reservation
2025-03-20 08:24:35,159 [1] INFO LabMPP.repository.databases.DBUtils - Connection opened successfully.
2025-03-20 08:24:35,160 [1] INFO LabMPP.repository.databases.TripRepoRepository - Finding Trip
2025-03-20 08:24:35,161 [1] INFO LabMPP.repository.databases.DBUtils - Connection opened successfully.
2025-03-20 08:24:35,163 [1] INFO LabMPP.repository.databases.ReservationRepository - Finding Reservation
2025-03-20 08:24:35,164 [1] INFO LabMPP.repository.databases.DBUtils - Connection opened successfully.
2025-03-20 08:24:35,165 [1] INFO LabMPP.repository.databases.TripRepoRepository - Finding Trip
2025-03-20 08:24:35,167 [1] INFO LabMPP.repository.databases.DBUtils - Connection opened successfully.
2025-03-20 08:24:35,168 [1] INFO LabMPP.repository.databases.ReservationRepository - Finding Reservation
2025-03-20 08:24:35,169 [1] INFO LabMPP.repository.databases.DBUtils - Connection opened successfully.
2025-03-20 08:24:35,170 [1] INFO LabMPP.repository.databases.TripRepoRepository - Finding Trip
2025-03-20 08:24:35,171 [1] INFO LabMPP.repository.databases.DBUtils - Connection opened successfully.
2025-03-20 08:24:35,172 [1] INFO LabMPP.repository.databases.ReservationRepository - Finding Reservation
2025-03-20 08:24:35,174 [1] INFO LabMPP.repository.databases.DBUtils - Connection opened successfully.
2025-03-20 08:24:35,175 [1] INFO LabMPP.repository.databases.TripRepoRepository - Finding Trip
2025-03-20 08:24:35,176 [1] INFO LabMPP.repository.databases.DBUtils - Connection opened successfully.
2025-03-20 08:24:35,177 [1] INFO LabMPP.repository.databases.ReservationRepository - Finding Reservation
2025-03-20 08:24:35,178 [1] INFO LabMPP.repository.databases.DBUtils - Connection opened successfully.
2025-03-20 08:24:35,179 [1] INFO LabMPP.repository.databases.TripRepoRepository - Finding Trip
2025-03-20 08:24:35,181 [1] INFO LabMPP.repository.databases.DBUtils - Connection opened successfully.
2025-03-20 08:24:35,182 [1] INFO LabMPP.repository.databases.ReservationRepository - Finding Reservation
2025-03-20 08:24:35,184 [1] INFO LabMPP.repository.databases.DBUtils - Connection opened successfully.
2025-03-20 08:24:35,185 [1] INFO LabMPP.repository.databases.TripRepoRepository - Finding Trip
2025-03-20 08:24:35,186 [1] INFO LabMPP.repository.databases.DBUtils - Connection opened successfully.
2025-03-20 08:24:35,187 [1] INFO LabMPP.repository.databases.ReservationRepository - Finding Reservation
2025-03-20 08:24:35,188 [1] INFO LabMPP.repository.databases.DBUtils - Connection opened successfully.
2025-03-20 08:24:35,189 [1] INFO LabMPP.repository.databases.TripRepoRepository - Finding Trip
2025-03-20 08:24:35,190 [1] INFO LabMPP.repository.databases.DBUtils - Connection opened successfully.
2025-03-20 08:24:35,191 [1] INFO LabMPP.repository.databases.ReservationRepository - Finding Reservation
2025-03-20 08:24:35,192 [1] INFO LabMPP.repository.databases.DBUtils - Connection opened successfully.
2025-03-20 08:24:35,193 [1] INFO LabMPP.repository.databases.TripRepoRepository - Finding Trip
2025-03-20 08:24:35,194 [1] INFO LabMPP.repository.databases.DBUtils - Connection opened successfully.
2025-03-20 08:24:35,195 [1] INFO LabMPP.repository.databases.ReservationRepository - Finding Reservation
2025-03-20 08:24:35,197 [1] INFO LabMPP.repository.databases.DBUtils - Connection opened successfully.
2025-03-20 08:24:35,198 [1] INFO LabMPP.repository.databases.TripRepoRepository - Finding Trip
2025-03-20 08:24:35,199 [1] INFO LabMPP.repository.databases.DBUtils - Connection opened successfully.
2025-03-20 08:24:35,200 [1] INFO LabMPP.repository.databases.ReservationRepository - Finding Reservation
2025-03-20 08:24:35,201 [1] INFO LabMPP.repository.databases.DBUtils - Connection opened successfully.
2025-03-20 08:24:35,202 [1] INFO LabMPP.repository.databases.TripRepoRepository - Finding Trip
2025-03-20 08:24:35,203 [1] INFO LabMPP.repository.databases.DBUtils - Connection opened successfully.
2025-03-20 08:24:44,857 [1] INFO LabMPP.service.Service - Getting manager by name
2025-03-20 08:24:44,858 [1] INFO LabMPP.repository.databases.ManagerRepository - Finding all Managers
2025-03-20 08:24:44,861 [1] INFO LabMPP.repository.databases.DBUtils - Connection opened successfully.
2025-03-20 08:24:44,881 [1] INFO LabMPP.service.Service - Getting all trips
2025-03-20 08:24:44,882 [1] INFO LabMPP.repository.databases.TripRepoRepository - Finding all Trips
2025-03-20 08:24:44,883 [1] INFO LabMPP.repository.databases.DBUtils - Connection opened successfully.
2025-03-20 08:25:15,910 [1] INFO LabMPP.repository.databases.TripRepoRepository - Creating TripRepository
2025-03-20 08:25:15,928 [1] INFO LabMPP.repository.databases.ManagerRepository - Creating ManagerRepository
2025-03-20 08:25:15,928 [1] INFO LabMPP.repository.databases.ReservationRepository - Creating TripRepository
2025-03-20 08:25:15,928 [1] INFO LabMPP.repository.databases.TripRepoRepository - Creating TripRepository
2025-03-20 08:25:15,929 [1] INFO Program - Aplicația a pornit!
2025-03-20 08:25:16,014 [1] INFO LabMPP.repository.databases.DBUtils - Connection opened successfully.
2025-03-20 08:25:16,019 [1] INFO Program - Test connection successful
2025-03-20 08:25:16,020 [1] INFO LabMPP.repository.databases.TripRepoRepository - Creating TripRepository
2025-03-20 08:25:16,020 [1] INFO LabMPP.repository.databases.TripRepoRepository - Finding all Trips
2025-03-20 08:25:16,021 [1] INFO LabMPP.repository.databases.DBUtils - Connection opened successfully.
2025-03-20 08:25:16,037 [1] INFO LabMPP.repository.databases.TripRepoRepository - Finding all Trips
2025-03-20 08:25:16,038 [1] INFO LabMPP.repository.databases.DBUtils - Connection opened successfully.
2025-03-20 08:25:16,048 [1] INFO LabMPP.repository.databases.TripRepoRepository - Saving Trip
2025-03-20 08:25:16,049 [1] INFO LabMPP.repository.databases.DBUtils - Connection opened successfully.
2025-03-20 08:25:16,071 [1] INFO LabMPP.repository.databases.TripRepoRepository - Finding all Trips
2025-03-20 08:25:16,074 [1] INFO LabMPP.repository.databases.DBUtils - Connection opened successfully.
2025-03-20 08:25:16,083 [1] INFO LabMPP.repository.databases.ManagerRepository - Creating ManagerRepository
2025-03-20 08:25:16,084 [1] INFO LabMPP.repository.databases.ManagerRepository - Finding all Managers
2025-03-20 08:25:16,086 [1] INFO LabMPP.repository.databases.DBUtils - Connection opened successfully.
2025-03-20 08:25:16,088 [1] INFO LabMPP.repository.databases.ManagerRepository - Finding all Managers
2025-03-20 08:25:16,089 [1] INFO LabMPP.repository.databases.DBUtils - Connection opened successfully.
2025-03-20 08:25:16,095 [1] INFO LabMPP.repository.databases.ManagerRepository - Saving Manager
2025-03-20 08:25:16,096 [1] INFO LabMPP.repository.databases.DBUtils - Connection opened successfully.
2025-03-20 08:25:16,101 [1] INFO LabMPP.repository.databases.ManagerRepository - Finding all Managers
2025-03-20 08:25:16,105 [1] INFO LabMPP.repository.databases.DBUtils - Connection opened successfully.
2025-03-20 08:25:16,110 [1] INFO LabMPP.repository.databases.ReservationRepository - Creating TripRepository
2025-03-20 08:25:16,111 [1] INFO LabMPP.repository.databases.TripRepoRepository - Creating TripRepository
2025-03-20 08:25:16,112 [1] INFO LabMPP.repository.databases.ReservationRepository - Finding all Reservations
2025-03-20 08:25:16,113 [1] INFO LabMPP.repository.databases.DBUtils - Connection opened successfully.
2025-03-20 08:25:16,115 [1] INFO LabMPP.repository.databases.ReservationRepository - Finding Reservation
2025-03-20 08:25:16,116 [1] INFO LabMPP.repository.databases.DBUtils - Connection opened successfully.
2025-03-20 08:25:16,117 [1] INFO LabMPP.repository.databases.TripRepoRepository - Finding Trip
2025-03-20 08:25:16,118 [1] INFO LabMPP.repository.databases.DBUtils - Connection opened successfully.
2025-03-20 08:25:16,122 [1] INFO LabMPP.repository.databases.ReservationRepository - Finding Reservation
2025-03-20 08:25:16,124 [1] INFO LabMPP.repository.databases.DBUtils - Connection opened successfully.
2025-03-20 08:25:16,125 [1] INFO LabMPP.repository.databases.TripRepoRepository - Finding Trip
2025-03-20 08:25:16,126 [1] INFO LabMPP.repository.databases.DBUtils - Connection opened successfully.
2025-03-20 08:25:16,127 [1] INFO LabMPP.repository.databases.ReservationRepository - Finding Reservation
2025-03-20 08:25:16,129 [1] INFO LabMPP.repository.databases.DBUtils - Connection opened successfully.
2025-03-20 08:25:16,130 [1] INFO LabMPP.repository.databases.TripRepoRepository - Finding Trip
2025-03-20 08:25:16,131 [1] INFO LabMPP.repository.databases.DBUtils - Connection opened successfully.
2025-03-20 08:25:16,132 [1] INFO LabMPP.repository.databases.ReservationRepository - Finding Reservation
2025-03-20 08:25:16,133 [1] INFO LabMPP.repository.databases.DBUtils - Connection opened successfully.
2025-03-20 08:25:16,134 [1] INFO LabMPP.repository.databases.TripRepoRepository - Finding Trip
2025-03-20 08:25:16,135 [1] INFO LabMPP.repository.databases.DBUtils - Connection opened successfully.
2025-03-20 08:25:16,136 [1] INFO LabMPP.repository.databases.ReservationRepository - Finding Reservation
2025-03-20 08:25:16,137 [1] INFO LabMPP.repository.databases.DBUtils - Connection opened successfully.
2025-03-20 08:25:16,138 [1] INFO LabMPP.repository.databases.TripRepoRepository - Finding Trip
2025-03-20 08:25:16,139 [1] INFO LabMPP.repository.databases.DBUtils - Connection opened successfully.
2025-03-20 08:25:16,140 [1] INFO LabMPP.repository.databases.ReservationRepository - Finding Reservation
2025-03-20 08:25:16,141 [1] INFO LabMPP.repository.databases.DBUtils - Connection opened successfully.
2025-03-20 08:25:16,142 [1] INFO LabMPP.repository.databases.TripRepoRepository - Finding Trip
2025-03-20 08:25:16,143 [1] INFO LabMPP.repository.databases.DBUtils - Connection opened successfully.
2025-03-20 08:25:16,144 [1] INFO LabMPP.repository.databases.ReservationRepository - Finding Reservation
2025-03-20 08:25:16,145 [1] INFO LabMPP.repository.databases.DBUtils - Connection opened successfully.
2025-03-20 08:25:16,146 [1] INFO LabMPP.repository.databases.TripRepoRepository - Finding Trip
2025-03-20 08:25:16,148 [1] INFO LabMPP.repository.databases.DBUtils - Connection opened successfully.
2025-03-20 08:25:16,149 [1] INFO LabMPP.repository.databases.ReservationRepository - Finding Reservation
2025-03-20 08:25:16,150 [1] INFO LabMPP.repository.databases.DBUtils - Connection opened successfully.
2025-03-20 08:25:16,151 [1] INFO LabMPP.repository.databases.TripRepoRepository - Finding Trip
2025-03-20 08:25:16,153 [1] INFO LabMPP.repository.databases.DBUtils - Connection opened successfully.
2025-03-20 08:25:16,154 [1] INFO LabMPP.repository.databases.ReservationRepository - Finding Reservation
2025-03-20 08:25:16,155 [1] INFO LabMPP.repository.databases.DBUtils - Connection opened successfully.
2025-03-20 08:25:16,156 [1] INFO LabMPP.repository.databases.TripRepoRepository - Finding Trip
2025-03-20 08:25:16,157 [1] INFO LabMPP.repository.databases.DBUtils - Connection opened successfully.
2025-03-20 08:25:16,158 [1] INFO LabMPP.repository.databases.ReservationRepository - Finding Reservation
2025-03-20 08:25:16,159 [1] INFO LabMPP.repository.databases.DBUtils - Connection opened successfully.
2025-03-20 08:25:16,160 [1] INFO LabMPP.repository.databases.TripRepoRepository - Finding Trip
2025-03-20 08:25:16,161 [1] INFO LabMPP.repository.databases.DBUtils - Connection opened successfully.
2025-03-20 08:25:16,162 [1] INFO LabMPP.repository.databases.ReservationRepository - Finding Reservation
2025-03-20 08:25:16,164 [1] INFO LabMPP.repository.databases.DBUtils - Connection opened successfully.
2025-03-20 08:25:16,165 [1] INFO LabMPP.repository.databases.TripRepoRepository - Finding Trip
2025-03-20 08:25:16,166 [1] INFO LabMPP.repository.databases.DBUtils - Connection opened successfully.
2025-03-20 08:25:16,167 [1] INFO LabMPP.repository.databases.ReservationRepository - Finding Reservation
2025-03-20 08:25:16,168 [1] INFO LabMPP.repository.databases.DBUtils - Connection opened successfully.
2025-03-20 08:25:16,169 [1] INFO LabMPP.repository.databases.TripRepoRepository - Finding Trip
2025-03-20 08:25:16,170 [1] INFO LabMPP.repository.databases.DBUtils - Connection opened successfully.
2025-03-20 08:25:16,170 [1] INFO LabMPP.repository.databases.ReservationRepository - Finding Reservation
2025-03-20 08:25:16,171 [1] INFO LabMPP.repository.databases.DBUtils - Connection opened successfully.
2025-03-20 08:25:16,172 [1] INFO LabMPP.repository.databases.TripRepoRepository - Finding Trip
2025-03-20 08:25:16,173 [1] INFO LabMPP.repository.databases.DBUtils - Connection opened successfully.
2025-03-20 08:25:16,174 [1] INFO LabMPP.repository.databases.ReservationRepository - Finding Reservation
2025-03-20 08:25:16,174 [1] INFO LabMPP.repository.databases.DBUtils - Connection opened successfully.
2025-03-20 08:25:16,175 [1] INFO LabMPP.repository.databases.TripRepoRepository - Finding Trip
2025-03-20 08:25:16,176 [1] INFO LabMPP.repository.databases.DBUtils - Connection opened successfully.
2025-03-20 08:25:16,177 [1] INFO LabMPP.repository.databases.ReservationRepository - Finding Reservation
2025-03-20 08:25:16,177 [1] INFO LabMPP.repository.databases.DBUtils - Connection opened successfully.
2025-03-20 08:25:16,178 [1] INFO LabMPP.repository.databases.TripRepoRepository - Finding Trip
2025-03-20 08:25:16,179 [1] INFO LabMPP.repository.databases.DBUtils - Connection opened successfully.
2025-03-20 08:25:16,180 [1] INFO LabMPP.repository.databases.ReservationRepository - Finding Reservation
2025-03-20 08:25:16,180 [1] INFO LabMPP.repository.databases.DBUtils - Connection opened successfully.
2025-03-20 08:25:16,181 [1] INFO LabMPP.repository.databases.TripRepoRepository - Finding Trip
2025-03-20 08:25:16,182 [1] INFO LabMPP.repository.databases.DBUtils - Connection opened successfully.
2025-03-20 08:25:16,183 [1] INFO LabMPP.repository.databases.ReservationRepository - Finding Reservation
2025-03-20 08:25:16,184 [1] INFO LabMPP.repository.databases.DBUtils - Connection opened successfully.
2025-03-20 08:25:16,185 [1] INFO LabMPP.repository.databases.TripRepoRepository - Finding Trip
2025-03-20 08:25:16,186 [1] INFO LabMPP.repository.databases.DBUtils - Connection opened successfully.
2025-03-20 08:25:16,186 [1] INFO LabMPP.repository.databases.ReservationRepository - Finding Reservation
2025-03-20 08:25:16,187 [1] INFO LabMPP.repository.databases.DBUtils - Connection opened successfully.
2025-03-20 08:25:16,188 [1] INFO LabMPP.repository.databases.TripRepoRepository - Finding Trip
2025-03-20 08:25:16,189 [1] INFO LabMPP.repository.databases.DBUtils - Connection opened successfully.
2025-03-20 08:25:16,189 [1] INFO LabMPP.repository.databases.ReservationRepository - Finding Reservation
2025-03-20 08:25:16,190 [1] INFO LabMPP.repository.databases.DBUtils - Connection opened successfully.
2025-03-20 08:25:16,190 [1] INFO LabMPP.repository.databases.TripRepoRepository - Finding Trip
2025-03-20 08:25:16,191 [1] INFO LabMPP.repository.databases.DBUtils - Connection opened successfully.
2025-03-20 08:25:16,192 [1] INFO LabMPP.repository.databases.ReservationRepository - Finding Reservation
2025-03-20 08:25:16,192 [1] INFO LabMPP.repository.databases.DBUtils - Connection opened successfully.
2025-03-20 08:25:16,193 [1] INFO LabMPP.repository.databases.TripRepoRepository - Finding Trip
2025-03-20 08:25:16,194 [1] INFO LabMPP.repository.databases.DBUtils - Connection opened successfully.
2025-03-20 08:25:16,194 [1] INFO LabMPP.repository.databases.ReservationRepository - Finding Reservation
2025-03-20 08:25:16,195 [1] INFO LabMPP.repository.databases.DBUtils - Connection opened successfully.
2025-03-20 08:25:16,196 [1] INFO LabMPP.repository.databases.TripRepoRepository - Finding Trip
2025-03-20 08:25:16,196 [1] INFO LabMPP.repository.databases.DBUtils - Connection opened successfully.
2025-03-20 08:25:16,197 [1] INFO LabMPP.repository.databases.ReservationRepository - Finding Reservation
2025-03-20 08:25:16,198 [1] INFO LabMPP.repository.databases.DBUtils - Connection opened successfully.
2025-03-20 08:25:16,199 [1] INFO LabMPP.repository.databases.TripRepoRepository - Finding Trip
2025-03-20 08:25:16,200 [1] INFO LabMPP.repository.databases.DBUtils - Connection opened successfully.
2025-03-20 08:25:16,200 [1] INFO LabMPP.repository.databases.ReservationRepository - Finding Reservation
2025-03-20 08:25:16,201 [1] INFO LabMPP.repository.databases.DBUtils - Connection opened successfully.
2025-03-20 08:25:16,202 [1] INFO LabMPP.repository.databases.TripRepoRepository - Finding Trip
2025-03-20 08:25:16,203 [1] INFO LabMPP.repository.databases.DBUtils - Connection opened successfully.
2025-03-20 08:25:16,203 [1] INFO LabMPP.repository.databases.ReservationRepository - Finding Reservation
2025-03-20 08:25:16,204 [1] INFO LabMPP.repository.databases.DBUtils - Connection opened successfully.
2025-03-20 08:25:16,205 [1] INFO LabMPP.repository.databases.TripRepoRepository - Finding Trip
2025-03-20 08:25:16,206 [1] INFO LabMPP.repository.databases.DBUtils - Connection opened successfully.
2025-03-20 08:25:16,206 [1] INFO LabMPP.repository.databases.ReservationRepository - Finding Reservation
2025-03-20 08:25:16,207 [1] INFO LabMPP.repository.databases.DBUtils - Connection opened successfully.
2025-03-20 08:25:16,208 [1] INFO LabMPP.repository.databases.TripRepoRepository - Finding Trip
2025-03-20 08:25:16,208 [1] INFO LabMPP.repository.databases.DBUtils - Connection opened successfully.
2025-03-20 08:25:16,209 [1] INFO LabMPP.repository.databases.ReservationRepository - Finding Reservation
2025-03-20 08:25:16,210 [1] INFO LabMPP.repository.databases.DBUtils - Connection opened successfully.
2025-03-20 08:25:16,210 [1] INFO LabMPP.repository.databases.TripRepoRepository - Finding Trip
2025-03-20 08:25:16,211 [1] INFO LabMPP.repository.databases.DBUtils - Connection opened successfully.
2025-03-20 08:25:16,211 [1] INFO LabMPP.repository.databases.ReservationRepository - Finding Reservation
2025-03-20 08:25:16,212 [1] INFO LabMPP.repository.databases.DBUtils - Connection opened successfully.
2025-03-20 08:25:16,213 [1] INFO LabMPP.repository.databases.TripRepoRepository - Finding Trip
2025-03-20 08:25:16,213 [1] INFO LabMPP.repository.databases.DBUtils - Connection opened successfully.
2025-03-20 08:25:16,214 [1] INFO LabMPP.repository.databases.ReservationRepository - Finding Reservation
2025-03-20 08:25:16,215 [1] INFO LabMPP.repository.databases.DBUtils - Connection opened successfully.
2025-03-20 08:25:16,216 [1] INFO LabMPP.repository.databases.TripRepoRepository - Finding Trip
2025-03-20 08:25:16,216 [1] INFO LabMPP.repository.databases.DBUtils - Connection opened successfully.
2025-03-20 08:25:16,217 [1] INFO LabMPP.repository.databases.ReservationRepository - Finding Reservation
2025-03-20 08:25:16,218 [1] INFO LabMPP.repository.databases.DBUtils - Connection opened successfully.
2025-03-20 08:25:16,219 [1] INFO LabMPP.repository.databases.TripRepoRepository - Finding Trip
2025-03-20 08:25:16,220 [1] INFO LabMPP.repository.databases.DBUtils - Connection opened successfully.
2025-03-20 08:25:16,220 [1] INFO LabMPP.repository.databases.ReservationRepository - Finding all Reservations
2025-03-20 08:25:16,221 [1] INFO LabMPP.repository.databases.DBUtils - Connection opened successfully.
2025-03-20 08:25:16,222 [1] INFO LabMPP.repository.databases.ReservationRepository - Finding Reservation
2025-03-20 08:25:16,222 [1] INFO LabMPP.repository.databases.DBUtils - Connection opened successfully.
2025-03-20 08:25:16,223 [1] INFO LabMPP.repository.databases.TripRepoRepository - Finding Trip
2025-03-20 08:25:16,224 [1] INFO LabMPP.repository.databases.DBUtils - Connection opened successfully.
2025-03-20 08:25:16,225 [1] INFO LabMPP.repository.databases.ReservationRepository - Finding Reservation
2025-03-20 08:25:16,226 [1] INFO LabMPP.repository.databases.DBUtils - Connection opened successfully.
2025-03-20 08:25:16,226 [1] INFO LabMPP.repository.databases.TripRepoRepository - Finding Trip
2025-03-20 08:25:16,227 [1] INFO LabMPP.repository.databases.DBUtils - Connection opened successfully.
2025-03-20 08:25:16,228 [1] INFO LabMPP.repository.databases.ReservationRepository - Finding Reservation
2025-03-20 08:25:16,229 [1] INFO LabMPP.repository.databases.DBUtils - Connection opened successfully.
2025-03-20 08:25:16,231 [1] INFO LabMPP.repository.databases.TripRepoRepository - Finding Trip
2025-03-20 08:25:16,232 [1] INFO LabMPP.repository.databases.DBUtils - Connection opened successfully.
2025-03-20 08:25:16,232 [1] INFO LabMPP.repository.databases.ReservationRepository - Finding Reservation
2025-03-20 08:25:16,233 [1] INFO LabMPP.repository.databases.DBUtils - Connection opened successfully.
2025-03-20 08:25:16,234 [1] INFO LabMPP.repository.databases.TripRepoRepository - Finding Trip
2025-03-20 08:25:16,235 [1] INFO LabMPP.repository.databases.DBUtils - Connection opened successfully.
2025-03-20 08:25:16,236 [1] INFO LabMPP.repository.databases.ReservationRepository - Finding Reservation
2025-03-20 08:25:16,237 [1] INFO LabMPP.repository.databases.DBUtils - Connection opened successfully.
2025-03-20 08:25:16,237 [1] INFO LabMPP.repository.databases.TripRepoRepository - Finding Trip
2025-03-20 08:25:16,238 [1] INFO LabMPP.repository.databases.DBUtils - Connection opened successfully.
2025-03-20 08:25:16,239 [1] INFO LabMPP.repository.databases.ReservationRepository - Finding Reservation
2025-03-20 08:25:16,240 [1] INFO LabMPP.repository.databases.DBUtils - Connection opened successfully.
2025-03-20 08:25:16,242 [1] INFO LabMPP.repository.databases.TripRepoRepository - Finding Trip
2025-03-20 08:25:16,242 [1] INFO LabMPP.repository.databases.DBUtils - Connection opened successfully.
2025-03-20 08:25:16,243 [1] INFO LabMPP.repository.databases.ReservationRepository - Finding Reservation
2025-03-20 08:25:16,245 [1] INFO LabMPP.repository.databases.DBUtils - Connection opened successfully.
2025-03-20 08:25:16,246 [1] INFO LabMPP.repository.databases.TripRepoRepository - Finding Trip
2025-03-20 08:25:16,247 [1] INFO LabMPP.repository.databases.DBUtils - Connection opened successfully.
2025-03-20 08:25:16,248 [1] INFO LabMPP.repository.databases.ReservationRepository - Finding Reservation
2025-03-20 08:25:16,248 [1] INFO LabMPP.repository.databases.DBUtils - Connection opened successfully.
2025-03-20 08:25:16,249 [1] INFO LabMPP.repository.databases.TripRepoRepository - Finding Trip
2025-03-20 08:25:16,250 [1] INFO LabMPP.repository.databases.DBUtils - Connection opened successfully.
2025-03-20 08:25:16,251 [1] INFO LabMPP.repository.databases.ReservationRepository - Finding Reservation
2025-03-20 08:25:16,252 [1] INFO LabMPP.repository.databases.DBUtils - Connection opened successfully.
2025-03-20 08:25:16,252 [1] INFO LabMPP.repository.databases.TripRepoRepository - Finding Trip
2025-03-20 08:25:16,253 [1] INFO LabMPP.repository.databases.DBUtils - Connection opened successfully.
2025-03-20 08:25:16,254 [1] INFO LabMPP.repository.databases.ReservationRepository - Finding Reservation
2025-03-20 08:25:16,255 [1] INFO LabMPP.repository.databases.DBUtils - Connection opened successfully.
2025-03-20 08:25:16,256 [1] INFO LabMPP.repository.databases.TripRepoRepository - Finding Trip
2025-03-20 08:25:16,256 [1] INFO LabMPP.repository.databases.DBUtils - Connection opened successfully.
2025-03-20 08:25:16,257 [1] INFO LabMPP.repository.databases.ReservationRepository - Finding Reservation
2025-03-20 08:25:16,258 [1] INFO LabMPP.repository.databases.DBUtils - Connection opened successfully.
2025-03-20 08:25:16,259 [1] INFO LabMPP.repository.databases.TripRepoRepository - Finding Trip
2025-03-20 08:25:16,260 [1] INFO LabMPP.repository.databases.DBUtils - Connection opened successfully.
2025-03-20 08:25:16,261 [1] INFO LabMPP.repository.databases.ReservationRepository - Finding Reservation
2025-03-20 08:25:16,263 [1] INFO LabMPP.repository.databases.DBUtils - Connection opened successfully.
2025-03-20 08:25:16,263 [1] INFO LabMPP.repository.databases.TripRepoRepository - Finding Trip
2025-03-20 08:25:16,264 [1] INFO LabMPP.repository.databases.DBUtils - Connection opened successfully.
2025-03-20 08:25:16,265 [1] INFO LabMPP.repository.databases.ReservationRepository - Finding Reservation
2025-03-20 08:25:16,267 [1] INFO LabMPP.repository.databases.DBUtils - Connection opened successfully.
2025-03-20 08:25:16,268 [1] INFO LabMPP.repository.databases.TripRepoRepository - Finding Trip
2025-03-20 08:25:16,269 [1] INFO LabMPP.repository.databases.DBUtils - Connection opened successfully.
2025-03-20 08:25:16,270 [1] INFO LabMPP.repository.databases.ReservationRepository - Finding Reservation
2025-03-20 08:25:16,271 [1] INFO LabMPP.repository.databases.DBUtils - Connection opened successfully.
2025-03-20 08:25:16,272 [1] INFO LabMPP.repository.databases.TripRepoRepository - Finding Trip
2025-03-20 08:25:16,273 [1] INFO LabMPP.repository.databases.DBUtils - Connection opened successfully.
2025-03-20 08:25:16,274 [1] INFO LabMPP.repository.databases.ReservationRepository - Finding Reservation
2025-03-20 08:25:16,275 [1] INFO LabMPP.repository.databases.DBUtils - Connection opened successfully.
2025-03-20 08:25:16,275 [1] INFO LabMPP.repository.databases.TripRepoRepository - Finding Trip
2025-03-20 08:25:16,277 [1] INFO LabMPP.repository.databases.DBUtils - Connection opened successfully.
2025-03-20 08:25:16,278 [1] INFO LabMPP.repository.databases.ReservationRepository - Finding Reservation
2025-03-20 08:25:16,279 [1] INFO LabMPP.repository.databases.DBUtils - Connection opened successfully.
2025-03-20 08:25:16,280 [1] INFO LabMPP.repository.databases.TripRepoRepository - Finding Trip
2025-03-20 08:25:16,281 [1] INFO LabMPP.repository.databases.DBUtils - Connection opened successfully.
2025-03-20 08:25:16,282 [1] INFO LabMPP.repository.databases.ReservationRepository - Finding Reservation
2025-03-20 08:25:16,283 [1] INFO LabMPP.repository.databases.DBUtils - Connection opened successfully.
2025-03-20 08:25:16,283 [1] INFO LabMPP.repository.databases.TripRepoRepository - Finding Trip
2025-03-20 08:25:16,284 [1] INFO LabMPP.repository.databases.DBUtils - Connection opened successfully.
2025-03-20 08:25:16,285 [1] INFO LabMPP.repository.databases.ReservationRepository - Finding Reservation
2025-03-20 08:25:16,286 [1] INFO LabMPP.repository.databases.DBUtils - Connection opened successfully.
2025-03-20 08:25:16,287 [1] INFO LabMPP.repository.databases.TripRepoRepository - Finding Trip
2025-03-20 08:25:16,288 [1] INFO LabMPP.repository.databases.DBUtils - Connection opened successfully.
2025-03-20 08:25:16,289 [1] INFO LabMPP.repository.databases.ReservationRepository - Finding Reservation
2025-03-20 08:25:16,290 [1] INFO LabMPP.repository.databases.DBUtils - Connection opened successfully.
2025-03-20 08:25:16,291 [1] INFO LabMPP.repository.databases.TripRepoRepository - Finding Trip
2025-03-20 08:25:16,292 [1] INFO LabMPP.repository.databases.DBUtils - Connection opened successfully.
2025-03-20 08:25:16,293 [1] INFO LabMPP.repository.databases.ReservationRepository - Finding Reservation
2025-03-20 08:25:16,294 [1] INFO LabMPP.repository.databases.DBUtils - Connection opened successfully.
2025-03-20 08:25:16,295 [1] INFO LabMPP.repository.databases.TripRepoRepository - Finding Trip
2025-03-20 08:25:16,296 [1] INFO LabMPP.repository.databases.DBUtils - Connection opened successfully.
2025-03-20 08:25:16,297 [1] INFO LabMPP.repository.databases.ReservationRepository - Finding Reservation
2025-03-20 08:25:16,298 [1] INFO LabMPP.repository.databases.DBUtils - Connection opened successfully.
2025-03-20 08:25:16,299 [1] INFO LabMPP.repository.databases.TripRepoRepository - Finding Trip
2025-03-20 08:25:16,300 [1] INFO LabMPP.repository.databases.DBUtils - Connection opened successfully.
2025-03-20 08:25:16,301 [1] INFO LabMPP.repository.databases.ReservationRepository - Finding Reservation
2025-03-20 08:25:16,302 [1] INFO LabMPP.repository.databases.DBUtils - Connection opened successfully.
2025-03-20 08:25:16,303 [1] INFO LabMPP.repository.databases.TripRepoRepository - Finding Trip
2025-03-20 08:25:16,303 [1] INFO LabMPP.repository.databases.DBUtils - Connection opened successfully.
2025-03-20 08:25:16,304 [1] INFO LabMPP.repository.databases.ReservationRepository - Finding Reservation
2025-03-20 08:25:16,305 [1] INFO LabMPP.repository.databases.DBUtils - Connection opened successfully.
2025-03-20 08:25:16,306 [1] INFO LabMPP.repository.databases.TripRepoRepository - Finding Trip
2025-03-20 08:25:16,307 [1] INFO LabMPP.repository.databases.DBUtils - Connection opened successfully.
2025-03-20 08:25:16,308 [1] INFO LabMPP.repository.databases.ReservationRepository - Finding Reservation
2025-03-20 08:25:16,309 [1] INFO LabMPP.repository.databases.DBUtils - Connection opened successfully.
2025-03-20 08:25:16,310 [1] INFO LabMPP.repository.databases.TripRepoRepository - Finding Trip
2025-03-20 08:25:16,311 [1] INFO LabMPP.repository.databases.DBUtils - Connection opened successfully.
2025-03-20 08:25:16,311 [1] INFO LabMPP.repository.databases.ReservationRepository - Finding Reservation
2025-03-20 08:25:16,312 [1] INFO LabMPP.repository.databases.DBUtils - Connection opened successfully.
2025-03-20 08:25:16,313 [1] INFO LabMPP.repository.databases.TripRepoRepository - Finding Trip
2025-03-20 08:25:16,314 [1] INFO LabMPP.repository.databases.DBUtils - Connection opened successfully.
2025-03-20 08:25:16,314 [1] INFO LabMPP.repository.databases.ReservationRepository - Finding Reservation
2025-03-20 08:25:16,315 [1] INFO LabMPP.repository.databases.DBUtils - Connection opened successfully.
2025-03-20 08:25:16,316 [1] INFO LabMPP.repository.databases.TripRepoRepository - Finding Trip
2025-03-20 08:25:16,317 [1] INFO LabMPP.repository.databases.DBUtils - Connection opened successfully.
2025-03-20 08:25:16,318 [1] INFO LabMPP.repository.databases.ReservationRepository - Finding Reservation
2025-03-20 08:25:16,318 [1] INFO LabMPP.repository.databases.DBUtils - Connection opened successfully.
2025-03-20 08:25:16,319 [1] INFO LabMPP.repository.databases.TripRepoRepository - Finding Trip
2025-03-20 08:25:16,320 [1] INFO LabMPP.repository.databases.DBUtils - Connection opened successfully.
2025-03-20 08:25:16,321 [1] INFO LabMPP.repository.databases.ReservationRepository - Finding Reservation
2025-03-20 08:25:16,325 [1] INFO LabMPP.repository.databases.DBUtils - Connection opened successfully.
2025-03-20 08:25:16,326 [1] INFO LabMPP.repository.databases.TripRepoRepository - Finding Trip
2025-03-20 08:25:16,327 [1] INFO LabMPP.repository.databases.DBUtils - Connection opened successfully.
2025-03-20 08:25:16,328 [1] INFO LabMPP.repository.databases.ReservationRepository - Finding Reservation
2025-03-20 08:25:16,329 [1] INFO LabMPP.repository.databases.DBUtils - Connection opened successfully.
2025-03-20 08:25:16,330 [1] INFO LabMPP.repository.databases.TripRepoRepository - Finding Trip
2025-03-20 08:25:16,331 [1] INFO LabMPP.repository.databases.DBUtils - Connection opened successfully.
2025-03-20 08:25:16,342 [1] INFO LabMPP.repository.databases.ReservationRepository - Saving Reservation
2025-03-20 08:25:16,343 [1] INFO LabMPP.repository.databases.DBUtils - Connection opened successfully.
2025-03-20 08:25:16,360 [1] INFO LabMPP.repository.databases.ReservationRepository - Finding all Reservations
2025-03-20 08:25:16,364 [1] INFO LabMPP.repository.databases.DBUtils - Connection opened successfully.
2025-03-20 08:25:16,365 [1] INFO LabMPP.repository.databases.ReservationRepository - Finding Reservation
2025-03-20 08:25:16,366 [1] INFO LabMPP.repository.databases.DBUtils - Connection opened successfully.
2025-03-20 08:25:16,367 [1] INFO LabMPP.repository.databases.TripRepoRepository - Finding Trip
2025-03-20 08:25:16,368 [1] INFO LabMPP.repository.databases.DBUtils - Connection opened successfully.
2025-03-20 08:25:16,369 [1] INFO LabMPP.repository.databases.ReservationRepository - Finding Reservation
2025-03-20 08:25:16,371 [1] INFO LabMPP.repository.databases.DBUtils - Connection opened successfully.
2025-03-20 08:25:16,372 [1] INFO LabMPP.repository.databases.TripRepoRepository - Finding Trip
2025-03-20 08:25:16,373 [1] INFO LabMPP.repository.databases.DBUtils - Connection opened successfully.
2025-03-20 08:25:16,374 [1] INFO LabMPP.repository.databases.ReservationRepository - Finding Reservation
2025-03-20 08:25:16,374 [1] INFO LabMPP.repository.databases.DBUtils - Connection opened successfully.
2025-03-20 08:25:16,375 [1] INFO LabMPP.repository.databases.TripRepoRepository - Finding Trip
2025-03-20 08:25:16,376 [1] INFO LabMPP.repository.databases.DBUtils - Connection opened successfully.
2025-03-20 08:25:16,377 [1] INFO LabMPP.repository.databases.ReservationRepository - Finding Reservation
2025-03-20 08:25:16,378 [1] INFO LabMPP.repository.databases.DBUtils - Connection opened successfully.
2025-03-20 08:25:16,378 [1] INFO LabMPP.repository.databases.TripRepoRepository - Finding Trip
2025-03-20 08:25:16,379 [1] INFO LabMPP.repository.databases.DBUtils - Connection opened successfully.
2025-03-20 08:25:16,380 [1] INFO LabMPP.repository.databases.ReservationRepository - Finding Reservation
2025-03-20 08:25:16,381 [1] INFO LabMPP.repository.databases.DBUtils - Connection opened successfully.
2025-03-20 08:25:16,381 [1] INFO LabMPP.repository.databases.TripRepoRepository - Finding Trip
2025-03-20 08:25:16,382 [1] INFO LabMPP.repository.databases.DBUtils - Connection opened successfully.
2025-03-20 08:25:16,383 [1] INFO LabMPP.repository.databases.ReservationRepository - Finding Reservation
2025-03-20 08:25:16,384 [1] INFO LabMPP.repository.databases.DBUtils - Connection opened successfully.
2025-03-20 08:25:16,385 [1] INFO LabMPP.repository.databases.TripRepoRepository - Finding Trip
2025-03-20 08:25:16,385 [1] INFO LabMPP.repository.databases.DBUtils - Connection opened successfully.
2025-03-20 08:25:16,387 [1] INFO LabMPP.repository.databases.ReservationRepository - Finding Reservation
2025-03-20 08:25:16,388 [1] INFO LabMPP.repository.databases.DBUtils - Connection opened successfully.
2025-03-20 08:25:16,389 [1] INFO LabMPP.repository.databases.TripRepoRepository - Finding Trip
2025-03-20 08:25:16,390 [1] INFO LabMPP.repository.databases.DBUtils - Connection opened successfully.
2025-03-20 08:25:16,391 [1] INFO LabMPP.repository.databases.ReservationRepository - Finding Reservation
2025-03-20 08:25:16,392 [1] INFO LabMPP.repository.databases.DBUtils - Connection opened successfully.
2025-03-20 08:25:16,393 [1] INFO LabMPP.repository.databases.TripRepoRepository - Finding Trip
2025-03-20 08:25:16,395 [1] INFO LabMPP.repository.databases.DBUtils - Connection opened successfully.
2025-03-20 08:25:16,396 [1] INFO LabMPP.repository.databases.ReservationRepository - Finding Reservation
2025-03-20 08:25:16,397 [1] INFO LabMPP.repository.databases.DBUtils - Connection opened successfully.
2025-03-20 08:25:16,398 [1] INFO LabMPP.repository.databases.TripRepoRepository - Finding Trip
2025-03-20 08:25:16,400 [1] INFO LabMPP.repository.databases.DBUtils - Connection opened successfully.
2025-03-20 08:25:16,401 [1] INFO LabMPP.repository.databases.ReservationRepository - Finding Reservation
2025-03-20 08:25:16,404 [1] INFO LabMPP.repository.databases.DBUtils - Connection opened successfully.
2025-03-20 08:25:16,405 [1] INFO LabMPP.repository.databases.TripRepoRepository - Finding Trip
2025-03-20 08:25:16,407 [1] INFO LabMPP.repository.databases.DBUtils - Connection opened successfully.
2025-03-20 08:25:16,408 [1] INFO LabMPP.repository.databases.ReservationRepository - Finding Reservation
2025-03-20 08:25:16,410 [1] INFO LabMPP.repository.databases.DBUtils - Connection opened successfully.
2025-03-20 08:25:16,411 [1] INFO LabMPP.repository.databases.TripRepoRepository - Finding Trip
2025-03-20 08:25:16,412 [1] INFO LabMPP.repository.databases.DBUtils - Connection opened successfully.
2025-03-20 08:25:16,413 [1] INFO LabMPP.repository.databases.ReservationRepository - Finding Reservation
2025-03-20 08:25:16,415 [1] INFO LabMPP.repository.databases.DBUtils - Connection opened successfully.
2025-03-20 08:25:16,416 [1] INFO LabMPP.repository.databases.TripRepoRepository - Finding Trip
2025-03-20 08:25:16,417 [1] INFO LabMPP.repository.databases.DBUtils - Connection opened successfully.
2025-03-20 08:25:16,419 [1] INFO LabMPP.repository.databases.ReservationRepository - Finding Reservation
2025-03-20 08:25:16,420 [1] INFO LabMPP.repository.databases.DBUtils - Connection opened successfully.
2025-03-20 08:25:16,421 [1] INFO LabMPP.repository.databases.TripRepoRepository - Finding Trip
2025-03-20 08:25:16,422 [1] INFO LabMPP.repository.databases.DBUtils - Connection opened successfully.
2025-03-20 08:25:16,423 [1] INFO LabMPP.repository.databases.ReservationRepository - Finding Reservation
2025-03-20 08:25:16,424 [1] INFO LabMPP.repository.databases.DBUtils - Connection opened successfully.
2025-03-20 08:25:16,425 [1] INFO LabMPP.repository.databases.TripRepoRepository - Finding Trip
2025-03-20 08:25:16,426 [1] INFO LabMPP.repository.databases.DBUtils - Connection opened successfully.
2025-03-20 08:25:16,426 [1] INFO LabMPP.repository.databases.ReservationRepository - Finding Reservation
2025-03-20 08:25:16,427 [1] INFO LabMPP.repository.databases.DBUtils - Connection opened successfully.
2025-03-20 08:25:16,428 [1] INFO LabMPP.repository.databases.TripRepoRepository - Finding Trip
2025-03-20 08:25:16,429 [1] INFO LabMPP.repository.databases.DBUtils - Connection opened successfully.
2025-03-20 08:25:16,430 [1] INFO LabMPP.repository.databases.ReservationRepository - Finding Reservation
2025-03-20 08:25:16,431 [1] INFO LabMPP.repository.databases.DBUtils - Connection opened successfully.
2025-03-20 08:25:16,432 [1] INFO LabMPP.repository.databases.TripRepoRepository - Finding Trip
2025-03-20 08:25:16,433 [1] INFO LabMPP.repository.databases.DBUtils - Connection opened successfully.
2025-03-20 08:25:16,434 [1] INFO LabMPP.repository.databases.ReservationRepository - Finding Reservation
2025-03-20 08:25:16,435 [1] INFO LabMPP.repository.databases.DBUtils - Connection opened successfully.
2025-03-20 08:25:16,436 [1] INFO LabMPP.repository.databases.TripRepoRepository - Finding Trip
2025-03-20 08:25:16,438 [1] INFO LabMPP.repository.databases.DBUtils - Connection opened successfully.
2025-03-20 08:25:16,439 [1] INFO LabMPP.repository.databases.ReservationRepository - Finding Reservation
2025-03-20 08:25:16,442 [1] INFO LabMPP.repository.databases.DBUtils - Connection opened successfully.
2025-03-20 08:25:16,443 [1] INFO LabMPP.repository.databases.TripRepoRepository - Finding Trip
2025-03-20 08:25:16,445 [1] INFO LabMPP.repository.databases.DBUtils - Connection opened successfully.
2025-03-20 08:25:16,446 [1] INFO LabMPP.repository.databases.ReservationRepository - Finding Reservation
2025-03-20 08:25:16,448 [1] INFO LabMPP.repository.databases.DBUtils - Connection opened successfully.
2025-03-20 08:25:16,449 [1] INFO LabMPP.repository.databases.TripRepoRepository - Finding Trip
2025-03-20 08:25:16,451 [1] INFO LabMPP.repository.databases.DBUtils - Connection opened successfully.
2025-03-20 08:25:16,452 [1] INFO LabMPP.repository.databases.ReservationRepository - Finding Reservation
2025-03-20 08:25:16,454 [1] INFO LabMPP.repository.databases.DBUtils - Connection opened successfully.
2025-03-20 08:25:16,455 [1] INFO LabMPP.repository.databases.TripRepoRepository - Finding Trip
2025-03-20 08:25:16,456 [1] INFO LabMPP.repository.databases.DBUtils - Connection opened successfully.
2025-03-20 08:25:16,457 [1] INFO LabMPP.repository.databases.ReservationRepository - Finding Reservation
2025-03-20 08:25:16,458 [1] INFO LabMPP.repository.databases.DBUtils - Connection opened successfully.
2025-03-20 08:25:16,459 [1] INFO LabMPP.repository.databases.TripRepoRepository - Finding Trip
2025-03-20 08:25:16,461 [1] INFO LabMPP.repository.databases.DBUtils - Connection opened successfully.
2025-03-20 08:25:16,462 [1] INFO LabMPP.repository.databases.ReservationRepository - Finding Reservation
2025-03-20 08:25:16,463 [1] INFO LabMPP.repository.databases.DBUtils - Connection opened successfully.
2025-03-20 08:25:16,464 [1] INFO LabMPP.repository.databases.TripRepoRepository - Finding Trip
2025-03-20 08:25:16,465 [1] INFO LabMPP.repository.databases.DBUtils - Connection opened successfully.
2025-03-20 08:25:16,466 [1] INFO LabMPP.repository.databases.ReservationRepository - Finding Reservation
2025-03-20 08:25:16,467 [1] INFO LabMPP.repository.databases.DBUtils - Connection opened successfully.
2025-03-20 08:25:16,468 [1] INFO LabMPP.repository.databases.TripRepoRepository - Finding Trip
2025-03-20 08:25:16,469 [1] INFO LabMPP.repository.databases.DBUtils - Connection opened successfully.
2025-03-20 08:25:16,470 [1] INFO LabMPP.repository.databases.ReservationRepository - Finding Reservation
2025-03-20 08:25:16,471 [1] INFO LabMPP.repository.databases.DBUtils - Connection opened successfully.
2025-03-20 08:25:16,472 [1] INFO LabMPP.repository.databases.TripRepoRepository - Finding Trip
2025-03-20 08:25:16,474 [1] INFO LabMPP.repository.databases.DBUtils - Connection opened successfully.
2025-03-20 08:25:16,475 [1] INFO LabMPP.repository.databases.ReservationRepository - Finding Reservation
2025-03-20 08:25:16,476 [1] INFO LabMPP.repository.databases.DBUtils - Connection opened successfully.
2025-03-20 08:25:16,477 [1] INFO LabMPP.repository.databases.TripRepoRepository - Finding Trip
2025-03-20 08:25:16,478 [1] INFO LabMPP.repository.databases.DBUtils - Connection opened successfully.
2025-03-20 08:25:16,479 [1] INFO LabMPP.repository.databases.ReservationRepository - Finding Reservation
2025-03-20 08:25:16,480 [1] INFO LabMPP.repository.databases.DBUtils - Connection opened successfully.
2025-03-20 08:25:16,481 [1] INFO LabMPP.repository.databases.TripRepoRepository - Finding Trip
2025-03-20 08:25:16,482 [1] INFO LabMPP.repository.databases.DBUtils - Connection opened successfully.
2025-03-20 08:25:16,483 [1] INFO LabMPP.repository.databases.ReservationRepository - Finding Reservation
2025-03-20 08:25:16,484 [1] INFO LabMPP.repository.databases.DBUtils - Connection opened successfully.
2025-03-20 08:25:16,485 [1] INFO LabMPP.repository.databases.TripRepoRepository - Finding Trip
2025-03-20 08:25:16,486 [1] INFO LabMPP.repository.databases.DBUtils - Connection opened successfully.
2025-03-20 08:25:16,488 [1] INFO LabMPP.repository.databases.ReservationRepository - Finding Reservation
2025-03-20 08:25:16,489 [1] INFO LabMPP.repository.databases.DBUtils - Connection opened successfully.
2025-03-20 08:25:16,490 [1] INFO LabMPP.repository.databases.TripRepoRepository - Finding Trip
2025-03-20 08:25:16,491 [1] INFO LabMPP.repository.databases.DBUtils - Connection opened successfully.
2025-03-20 08:25:16,492 [1] INFO LabMPP.repository.databases.ReservationRepository - Finding Reservation
2025-03-20 08:25:16,493 [1] INFO LabMPP.repository.databases.DBUtils - Connection opened successfully.
2025-03-20 08:25:16,494 [1] INFO LabMPP.repository.databases.TripRepoRepository - Finding Trip
2025-03-20 08:25:16,496 [1] INFO LabMPP.repository.databases.DBUtils - Connection opened successfully.
2025-03-20 08:25:16,497 [1] INFO LabMPP.repository.databases.ReservationRepository - Finding Reservation
2025-03-20 08:25:16,498 [1] INFO LabMPP.repository.databases.DBUtils - Connection opened successfully.
2025-03-20 08:25:16,499 [1] INFO LabMPP.repository.databases.TripRepoRepository - Finding Trip
2025-03-20 08:25:16,500 [1] INFO LabMPP.repository.databases.DBUtils - Connection opened successfully.
2025-03-20 08:25:28,945 [1] INFO LabMPP.service.Service - Getting manager by name
2025-03-20 08:25:28,946 [1] INFO LabMPP.repository.databases.ManagerRepository - Finding all Managers
2025-03-20 08:25:28,949 [1] INFO LabMPP.repository.databases.DBUtils - Connection opened successfully.
2025-03-20 08:25:28,971 [1] INFO LabMPP.service.Service - Getting all trips
2025-03-20 08:25:28,971 [1] INFO LabMPP.repository.databases.TripRepoRepository - Finding all Trips
2025-03-20 08:25:28,972 [1] INFO LabMPP.repository.databases.DBUtils - Connection opened successfully.
2025-03-20 08:25:33,901 [1] INFO LabMPP.service.Service - Getting all trips by destination
2025-03-20 08:25:33,901 [1] INFO LabMPP.repository.databases.TripRepoRepository - Finding all Trips
2025-03-20 08:25:33,902 [1] INFO LabMPP.repository.databases.DBUtils - Connection opened successfully.
2025-03-20 08:30:03,085 [1] INFO LabMPP.repository.databases.TripRepoRepository - Creating TripRepository
2025-03-20 08:30:03,107 [1] INFO LabMPP.repository.databases.ManagerRepository - Creating ManagerRepository
2025-03-20 08:30:03,108 [1] INFO LabMPP.repository.databases.ReservationRepository - Creating TripRepository
2025-03-20 08:30:03,108 [1] INFO LabMPP.repository.databases.TripRepoRepository - Creating TripRepository
2025-03-20 08:30:03,108 [1] INFO Program - Aplicația a pornit!
2025-03-20 08:30:03,184 [1] INFO LabMPP.repository.databases.DBUtils - Connection opened successfully.
2025-03-20 08:30:03,189 [1] INFO Program - Test connection successful
2025-03-20 08:30:03,190 [1] INFO LabMPP.repository.databases.TripRepoRepository - Creating TripRepository
2025-03-20 08:30:03,191 [1] INFO LabMPP.repository.databases.TripRepoRepository - Finding all Trips
2025-03-20 08:30:03,191 [1] INFO LabMPP.repository.databases.DBUtils - Connection opened successfully.
2025-03-20 08:30:03,209 [1] INFO LabMPP.repository.databases.TripRepoRepository - Finding all Trips
2025-03-20 08:30:03,210 [1] INFO LabMPP.repository.databases.DBUtils - Connection opened successfully.
2025-03-20 08:30:03,219 [1] INFO LabMPP.repository.databases.TripRepoRepository - Saving Trip
2025-03-20 08:30:03,220 [1] INFO LabMPP.repository.databases.DBUtils - Connection opened successfully.
2025-03-20 08:30:03,231 [1] INFO LabMPP.repository.databases.TripRepoRepository - Finding all Trips
2025-03-20 08:30:03,234 [1] INFO LabMPP.repository.databases.DBUtils - Connection opened successfully.
2025-03-20 08:30:03,240 [1] INFO LabMPP.repository.databases.ManagerRepository - Creating ManagerRepository
2025-03-20 08:30:03,241 [1] INFO LabMPP.repository.databases.ManagerRepository - Finding all Managers
2025-03-20 08:30:03,242 [1] INFO LabMPP.repository.databases.DBUtils - Connection opened successfully.
2025-03-20 08:30:03,244 [1] INFO LabMPP.repository.databases.ManagerRepository - Finding all Managers
2025-03-20 08:30:03,245 [1] INFO LabMPP.repository.databases.DBUtils - Connection opened successfully.
2025-03-20 08:30:03,253 [1] INFO LabMPP.repository.databases.ManagerRepository - Saving Manager
2025-03-20 08:30:03,254 [1] INFO LabMPP.repository.databases.DBUtils - Connection opened successfully.
2025-03-20 08:30:03,260 [1] INFO LabMPP.repository.databases.ManagerRepository - Finding all Managers
2025-03-20 08:30:03,264 [1] INFO LabMPP.repository.databases.DBUtils - Connection opened successfully.
2025-03-20 08:30:03,273 [1] INFO LabMPP.repository.databases.ReservationRepository - Creating TripRepository
2025-03-20 08:30:03,273 [1] INFO LabMPP.repository.databases.TripRepoRepository - Creating TripRepository
2025-03-20 08:30:03,274 [1] INFO LabMPP.repository.databases.ReservationRepository - Finding all Reservations
2025-03-20 08:30:03,276 [1] INFO LabMPP.repository.databases.DBUtils - Connection opened successfully.
2025-03-20 08:30:03,277 [1] INFO LabMPP.repository.databases.ReservationRepository - Finding Reservation
2025-03-20 08:30:03,278 [1] INFO LabMPP.repository.databases.DBUtils - Connection opened successfully.
2025-03-20 08:30:03,280 [1] INFO LabMPP.repository.databases.TripRepoRepository - Finding Trip
2025-03-20 08:30:03,281 [1] INFO LabMPP.repository.databases.DBUtils - Connection opened successfully.
2025-03-20 08:30:03,284 [1] INFO LabMPP.repository.databases.ReservationRepository - Finding Reservation
2025-03-20 08:30:03,286 [1] INFO LabMPP.repository.databases.DBUtils - Connection opened successfully.
2025-03-20 08:30:03,287 [1] INFO LabMPP.repository.databases.TripRepoRepository - Finding Trip
2025-03-20 08:30:03,288 [1] INFO LabMPP.repository.databases.DBUtils - Connection opened successfully.
2025-03-20 08:30:03,288 [1] INFO LabMPP.repository.databases.ReservationRepository - Finding Reservation
2025-03-20 08:30:03,289 [1] INFO LabMPP.repository.databases.DBUtils - Connection opened successfully.
2025-03-20 08:30:03,290 [1] INFO LabMPP.repository.databases.TripRepoRepository - Finding Trip
2025-03-20 08:30:03,291 [1] INFO LabMPP.repository.databases.DBUtils - Connection opened successfully.
2025-03-20 08:30:03,292 [1] INFO LabMPP.repository.databases.ReservationRepository - Finding Reservation
2025-03-20 08:30:03,293 [1] INFO LabMPP.repository.databases.DBUtils - Connection opened successfully.
2025-03-20 08:30:03,294 [1] INFO LabMPP.repository.databases.TripRepoRepository - Finding Trip
2025-03-20 08:30:03,294 [1] INFO LabMPP.repository.databases.DBUtils - Connection opened successfully.
2025-03-20 08:30:03,295 [1] INFO LabMPP.repository.databases.ReservationRepository - Finding Reservation
2025-03-20 08:30:03,296 [1] INFO LabMPP.repository.databases.DBUtils - Connection opened successfully.
2025-03-20 08:30:03,296 [1] INFO LabMPP.repository.databases.TripRepoRepository - Finding Trip
2025-03-20 08:30:03,298 [1] INFO LabMPP.repository.databases.DBUtils - Connection opened successfully.
2025-03-20 08:30:03,299 [1] INFO LabMPP.repository.databases.ReservationRepository - Finding Reservation
2025-03-20 08:30:03,300 [1] INFO LabMPP.repository.databases.DBUtils - Connection opened successfully.
2025-03-20 08:30:03,301 [1] INFO LabMPP.repository.databases.TripRepoRepository - Finding Trip
2025-03-20 08:30:03,302 [1] INFO LabMPP.repository.databases.DBUtils - Connection opened successfully.
2025-03-20 08:30:03,303 [1] INFO LabMPP.repository.databases.ReservationRepository - Finding Reservation
2025-03-20 08:30:03,303 [1] INFO LabMPP.repository.databases.DBUtils - Connection opened successfully.
2025-03-20 08:30:03,304 [1] INFO LabMPP.repository.databases.TripRepoRepository - Finding Trip
2025-03-20 08:30:03,305 [1] INFO LabMPP.repository.databases.DBUtils - Connection opened successfully.
2025-03-20 08:30:03,305 [1] INFO LabMPP.repository.databases.ReservationRepository - Finding Reservation
2025-03-20 08:30:03,306 [1] INFO LabMPP.repository.databases.DBUtils - Connection opened successfully.
2025-03-20 08:30:03,308 [1] INFO LabMPP.repository.databases.TripRepoRepository - Finding Trip
2025-03-20 08:30:03,309 [1] INFO LabMPP.repository.databases.DBUtils - Connection opened successfully.
2025-03-20 08:30:03,310 [1] INFO LabMPP.repository.databases.ReservationRepository - Finding Reservation
2025-03-20 08:30:03,310 [1] INFO LabMPP.repository.databases.DBUtils - Connection opened successfully.
2025-03-20 08:30:03,311 [1] INFO LabMPP.repository.databases.TripRepoRepository - Finding Trip
2025-03-20 08:30:03,312 [1] INFO LabMPP.repository.databases.DBUtils - Connection opened successfully.
2025-03-20 08:30:03,312 [1] INFO LabMPP.repository.databases.ReservationRepository - Finding Reservation
2025-03-20 08:30:03,313 [1] INFO LabMPP.repository.databases.DBUtils - Connection opened successfully.
2025-03-20 08:30:03,313 [1] INFO LabMPP.repository.databases.TripRepoRepository - Finding Trip
2025-03-20 08:30:03,314 [1] INFO LabMPP.repository.databases.DBUtils - Connection opened successfully.
2025-03-20 08:30:03,314 [1] INFO LabMPP.repository.databases.ReservationRepository - Finding Reservation
2025-03-20 08:30:03,315 [1] INFO LabMPP.repository.databases.DBUtils - Connection opened successfully.
2025-03-20 08:30:03,316 [1] INFO LabMPP.repository.databases.TripRepoRepository - Finding Trip
2025-03-20 08:30:03,316 [1] INFO LabMPP.repository.databases.DBUtils - Connection opened successfully.
2025-03-20 08:30:03,317 [1] INFO LabMPP.repository.databases.ReservationRepository - Finding Reservation
2025-03-20 08:30:03,318 [1] INFO LabMPP.repository.databases.DBUtils - Connection opened successfully.
2025-03-20 08:30:03,318 [1] INFO LabMPP.repository.databases.TripRepoRepository - Finding Trip
2025-03-20 08:30:03,319 [1] INFO LabMPP.repository.databases.DBUtils - Connection opened successfully.
2025-03-20 08:30:03,319 [1] INFO LabMPP.repository.databases.ReservationRepository - Finding Reservation
2025-03-20 08:30:03,320 [1] INFO LabMPP.repository.databases.DBUtils - Connection opened successfully.
2025-03-20 08:30:03,320 [1] INFO LabMPP.repository.databases.TripRepoRepository - Finding Trip
2025-03-20 08:30:03,321 [1] INFO LabMPP.repository.databases.DBUtils - Connection opened successfully.
2025-03-20 08:30:03,322 [1] INFO LabMPP.repository.databases.ReservationRepository - Finding Reservation
2025-03-20 08:30:03,322 [1] INFO LabMPP.repository.databases.DBUtils - Connection opened successfully.
2025-03-20 08:30:03,323 [1] INFO LabMPP.repository.databases.TripRepoRepository - Finding Trip
2025-03-20 08:30:03,324 [1] INFO LabMPP.repository.databases.DBUtils - Connection opened successfully.
2025-03-20 08:30:03,325 [1] INFO LabMPP.repository.databases.ReservationRepository - Finding Reservation
2025-03-20 08:30:03,325 [1] INFO LabMPP.repository.databases.DBUtils - Connection opened successfully.
2025-03-20 08:30:03,326 [1] INFO LabMPP.repository.databases.TripRepoRepository - Finding Trip
2025-03-20 08:30:03,327 [1] INFO LabMPP.repository.databases.DBUtils - Connection opened successfully.
2025-03-20 08:30:03,328 [1] INFO LabMPP.repository.databases.ReservationRepository - Finding Reservation
2025-03-20 08:30:03,329 [1] INFO LabMPP.repository.databases.DBUtils - Connection opened successfully.
2025-03-20 08:30:03,330 [1] INFO LabMPP.repository.databases.TripRepoRepository - Finding Trip
2025-03-20 08:30:03,331 [1] INFO LabMPP.repository.databases.DBUtils - Connection opened successfully.
2025-03-20 08:30:03,331 [1] INFO LabMPP.repository.databases.ReservationRepository - Finding Reservation
2025-03-20 08:30:03,332 [1] INFO LabMPP.repository.databases.DBUtils - Connection opened successfully.
2025-03-20 08:30:03,333 [1] INFO LabMPP.repository.databases.TripRepoRepository - Finding Trip
2025-03-20 08:30:03,334 [1] INFO LabMPP.repository.databases.DBUtils - Connection opened successfully.
2025-03-20 08:30:03,335 [1] INFO LabMPP.repository.databases.ReservationRepository - Finding Reservation
2025-03-20 08:30:03,336 [1] INFO LabMPP.repository.databases.DBUtils - Connection opened successfully.
2025-03-20 08:30:03,336 [1] INFO LabMPP.repository.databases.TripRepoRepository - Finding Trip
2025-03-20 08:30:03,338 [1] INFO LabMPP.repository.databases.DBUtils - Connection opened successfully.
2025-03-20 08:30:03,338 [1] INFO LabMPP.repository.databases.ReservationRepository - Finding Reservation
2025-03-20 08:30:03,339 [1] INFO LabMPP.repository.databases.DBUtils - Connection opened successfully.
2025-03-20 08:30:03,341 [1] INFO LabMPP.repository.databases.TripRepoRepository - Finding Trip
2025-03-20 08:30:03,341 [1] INFO LabMPP.repository.databases.DBUtils - Connection opened successfully.
2025-03-20 08:30:03,342 [1] INFO LabMPP.repository.databases.ReservationRepository - Finding Reservation
2025-03-20 08:30:03,343 [1] INFO LabMPP.repository.databases.DBUtils - Connection opened successfully.
2025-03-20 08:30:03,344 [1] INFO LabMPP.repository.databases.TripRepoRepository - Finding Trip
2025-03-20 08:30:03,345 [1] INFO LabMPP.repository.databases.DBUtils - Connection opened successfully.
2025-03-20 08:30:03,346 [1] INFO LabMPP.repository.databases.ReservationRepository - Finding Reservation
2025-03-20 08:30:03,346 [1] INFO LabMPP.repository.databases.DBUtils - Connection opened successfully.
2025-03-20 08:30:03,347 [1] INFO LabMPP.repository.databases.TripRepoRepository - Finding Trip
2025-03-20 08:30:03,348 [1] INFO LabMPP.repository.databases.DBUtils - Connection opened successfully.
2025-03-20 08:30:03,349 [1] INFO LabMPP.repository.databases.ReservationRepository - Finding Reservation
2025-03-20 08:30:03,350 [1] INFO LabMPP.repository.databases.DBUtils - Connection opened successfully.
2025-03-20 08:30:03,351 [1] INFO LabMPP.repository.databases.TripRepoRepository - Finding Trip
2025-03-20 08:30:03,352 [1] INFO LabMPP.repository.databases.DBUtils - Connection opened successfully.
2025-03-20 08:30:03,352 [1] INFO LabMPP.repository.databases.ReservationRepository - Finding Reservation
2025-03-20 08:30:03,353 [1] INFO LabMPP.repository.databases.DBUtils - Connection opened successfully.
2025-03-20 08:30:03,354 [1] INFO LabMPP.repository.databases.TripRepoRepository - Finding Trip
2025-03-20 08:30:03,355 [1] INFO LabMPP.repository.databases.DBUtils - Connection opened successfully.
2025-03-20 08:30:03,356 [1] INFO LabMPP.repository.databases.ReservationRepository - Finding Reservation
2025-03-20 08:30:03,357 [1] INFO LabMPP.repository.databases.DBUtils - Connection opened successfully.
2025-03-20 08:30:03,358 [1] INFO LabMPP.repository.databases.TripRepoRepository - Finding Trip
2025-03-20 08:30:03,359 [1] INFO LabMPP.repository.databases.DBUtils - Connection opened successfully.
2025-03-20 08:30:03,360 [1] INFO LabMPP.repository.databases.ReservationRepository - Finding Reservation
2025-03-20 08:30:03,361 [1] INFO LabMPP.repository.databases.DBUtils - Connection opened successfully.
2025-03-20 08:30:03,362 [1] INFO LabMPP.repository.databases.TripRepoRepository - Finding Trip
2025-03-20 08:30:03,363 [1] INFO LabMPP.repository.databases.DBUtils - Connection opened successfully.
2025-03-20 08:30:03,364 [1] INFO LabMPP.repository.databases.ReservationRepository - Finding Reservation
2025-03-20 08:30:03,365 [1] INFO LabMPP.repository.databases.DBUtils - Connection opened successfully.
2025-03-20 08:30:03,366 [1] INFO LabMPP.repository.databases.TripRepoRepository - Finding Trip
2025-03-20 08:30:03,367 [1] INFO LabMPP.repository.databases.DBUtils - Connection opened successfully.
2025-03-20 08:30:03,368 [1] INFO LabMPP.repository.databases.ReservationRepository - Finding Reservation
2025-03-20 08:30:03,370 [1] INFO LabMPP.repository.databases.DBUtils - Connection opened successfully.
2025-03-20 08:30:03,370 [1] INFO LabMPP.repository.databases.TripRepoRepository - Finding Trip
2025-03-20 08:30:03,372 [1] INFO LabMPP.repository.databases.DBUtils - Connection opened successfully.
2025-03-20 08:30:03,373 [1] INFO LabMPP.repository.databases.ReservationRepository - Finding Reservation
2025-03-20 08:30:03,374 [1] INFO LabMPP.repository.databases.DBUtils - Connection opened successfully.
2025-03-20 08:30:03,375 [1] INFO LabMPP.repository.databases.TripRepoRepository - Finding Trip
2025-03-20 08:30:03,376 [1] INFO LabMPP.repository.databases.DBUtils - Connection opened successfully.
2025-03-20 08:30:03,377 [1] INFO LabMPP.repository.databases.ReservationRepository - Finding Reservation
2025-03-20 08:30:03,378 [1] INFO LabMPP.repository.databases.DBUtils - Connection opened successfully.
2025-03-20 08:30:03,379 [1] INFO LabMPP.repository.databases.TripRepoRepository - Finding Trip
2025-03-20 08:30:03,380 [1] INFO LabMPP.repository.databases.DBUtils - Connection opened successfully.
2025-03-20 08:30:03,381 [1] INFO LabMPP.repository.databases.ReservationRepository - Finding Reservation
2025-03-20 08:30:03,382 [1] INFO LabMPP.repository.databases.DBUtils - Connection opened successfully.
2025-03-20 08:30:03,383 [1] INFO LabMPP.repository.databases.TripRepoRepository - Finding Trip
2025-03-20 08:30:03,384 [1] INFO LabMPP.repository.databases.DBUtils - Connection opened successfully.
2025-03-20 08:30:03,385 [1] INFO LabMPP.repository.databases.ReservationRepository - Finding all Reservations
2025-03-20 08:30:03,387 [1] INFO LabMPP.repository.databases.DBUtils - Connection opened successfully.
2025-03-20 08:30:03,388 [1] INFO LabMPP.repository.databases.ReservationRepository - Finding Reservation
2025-03-20 08:30:03,389 [1] INFO LabMPP.repository.databases.DBUtils - Connection opened successfully.
2025-03-20 08:30:03,390 [1] INFO LabMPP.repository.databases.TripRepoRepository - Finding Trip
2025-03-20 08:30:03,391 [1] INFO LabMPP.repository.databases.DBUtils - Connection opened successfully.
2025-03-20 08:30:03,392 [1] INFO LabMPP.repository.databases.ReservationRepository - Finding Reservation
2025-03-20 08:30:03,394 [1] INFO LabMPP.repository.databases.DBUtils - Connection opened successfully.
2025-03-20 08:30:03,395 [1] INFO LabMPP.repository.databases.TripRepoRepository - Finding Trip
2025-03-20 08:30:03,396 [1] INFO LabMPP.repository.databases.DBUtils - Connection opened successfully.
2025-03-20 08:30:03,397 [1] INFO LabMPP.repository.databases.ReservationRepository - Finding Reservation
2025-03-20 08:30:03,398 [1] INFO LabMPP.repository.databases.DBUtils - Connection opened successfully.
2025-03-20 08:30:03,399 [1] INFO LabMPP.repository.databases.TripRepoRepository - Finding Trip
2025-03-20 08:30:03,400 [1] INFO LabMPP.repository.databases.DBUtils - Connection opened successfully.
2025-03-20 08:30:03,401 [1] INFO LabMPP.repository.databases.ReservationRepository - Finding Reservation
2025-03-20 08:30:03,402 [1] INFO LabMPP.repository.databases.DBUtils - Connection opened successfully.
2025-03-20 08:30:03,403 [1] INFO LabMPP.repository.databases.TripRepoRepository - Finding Trip
2025-03-20 08:30:03,405 [1] INFO LabMPP.repository.databases.DBUtils - Connection opened successfully.
2025-03-20 08:30:03,406 [1] INFO LabMPP.repository.databases.ReservationRepository - Finding Reservation
2025-03-20 08:30:03,407 [1] INFO LabMPP.repository.databases.DBUtils - Connection opened successfully.
2025-03-20 08:30:03,408 [1] INFO LabMPP.repository.databases.TripRepoRepository - Finding Trip
2025-03-20 08:30:03,409 [1] INFO LabMPP.repository.databases.DBUtils - Connection opened successfully.
2025-03-20 08:30:03,410 [1] INFO LabMPP.repository.databases.ReservationRepository - Finding Reservation
2025-03-20 08:30:03,412 [1] INFO LabMPP.repository.databases.DBUtils - Connection opened successfully.
2025-03-20 08:30:03,412 [1] INFO LabMPP.repository.databases.TripRepoRepository - Finding Trip
2025-03-20 08:30:03,414 [1] INFO LabMPP.repository.databases.DBUtils - Connection opened successfully.
2025-03-20 08:30:03,415 [1] INFO LabMPP.repository.databases.ReservationRepository - Finding Reservation
2025-03-20 08:30:03,416 [1] INFO LabMPP.repository.databases.DBUtils - Connection opened successfully.
2025-03-20 08:30:03,417 [1] INFO LabMPP.repository.databases.TripRepoRepository - Finding Trip
2025-03-20 08:30:03,418 [1] INFO LabMPP.repository.databases.DBUtils - Connection opened successfully.
2025-03-20 08:30:03,419 [1] INFO LabMPP.repository.databases.ReservationRepository - Finding Reservation
2025-03-20 08:30:03,421 [1] INFO LabMPP.repository.databases.DBUtils - Connection opened successfully.
2025-03-20 08:30:03,422 [1] INFO LabMPP.repository.databases.TripRepoRepository - Finding Trip
2025-03-20 08:30:03,423 [1] INFO LabMPP.repository.databases.DBUtils - Connection opened successfully.
2025-03-20 08:30:03,424 [1] INFO LabMPP.repository.databases.ReservationRepository - Finding Reservation
2025-03-20 08:30:03,425 [1] INFO LabMPP.repository.databases.DBUtils - Connection opened successfully.
2025-03-20 08:30:03,426 [1] INFO LabMPP.repository.databases.TripRepoRepository - Finding Trip
2025-03-20 08:30:03,427 [1] INFO LabMPP.repository.databases.DBUtils - Connection opened successfully.
2025-03-20 08:30:03,428 [1] INFO LabMPP.repository.databases.ReservationRepository - Finding Reservation
2025-03-20 08:30:03,429 [1] INFO LabMPP.repository.databases.DBUtils - Connection opened successfully.
2025-03-20 08:30:03,430 [1] INFO LabMPP.repository.databases.TripRepoRepository - Finding Trip
2025-03-20 08:30:03,431 [1] INFO LabMPP.repository.databases.DBUtils - Connection opened successfully.
2025-03-20 08:30:03,433 [1] INFO LabMPP.repository.databases.ReservationRepository - Finding Reservation
2025-03-20 08:30:03,434 [1] INFO LabMPP.repository.databases.DBUtils - Connection opened successfully.
2025-03-20 08:30:03,435 [1] INFO LabMPP.repository.databases.TripRepoRepository - Finding Trip
2025-03-20 08:30:03,436 [1] INFO LabMPP.repository.databases.DBUtils - Connection opened successfully.
2025-03-20 08:30:03,438 [1] INFO LabMPP.repository.databases.ReservationRepository - Finding Reservation
2025-03-20 08:30:03,439 [1] INFO LabMPP.repository.databases.DBUtils - Connection opened successfully.
2025-03-20 08:30:03,440 [1] INFO LabMPP.repository.databases.TripRepoRepository - Finding Trip
2025-03-20 08:30:03,441 [1] INFO LabMPP.repository.databases.DBUtils - Connection opened successfully.
2025-03-20 08:30:03,442 [1] INFO LabMPP.repository.databases.ReservationRepository - Finding Reservation
2025-03-20 08:30:03,443 [1] INFO LabMPP.repository.databases.DBUtils - Connection opened successfully.
2025-03-20 08:30:03,444 [1] INFO LabMPP.repository.databases.TripRepoRepository - Finding Trip
2025-03-20 08:30:03,445 [1] INFO LabMPP.repository.databases.DBUtils - Connection opened successfully.
2025-03-20 08:30:03,446 [1] INFO LabMPP.repository.databases.ReservationRepository - Finding Reservation
2025-03-20 08:30:03,447 [1] INFO LabMPP.repository.databases.DBUtils - Connection opened successfully.
2025-03-20 08:30:03,448 [1] INFO LabMPP.repository.databases.TripRepoRepository - Finding Trip
2025-03-20 08:30:03,449 [1] INFO LabMPP.repository.databases.DBUtils - Connection opened successfully.
2025-03-20 08:30:03,450 [1] INFO LabMPP.repository.databases.ReservationRepository - Finding Reservation
2025-03-20 08:30:03,455 [1] INFO LabMPP.repository.databases.DBUtils - Connection opened successfully.
2025-03-20 08:30:03,456 [1] INFO LabMPP.repository.databases.TripRepoRepository - Finding Trip
2025-03-20 08:30:03,457 [1] INFO LabMPP.repository.databases.DBUtils - Connection opened successfully.
2025-03-20 08:30:03,458 [1] INFO LabMPP.repository.databases.ReservationRepository - Finding Reservation
2025-03-20 08:30:03,459 [1] INFO LabMPP.repository.databases.DBUtils - Connection opened successfully.
2025-03-20 08:30:03,460 [1] INFO LabMPP.repository.databases.TripRepoRepository - Finding Trip
2025-03-20 08:30:03,462 [1] INFO LabMPP.repository.databases.DBUtils - Connection opened successfully.
2025-03-20 08:30:03,463 [1] INFO LabMPP.repository.databases.ReservationRepository - Finding Reservation
2025-03-20 08:30:03,464 [1] INFO LabMPP.repository.databases.DBUtils - Connection opened successfully.
2025-03-20 08:30:03,465 [1] INFO LabMPP.repository.databases.TripRepoRepository - Finding Trip
2025-03-20 08:30:03,466 [1] INFO LabMPP.repository.databases.DBUtils - Connection opened successfully.
2025-03-20 08:30:03,468 [1] INFO LabMPP.repository.databases.ReservationRepository - Finding Reservation
2025-03-20 08:30:03,469 [1] INFO LabMPP.repository.databases.DBUtils - Connection opened successfully.
2025-03-20 08:30:03,470 [1] INFO LabMPP.repository.databases.TripRepoRepository - Finding Trip
2025-03-20 08:30:03,471 [1] INFO LabMPP.repository.databases.DBUtils - Connection opened successfully.
2025-03-20 08:30:03,472 [1] INFO LabMPP.repository.databases.ReservationRepository - Finding Reservation
2025-03-20 08:30:03,474 [1] INFO LabMPP.repository.databases.DBUtils - Connection opened successfully.
2025-03-20 08:30:03,475 [1] INFO LabMPP.repository.databases.TripRepoRepository - Finding Trip
2025-03-20 08:30:03,476 [1] INFO LabMPP.repository.databases.DBUtils - Connection opened successfully.
2025-03-20 08:30:03,477 [1] INFO LabMPP.repository.databases.ReservationRepository - Finding Reservation
2025-03-20 08:30:03,479 [1] INFO LabMPP.repository.databases.DBUtils - Connection opened successfully.
2025-03-20 08:30:03,481 [1] INFO LabMPP.repository.databases.TripRepoRepository - Finding Trip
2025-03-20 08:30:03,483 [1] INFO LabMPP.repository.databases.DBUtils - Connection opened successfully.
2025-03-20 08:30:03,485 [1] INFO LabMPP.repository.databases.ReservationRepository - Finding Reservation
2025-03-20 08:30:03,487 [1] INFO LabMPP.repository.databases.DBUtils - Connection opened successfully.
2025-03-20 08:30:03,488 [1] INFO LabMPP.repository.databases.TripRepoRepository - Finding Trip
2025-03-20 08:30:03,490 [1] INFO LabMPP.repository.databases.DBUtils - Connection opened successfully.
2025-03-20 08:30:03,491 [1] INFO LabMPP.repository.databases.ReservationRepository - Finding Reservation
2025-03-20 08:30:03,493 [1] INFO LabMPP.repository.databases.DBUtils - Connection opened successfully.
2025-03-20 08:30:03,494 [1] INFO LabMPP.repository.databases.TripRepoRepository - Finding Trip
2025-03-20 08:30:03,496 [1] INFO LabMPP.repository.databases.DBUtils - Connection opened successfully.
2025-03-20 08:30:03,497 [1] INFO LabMPP.repository.databases.ReservationRepository - Finding Reservation
2025-03-20 08:30:03,498 [1] INFO LabMPP.repository.databases.DBUtils - Connection opened successfully.
2025-03-20 08:30:03,499 [1] INFO LabMPP.repository.databases.TripRepoRepository - Finding Trip
2025-03-20 08:30:03,501 [1] INFO LabMPP.repository.databases.DBUtils - Connection opened successfully.
2025-03-20 08:30:03,502 [1] INFO LabMPP.repository.databases.ReservationRepository - Finding Reservation
2025-03-20 08:30:03,503 [1] INFO LabMPP.repository.databases.DBUtils - Connection opened successfully.
2025-03-20 08:30:03,504 [1] INFO LabMPP.repository.databases.TripRepoRepository - Finding Trip
2025-03-20 08:30:03,505 [1] INFO LabMPP.repository.databases.DBUtils - Connection opened successfully.
2025-03-20 08:30:03,506 [1] INFO LabMPP.repository.databases.ReservationRepository - Finding Reservation
2025-03-20 08:30:03,507 [1] INFO LabMPP.repository.databases.DBUtils - Connection opened successfully.
2025-03-20 08:30:03,508 [1] INFO LabMPP.repository.databases.TripRepoRepository - Finding Trip
2025-03-20 08:30:03,510 [1] INFO LabMPP.repository.databases.DBUtils - Connection opened successfully.
2025-03-20 08:30:03,511 [1] INFO LabMPP.repository.databases.ReservationRepository - Finding Reservation
2025-03-20 08:30:03,513 [1] INFO LabMPP.repository.databases.DBUtils - Connection opened successfully.
2025-03-20 08:30:03,514 [1] INFO LabMPP.repository.databases.TripRepoRepository - Finding Trip
2025-03-20 08:30:03,515 [1] INFO LabMPP.repository.databases.DBUtils - Connection opened successfully.
2025-03-20 08:30:03,516 [1] INFO LabMPP.repository.databases.ReservationRepository - Finding Reservation
2025-03-20 08:30:03,518 [1] INFO LabMPP.repository.databases.DBUtils - Connection opened successfully.
2025-03-20 08:30:03,519 [1] INFO LabMPP.repository.databases.TripRepoRepository - Finding Trip
2025-03-20 08:30:03,521 [1] INFO LabMPP.repository.databases.DBUtils - Connection opened successfully.
2025-03-20 08:30:03,522 [1] INFO LabMPP.repository.databases.ReservationRepository - Finding Reservation
2025-03-20 08:30:03,523 [1] INFO LabMPP.repository.databases.DBUtils - Connection opened successfully.
2025-03-20 08:30:03,524 [1] INFO LabMPP.repository.databases.TripRepoRepository - Finding Trip
2025-03-20 08:30:03,526 [1] INFO LabMPP.repository.databases.DBUtils - Connection opened successfully.
2025-03-20 08:30:03,527 [1] INFO LabMPP.repository.databases.ReservationRepository - Finding Reservation
2025-03-20 08:30:03,528 [1] INFO LabMPP.repository.databases.DBUtils - Connection opened successfully.
2025-03-20 08:30:03,530 [1] INFO LabMPP.repository.databases.TripRepoRepository - Finding Trip
2025-03-20 08:30:03,531 [1] INFO LabMPP.repository.databases.DBUtils - Connection opened successfully.
2025-03-20 08:30:03,533 [1] INFO LabMPP.repository.databases.ReservationRepository - Finding Reservation
2025-03-20 08:30:03,534 [1] INFO LabMPP.repository.databases.DBUtils - Connection opened successfully.
2025-03-20 08:30:03,535 [1] INFO LabMPP.repository.databases.TripRepoRepository - Finding Trip
2025-03-20 08:30:03,537 [1] INFO LabMPP.repository.databases.DBUtils - Connection opened successfully.
2025-03-20 08:30:03,550 [1] INFO LabMPP.repository.databases.ReservationRepository - Saving Reservation
2025-03-20 08:30:03,551 [1] INFO LabMPP.repository.databases.DBUtils - Connection opened successfully.
2025-03-20 08:30:03,560 [1] INFO LabMPP.repository.databases.ReservationRepository - Finding all Reservations
2025-03-20 08:30:03,564 [1] INFO LabMPP.repository.databases.DBUtils - Connection opened successfully.
2025-03-20 08:30:03,566 [1] INFO LabMPP.repository.databases.ReservationRepository - Finding Reservation
2025-03-20 08:30:03,567 [1] INFO LabMPP.repository.databases.DBUtils - Connection opened successfully.
2025-03-20 08:30:03,568 [1] INFO LabMPP.repository.databases.TripRepoRepository - Finding Trip
2025-03-20 08:30:03,570 [1] INFO LabMPP.repository.databases.DBUtils - Connection opened successfully.
2025-03-20 08:30:03,571 [1] INFO LabMPP.repository.databases.ReservationRepository - Finding Reservation
2025-03-20 08:30:03,573 [1] INFO LabMPP.repository.databases.DBUtils - Connection opened successfully.
2025-03-20 08:30:03,574 [1] INFO LabMPP.repository.databases.TripRepoRepository - Finding Trip
2025-03-20 08:30:03,575 [1] INFO LabMPP.repository.databases.DBUtils - Connection opened successfully.
2025-03-20 08:30:03,577 [1] INFO LabMPP.repository.databases.ReservationRepository - Finding Reservation
2025-03-20 08:30:03,578 [1] INFO LabMPP.repository.databases.DBUtils - Connection opened successfully.
2025-03-20 08:30:03,579 [1] INFO LabMPP.repository.databases.TripRepoRepository - Finding Trip
2025-03-20 08:30:03,580 [1] INFO LabMPP.repository.databases.DBUtils - Connection opened successfully.
2025-03-20 08:30:03,581 [1] INFO LabMPP.repository.databases.ReservationRepository - Finding Reservation
2025-03-20 08:30:03,583 [1] INFO LabMPP.repository.databases.DBUtils - Connection opened successfully.
2025-03-20 08:30:03,584 [1] INFO LabMPP.repository.databases.TripRepoRepository - Finding Trip
2025-03-20 08:30:03,585 [1] INFO LabMPP.repository.databases.DBUtils - Connection opened successfully.
2025-03-20 08:30:03,586 [1] INFO LabMPP.repository.databases.ReservationRepository - Finding Reservation
2025-03-20 08:30:03,588 [1] INFO LabMPP.repository.databases.DBUtils - Connection opened successfully.
2025-03-20 08:30:03,589 [1] INFO LabMPP.repository.databases.TripRepoRepository - Finding Trip
2025-03-20 08:30:03,590 [1] INFO LabMPP.repository.databases.DBUtils - Connection opened successfully.
2025-03-20 08:30:03,592 [1] INFO LabMPP.repository.databases.ReservationRepository - Finding Reservation
2025-03-20 08:30:03,593 [1] INFO LabMPP.repository.databases.DBUtils - Connection opened successfully.
2025-03-20 08:30:03,594 [1] INFO LabMPP.repository.databases.TripRepoRepository - Finding Trip
2025-03-20 08:30:03,595 [1] INFO LabMPP.repository.databases.DBUtils - Connection opened successfully.
2025-03-20 08:30:03,596 [1] INFO LabMPP.repository.databases.ReservationRepository - Finding Reservation
2025-03-20 08:30:03,598 [1] INFO LabMPP.repository.databases.DBUtils - Connection opened successfully.
2025-03-20 08:30:03,599 [1] INFO LabMPP.repository.databases.TripRepoRepository - Finding Trip
2025-03-20 08:30:03,600 [1] INFO LabMPP.repository.databases.DBUtils - Connection opened successfully.
2025-03-20 08:30:03,601 [1] INFO LabMPP.repository.databases.ReservationRepository - Finding Reservation
2025-03-20 08:30:03,603 [1] INFO LabMPP.repository.databases.DBUtils - Connection opened successfully.
2025-03-20 08:30:03,603 [1] INFO LabMPP.repository.databases.TripRepoRepository - Finding Trip
2025-03-20 08:30:03,605 [1] INFO LabMPP.repository.databases.DBUtils - Connection opened successfully.
2025-03-20 08:30:03,606 [1] INFO LabMPP.repository.databases.ReservationRepository - Finding Reservation
2025-03-20 08:30:03,608 [1] INFO LabMPP.repository.databases.DBUtils - Connection opened successfully.
2025-03-20 08:30:03,609 [1] INFO LabMPP.repository.databases.TripRepoRepository - Finding Trip
2025-03-20 08:30:03,610 [1] INFO LabMPP.repository.databases.DBUtils - Connection opened successfully.
2025-03-20 08:30:03,611 [1] INFO LabMPP.repository.databases.ReservationRepository - Finding Reservation
2025-03-20 08:30:03,613 [1] INFO LabMPP.repository.databases.DBUtils - Connection opened successfully.
2025-03-20 08:30:03,614 [1] INFO LabMPP.repository.databases.TripRepoRepository - Finding Trip
2025-03-20 08:30:03,615 [1] INFO LabMPP.repository.databases.DBUtils - Connection opened successfully.
2025-03-20 08:30:03,616 [1] INFO LabMPP.repository.databases.ReservationRepository - Finding Reservation
2025-03-20 08:30:03,618 [1] INFO LabMPP.repository.databases.DBUtils - Connection opened successfully.
2025-03-20 08:30:03,619 [1] INFO LabMPP.repository.databases.TripRepoRepository - Finding Trip
2025-03-20 08:30:03,620 [1] INFO LabMPP.repository.databases.DBUtils - Connection opened successfully.
2025-03-20 08:30:03,622 [1] INFO LabMPP.repository.databases.ReservationRepository - Finding Reservation
2025-03-20 08:30:03,623 [1] INFO LabMPP.repository.databases.DBUtils - Connection opened successfully.
2025-03-20 08:30:03,624 [1] INFO LabMPP.repository.databases.TripRepoRepository - Finding Trip
2025-03-20 08:30:03,626 [1] INFO LabMPP.repository.databases.DBUtils - Connection opened successfully.
2025-03-20 08:30:03,627 [1] INFO LabMPP.repository.databases.ReservationRepository - Finding Reservation
2025-03-20 08:30:03,629 [1] INFO LabMPP.repository.databases.DBUtils - Connection opened successfully.
2025-03-20 08:30:03,630 [1] INFO LabMPP.repository.databases.TripRepoRepository - Finding Trip
2025-03-20 08:30:03,631 [1] INFO LabMPP.repository.databases.DBUtils - Connection opened successfully.
2025-03-20 08:30:03,632 [1] INFO LabMPP.repository.databases.ReservationRepository - Finding Reservation
2025-03-20 08:30:03,633 [1] INFO LabMPP.repository.databases.DBUtils - Connection opened successfully.
2025-03-20 08:30:03,634 [1] INFO LabMPP.repository.databases.TripRepoRepository - Finding Trip
2025-03-20 08:30:03,636 [1] INFO LabMPP.repository.databases.DBUtils - Connection opened successfully.
2025-03-20 08:30:03,637 [1] INFO LabMPP.repository.databases.ReservationRepository - Finding Reservation
2025-03-20 08:30:03,638 [1] INFO LabMPP.repository.databases.DBUtils - Connection opened successfully.
2025-03-20 08:30:03,640 [1] INFO LabMPP.repository.databases.TripRepoRepository - Finding Trip
2025-03-20 08:30:03,641 [1] INFO LabMPP.repository.databases.DBUtils - Connection opened successfully.
2025-03-20 08:30:03,642 [1] INFO LabMPP.repository.databases.ReservationRepository - Finding Reservation
2025-03-20 08:30:03,643 [1] INFO LabMPP.repository.databases.DBUtils - Connection opened successfully.
2025-03-20 08:30:03,644 [1] INFO LabMPP.repository.databases.TripRepoRepository - Finding Trip
2025-03-20 08:30:03,646 [1] INFO LabMPP.repository.databases.DBUtils - Connection opened successfully.
2025-03-20 08:30:03,647 [1] INFO LabMPP.repository.databases.ReservationRepository - Finding Reservation
2025-03-20 08:30:03,648 [1] INFO LabMPP.repository.databases.DBUtils - Connection opened successfully.
2025-03-20 08:30:03,650 [1] INFO LabMPP.repository.databases.TripRepoRepository - Finding Trip
2025-03-20 08:30:03,651 [1] INFO LabMPP.repository.databases.DBUtils - Connection opened successfully.
2025-03-20 08:30:03,652 [1] INFO LabMPP.repository.databases.ReservationRepository - Finding Reservation
2025-03-20 08:30:03,654 [1] INFO LabMPP.repository.databases.DBUtils - Connection opened successfully.
2025-03-20 08:30:03,655 [1] INFO LabMPP.repository.databases.TripRepoRepository - Finding Trip
2025-03-20 08:30:03,656 [1] INFO LabMPP.repository.databases.DBUtils - Connection opened successfully.
2025-03-20 08:30:03,657 [1] INFO LabMPP.repository.databases.ReservationRepository - Finding Reservation
2025-03-20 08:30:03,659 [1] INFO LabMPP.repository.databases.DBUtils - Connection opened successfully.
2025-03-20 08:30:03,660 [1] INFO LabMPP.repository.databases.TripRepoRepository - Finding Trip
2025-03-20 08:30:03,661 [1] INFO LabMPP.repository.databases.DBUtils - Connection opened successfully.
2025-03-20 08:30:03,662 [1] INFO LabMPP.repository.databases.ReservationRepository - Finding Reservation
2025-03-20 08:30:03,664 [1] INFO LabMPP.repository.databases.DBUtils - Connection opened successfully.
2025-03-20 08:30:03,665 [1] INFO LabMPP.repository.databases.TripRepoRepository - Finding Trip
2025-03-20 08:30:03,667 [1] INFO LabMPP.repository.databases.DBUtils - Connection opened successfully.
2025-03-20 08:30:03,669 [1] INFO LabMPP.repository.databases.ReservationRepository - Finding Reservation
2025-03-20 08:30:03,670 [1] INFO LabMPP.repository.databases.DBUtils - Connection opened successfully.
2025-03-20 08:30:03,671 [1] INFO LabMPP.repository.databases.TripRepoRepository - Finding Trip
2025-03-20 08:30:03,673 [1] INFO LabMPP.repository.databases.DBUtils - Connection opened successfully.
2025-03-20 08:30:03,674 [1] INFO LabMPP.repository.databases.ReservationRepository - Finding Reservation
2025-03-20 08:30:03,675 [1] INFO LabMPP.repository.databases.DBUtils - Connection opened successfully.
2025-03-20 08:30:03,676 [1] INFO LabMPP.repository.databases.TripRepoRepository - Finding Trip
2025-03-20 08:30:03,678 [1] INFO LabMPP.repository.databases.DBUtils - Connection opened successfully.
2025-03-20 08:30:03,679 [1] INFO LabMPP.repository.databases.ReservationRepository - Finding Reservation
2025-03-20 08:30:03,681 [1] INFO LabMPP.repository.databases.DBUtils - Connection opened successfully.
2025-03-20 08:30:03,682 [1] INFO LabMPP.repository.databases.TripRepoRepository - Finding Trip
2025-03-20 08:30:03,683 [1] INFO LabMPP.repository.databases.DBUtils - Connection opened successfully.
2025-03-20 08:30:03,684 [1] INFO LabMPP.repository.databases.ReservationRepository - Finding Reservation
2025-03-20 08:30:03,685 [1] INFO LabMPP.repository.databases.DBUtils - Connection opened successfully.
2025-03-20 08:30:03,687 [1] INFO LabMPP.repository.databases.TripRepoRepository - Finding Trip
2025-03-20 08:30:03,688 [1] INFO LabMPP.repository.databases.DBUtils - Connection opened successfully.
2025-03-20 08:30:03,689 [1] INFO LabMPP.repository.databases.ReservationRepository - Finding Reservation
2025-03-20 08:30:03,690 [1] INFO LabMPP.repository.databases.DBUtils - Connection opened successfully.
2025-03-20 08:30:03,691 [1] INFO LabMPP.repository.databases.TripRepoRepository - Finding Trip
2025-03-20 08:30:03,693 [1] INFO LabMPP.repository.databases.DBUtils - Connection opened successfully.
2025-03-20 08:30:03,694 [1] INFO LabMPP.repository.databases.ReservationRepository - Finding Reservation
2025-03-20 08:30:03,695 [1] INFO LabMPP.repository.databases.DBUtils - Connection opened successfully.
2025-03-20 08:30:03,697 [1] INFO LabMPP.repository.databases.TripRepoRepository - Finding Trip
2025-03-20 08:30:03,698 [1] INFO LabMPP.repository.databases.DBUtils - Connection opened successfully.
2025-03-20 08:30:03,699 [1] INFO LabMPP.repository.databases.ReservationRepository - Finding Reservation
2025-03-20 08:30:03,701 [1] INFO LabMPP.repository.databases.DBUtils - Connection opened successfully.
2025-03-20 08:30:03,702 [1] INFO LabMPP.repository.databases.TripRepoRepository - Finding Trip
2025-03-20 08:30:03,703 [1] INFO LabMPP.repository.databases.DBUtils - Connection opened successfully.
2025-03-20 08:30:03,704 [1] INFO LabMPP.repository.databases.ReservationRepository - Finding Reservation
2025-03-20 08:30:03,706 [1] INFO LabMPP.repository.databases.DBUtils - Connection opened successfully.
2025-03-20 08:30:03,707 [1] INFO LabMPP.repository.databases.TripRepoRepository - Finding Trip
2025-03-20 08:30:03,708 [1] INFO LabMPP.repository.databases.DBUtils - Connection opened successfully.
2025-03-20 08:30:03,709 [1] INFO LabMPP.repository.databases.ReservationRepository - Finding Reservation
2025-03-20 08:30:03,710 [1] INFO LabMPP.repository.databases.DBUtils - Connection opened successfully.
2025-03-20 08:30:03,711 [1] INFO LabMPP.repository.databases.TripRepoRepository - Finding Trip
2025-03-20 08:30:03,712 [1] INFO LabMPP.repository.databases.DBUtils - Connection opened successfully.
2025-03-20 08:30:03,713 [1] INFO LabMPP.repository.databases.ReservationRepository - Finding Reservation
2025-03-20 08:30:03,715 [1] INFO LabMPP.repository.databases.DBUtils - Connection opened successfully.
2025-03-20 08:30:03,716 [1] INFO LabMPP.repository.databases.TripRepoRepository - Finding Trip
2025-03-20 08:30:03,717 [1] INFO LabMPP.repository.databases.DBUtils - Connection opened successfully.
2025-03-20 08:30:03,718 [1] INFO LabMPP.repository.databases.ReservationRepository - Finding Reservation
2025-03-20 08:30:03,719 [1] INFO LabMPP.repository.databases.DBUtils - Connection opened successfully.
2025-03-20 08:30:03,720 [1] INFO LabMPP.repository.databases.TripRepoRepository - Finding Trip
2025-03-20 08:30:03,721 [1] INFO LabMPP.repository.databases.DBUtils - Connection opened successfully.
2025-03-20 08:30:15,556 [1] INFO LabMPP.service.Service - Getting manager by name
2025-03-20 08:30:15,557 [1] INFO LabMPP.repository.databases.ManagerRepository - Finding all Managers
2025-03-20 08:30:15,560 [1] INFO LabMPP.repository.databases.DBUtils - Connection opened successfully.
2025-03-20 08:30:15,590 [1] INFO LabMPP.service.Service - Getting all trips
2025-03-20 08:30:15,590 [1] INFO LabMPP.repository.databases.TripRepoRepository - Finding all Trips
2025-03-20 08:30:15,591 [1] INFO LabMPP.repository.databases.DBUtils - Connection opened successfully.
2025-03-20 08:30:20,228 [1] INFO LabMPP.service.Service - Getting all trips by destination
2025-03-20 08:30:20,229 [1] INFO LabMPP.repository.databases.TripRepoRepository - Finding all Trips
2025-03-20 08:30:20,230 [1] INFO LabMPP.repository.databases.DBUtils - Connection opened successfully.
2025-03-20 08:30:41,251 [1] INFO LabMPP.repository.databases.TripRepoRepository - Creating TripRepository
2025-03-20 08:30:41,271 [1] INFO LabMPP.repository.databases.ManagerRepository - Creating ManagerRepository
2025-03-20 08:30:41,271 [1] INFO LabMPP.repository.databases.ReservationRepository - Creating TripRepository
2025-03-20 08:30:41,271 [1] INFO LabMPP.repository.databases.TripRepoRepository - Creating TripRepository
2025-03-20 08:30:41,272 [1] INFO Program - Aplicația a pornit!
2025-03-20 08:30:41,357 [1] INFO LabMPP.repository.databases.DBUtils - Connection opened successfully.
2025-03-20 08:30:41,363 [1] INFO Program - Test connection successful
2025-03-20 08:30:41,364 [1] INFO LabMPP.repository.databases.TripRepoRepository - Creating TripRepository
2025-03-20 08:30:41,365 [1] INFO LabMPP.repository.databases.TripRepoRepository - Finding all Trips
2025-03-20 08:30:41,365 [1] INFO LabMPP.repository.databases.DBUtils - Connection opened successfully.
2025-03-20 08:30:41,390 [1] INFO LabMPP.repository.databases.TripRepoRepository - Finding all Trips
2025-03-20 08:30:41,391 [1] INFO LabMPP.repository.databases.DBUtils - Connection opened successfully.
2025-03-20 08:30:41,404 [1] INFO LabMPP.repository.databases.TripRepoRepository - Saving Trip
2025-03-20 08:30:41,405 [1] INFO LabMPP.repository.databases.DBUtils - Connection opened successfully.
2025-03-20 08:30:41,435 [1] INFO LabMPP.repository.databases.TripRepoRepository - Finding all Trips
2025-03-20 08:30:41,439 [1] INFO LabMPP.repository.databases.DBUtils - Connection opened successfully.
2025-03-20 08:30:41,452 [1] INFO LabMPP.repository.databases.ManagerRepository - Creating ManagerRepository
2025-03-20 08:30:41,453 [1] INFO LabMPP.repository.databases.ManagerRepository - Finding all Managers
2025-03-20 08:30:41,454 [1] INFO LabMPP.repository.databases.DBUtils - Connection opened successfully.
2025-03-20 08:30:41,456 [1] INFO LabMPP.repository.databases.ManagerRepository - Finding all Managers
2025-03-20 08:30:41,457 [1] INFO LabMPP.repository.databases.DBUtils - Connection opened successfully.
2025-03-20 08:30:41,467 [1] INFO LabMPP.repository.databases.ManagerRepository - Saving Manager
2025-03-20 08:30:41,469 [1] INFO LabMPP.repository.databases.DBUtils - Connection opened successfully.
2025-03-20 08:30:41,476 [1] INFO LabMPP.repository.databases.ManagerRepository - Finding all Managers
2025-03-20 08:30:41,480 [1] INFO LabMPP.repository.databases.DBUtils - Connection opened successfully.
2025-03-20 08:30:41,489 [1] INFO LabMPP.repository.databases.ReservationRepository - Creating TripRepository
2025-03-20 08:30:41,490 [1] INFO LabMPP.repository.databases.TripRepoRepository - Creating TripRepository
2025-03-20 08:30:41,492 [1] INFO LabMPP.repository.databases.ReservationRepository - Finding all Reservations
2025-03-20 08:30:41,493 [1] INFO LabMPP.repository.databases.DBUtils - Connection opened successfully.
2025-03-20 08:30:41,496 [1] INFO LabMPP.repository.databases.ReservationRepository - Finding Reservation
2025-03-20 08:30:41,498 [1] INFO LabMPP.repository.databases.DBUtils - Connection opened successfully.
2025-03-20 08:30:41,501 [1] INFO LabMPP.repository.databases.TripRepoRepository - Finding Trip
2025-03-20 08:30:41,503 [1] INFO LabMPP.repository.databases.DBUtils - Connection opened successfully.
2025-03-20 08:30:41,508 [1] INFO LabMPP.repository.databases.ReservationRepository - Finding Reservation
2025-03-20 08:30:41,509 [1] INFO LabMPP.repository.databases.DBUtils - Connection opened successfully.
2025-03-20 08:30:41,511 [1] INFO LabMPP.repository.databases.TripRepoRepository - Finding Trip
2025-03-20 08:30:41,512 [1] INFO LabMPP.repository.databases.DBUtils - Connection opened successfully.
2025-03-20 08:30:41,513 [1] INFO LabMPP.repository.databases.ReservationRepository - Finding Reservation
2025-03-20 08:30:41,515 [1] INFO LabMPP.repository.databases.DBUtils - Connection opened successfully.
2025-03-20 08:30:41,516 [1] INFO LabMPP.repository.databases.TripRepoRepository - Finding Trip
2025-03-20 08:30:41,517 [1] INFO LabMPP.repository.databases.DBUtils - Connection opened successfully.
2025-03-20 08:30:41,518 [1] INFO LabMPP.repository.databases.ReservationRepository - Finding Reservation
2025-03-20 08:30:41,520 [1] INFO LabMPP.repository.databases.DBUtils - Connection opened successfully.
2025-03-20 08:30:41,521 [1] INFO LabMPP.repository.databases.TripRepoRepository - Finding Trip
2025-03-20 08:30:41,522 [1] INFO LabMPP.repository.databases.DBUtils - Connection opened successfully.
2025-03-20 08:30:41,523 [1] INFO LabMPP.repository.databases.ReservationRepository - Finding Reservation
2025-03-20 08:30:41,525 [1] INFO LabMPP.repository.databases.DBUtils - Connection opened successfully.
2025-03-20 08:30:41,526 [1] INFO LabMPP.repository.databases.TripRepoRepository - Finding Trip
2025-03-20 08:30:41,527 [1] INFO LabMPP.repository.databases.DBUtils - Connection opened successfully.
2025-03-20 08:30:41,529 [1] INFO LabMPP.repository.databases.ReservationRepository - Finding Reservation
2025-03-20 08:30:41,531 [1] INFO LabMPP.repository.databases.DBUtils - Connection opened successfully.
2025-03-20 08:30:41,532 [1] INFO LabMPP.repository.databases.TripRepoRepository - Finding Trip
2025-03-20 08:30:41,534 [1] INFO LabMPP.repository.databases.DBUtils - Connection opened successfully.
2025-03-20 08:30:41,535 [1] INFO LabMPP.repository.databases.ReservationRepository - Finding Reservation
2025-03-20 08:30:41,537 [1] INFO LabMPP.repository.databases.DBUtils - Connection opened successfully.
2025-03-20 08:30:41,538 [1] INFO LabMPP.repository.databases.TripRepoRepository - Finding Trip
2025-03-20 08:30:41,539 [1] INFO LabMPP.repository.databases.DBUtils - Connection opened successfully.
2025-03-20 08:30:41,541 [1] INFO LabMPP.repository.databases.ReservationRepository - Finding Reservation
2025-03-20 08:30:41,543 [1] INFO LabMPP.repository.databases.DBUtils - Connection opened successfully.
2025-03-20 08:30:41,544 [1] INFO LabMPP.repository.databases.TripRepoRepository - Finding Trip
2025-03-20 08:30:41,545 [1] INFO LabMPP.repository.databases.DBUtils - Connection opened successfully.
2025-03-20 08:30:41,547 [1] INFO LabMPP.repository.databases.ReservationRepository - Finding Reservation
2025-03-20 08:30:41,548 [1] INFO LabMPP.repository.databases.DBUtils - Connection opened successfully.
2025-03-20 08:30:41,550 [1] INFO LabMPP.repository.databases.TripRepoRepository - Finding Trip
2025-03-20 08:30:41,551 [1] INFO LabMPP.repository.databases.DBUtils - Connection opened successfully.
2025-03-20 08:30:41,552 [1] INFO LabMPP.repository.databases.ReservationRepository - Finding Reservation
2025-03-20 08:30:41,553 [1] INFO LabMPP.repository.databases.DBUtils - Connection opened successfully.
2025-03-20 08:30:41,555 [1] INFO LabMPP.repository.databases.TripRepoRepository - Finding Trip
2025-03-20 08:30:41,556 [1] INFO LabMPP.repository.databases.DBUtils - Connection opened successfully.
2025-03-20 08:30:41,557 [1] INFO LabMPP.repository.databases.ReservationRepository - Finding Reservation
2025-03-20 08:30:41,559 [1] INFO LabMPP.repository.databases.DBUtils - Connection opened successfully.
2025-03-20 08:30:41,560 [1] INFO LabMPP.repository.databases.TripRepoRepository - Finding Trip
2025-03-20 08:30:41,562 [1] INFO LabMPP.repository.databases.DBUtils - Connection opened successfully.
2025-03-20 08:30:41,563 [1] INFO LabMPP.repository.databases.ReservationRepository - Finding Reservation
2025-03-20 08:30:41,564 [1] INFO LabMPP.repository.databases.DBUtils - Connection opened successfully.
2025-03-20 08:30:41,565 [1] INFO LabMPP.repository.databases.TripRepoRepository - Finding Trip
2025-03-20 08:30:41,566 [1] INFO LabMPP.repository.databases.DBUtils - Connection opened successfully.
2025-03-20 08:30:41,567 [1] INFO LabMPP.repository.databases.ReservationRepository - Finding Reservation
2025-03-20 08:30:41,569 [1] INFO LabMPP.repository.databases.DBUtils - Connection opened successfully.
2025-03-20 08:30:41,570 [1] INFO LabMPP.repository.databases.TripRepoRepository - Finding Trip
2025-03-20 08:30:41,571 [1] INFO LabMPP.repository.databases.DBUtils - Connection opened successfully.
2025-03-20 08:30:41,572 [1] INFO LabMPP.repository.databases.ReservationRepository - Finding Reservation
2025-03-20 08:30:41,573 [1] INFO LabMPP.repository.databases.DBUtils - Connection opened successfully.
2025-03-20 08:30:41,574 [1] INFO LabMPP.repository.databases.TripRepoRepository - Finding Trip
2025-03-20 08:30:41,575 [1] INFO LabMPP.repository.databases.DBUtils - Connection opened successfully.
2025-03-20 08:30:41,576 [1] INFO LabMPP.repository.databases.ReservationRepository - Finding Reservation
2025-03-20 08:30:41,578 [1] INFO LabMPP.repository.databases.DBUtils - Connection opened successfully.
2025-03-20 08:30:41,579 [1] INFO LabMPP.repository.databases.TripRepoRepository - Finding Trip
2025-03-20 08:30:41,580 [1] INFO LabMPP.repository.databases.DBUtils - Connection opened successfully.
2025-03-20 08:30:41,581 [1] INFO LabMPP.repository.databases.ReservationRepository - Finding Reservation
2025-03-20 08:30:41,582 [1] INFO LabMPP.repository.databases.DBUtils - Connection opened successfully.
2025-03-20 08:30:41,583 [1] INFO LabMPP.repository.databases.TripRepoRepository - Finding Trip
2025-03-20 08:30:41,584 [1] INFO LabMPP.repository.databases.DBUtils - Connection opened successfully.
2025-03-20 08:30:41,585 [1] INFO LabMPP.repository.databases.ReservationRepository - Finding Reservation
2025-03-20 08:30:41,586 [1] INFO LabMPP.repository.databases.DBUtils - Connection opened successfully.
2025-03-20 08:30:41,587 [1] INFO LabMPP.repository.databases.TripRepoRepository - Finding Trip
2025-03-20 08:30:41,589 [1] INFO LabMPP.repository.databases.DBUtils - Connection opened successfully.
2025-03-20 08:30:41,590 [1] INFO LabMPP.repository.databases.ReservationRepository - Finding Reservation
2025-03-20 08:30:41,592 [1] INFO LabMPP.repository.databases.DBUtils - Connection opened successfully.
2025-03-20 08:30:41,593 [1] INFO LabMPP.repository.databases.TripRepoRepository - Finding Trip
2025-03-20 08:30:41,595 [1] INFO LabMPP.repository.databases.DBUtils - Connection opened successfully.
2025-03-20 08:30:41,596 [1] INFO LabMPP.repository.databases.ReservationRepository - Finding Reservation
2025-03-20 08:30:41,597 [1] INFO LabMPP.repository.databases.DBUtils - Connection opened successfully.
2025-03-20 08:30:41,598 [1] INFO LabMPP.repository.databases.TripRepoRepository - Finding Trip
2025-03-20 08:30:41,600 [1] INFO LabMPP.repository.databases.DBUtils - Connection opened successfully.
2025-03-20 08:30:41,601 [1] INFO LabMPP.repository.databases.ReservationRepository - Finding Reservation
2025-03-20 08:30:41,602 [1] INFO LabMPP.repository.databases.DBUtils - Connection opened successfully.
2025-03-20 08:30:41,603 [1] INFO LabMPP.repository.databases.TripRepoRepository - Finding Trip
2025-03-20 08:30:41,604 [1] INFO LabMPP.repository.databases.DBUtils - Connection opened successfully.
2025-03-20 08:30:41,605 [1] INFO LabMPP.repository.databases.ReservationRepository - Finding Reservation
2025-03-20 08:30:41,607 [1] INFO LabMPP.repository.databases.DBUtils - Connection opened successfully.
2025-03-20 08:30:41,607 [1] INFO LabMPP.repository.databases.TripRepoRepository - Finding Trip
2025-03-20 08:30:41,609 [1] INFO LabMPP.repository.databases.DBUtils - Connection opened successfully.
2025-03-20 08:30:41,610 [1] INFO LabMPP.repository.databases.ReservationRepository - Finding Reservation
2025-03-20 08:30:41,611 [1] INFO LabMPP.repository.databases.DBUtils - Connection opened successfully.
2025-03-20 08:30:41,612 [1] INFO LabMPP.repository.databases.TripRepoRepository - Finding Trip
2025-03-20 08:30:41,613 [1] INFO LabMPP.repository.databases.DBUtils - Connection opened successfully.
2025-03-20 08:30:41,614 [1] INFO LabMPP.repository.databases.ReservationRepository - Finding Reservation
2025-03-20 08:30:41,615 [1] INFO LabMPP.repository.databases.DBUtils - Connection opened successfully.
2025-03-20 08:30:41,616 [1] INFO LabMPP.repository.databases.TripRepoRepository - Finding Trip
2025-03-20 08:30:41,617 [1] INFO LabMPP.repository.databases.DBUtils - Connection opened successfully.
2025-03-20 08:30:41,619 [1] INFO LabMPP.repository.databases.ReservationRepository - Finding Reservation
2025-03-20 08:30:41,620 [1] INFO LabMPP.repository.databases.DBUtils - Connection opened successfully.
2025-03-20 08:30:41,621 [1] INFO LabMPP.repository.databases.TripRepoRepository - Finding Trip
2025-03-20 08:30:41,622 [1] INFO LabMPP.repository.databases.DBUtils - Connection opened successfully.
2025-03-20 08:30:41,623 [1] INFO LabMPP.repository.databases.ReservationRepository - Finding Reservation
2025-03-20 08:30:41,625 [1] INFO LabMPP.repository.databases.DBUtils - Connection opened successfully.
2025-03-20 08:30:41,626 [1] INFO LabMPP.repository.databases.TripRepoRepository - Finding Trip
2025-03-20 08:30:41,627 [1] INFO LabMPP.repository.databases.DBUtils - Connection opened successfully.
2025-03-20 08:30:41,628 [1] INFO LabMPP.repository.databases.ReservationRepository - Finding Reservation
2025-03-20 08:30:41,629 [1] INFO LabMPP.repository.databases.DBUtils - Connection opened successfully.
2025-03-20 08:30:41,631 [1] INFO LabMPP.repository.databases.TripRepoRepository - Finding Trip
2025-03-20 08:30:41,632 [1] INFO LabMPP.repository.databases.DBUtils - Connection opened successfully.
2025-03-20 08:30:41,633 [1] INFO LabMPP.repository.databases.ReservationRepository - Finding Reservation
2025-03-20 08:30:41,634 [1] INFO LabMPP.repository.databases.DBUtils - Connection opened successfully.
2025-03-20 08:30:41,636 [1] INFO LabMPP.repository.databases.TripRepoRepository - Finding Trip
2025-03-20 08:30:41,637 [1] INFO LabMPP.repository.databases.DBUtils - Connection opened successfully.
2025-03-20 08:30:41,639 [1] INFO LabMPP.repository.databases.ReservationRepository - Finding Reservation
2025-03-20 08:30:41,641 [1] INFO LabMPP.repository.databases.DBUtils - Connection opened successfully.
2025-03-20 08:30:41,641 [1] INFO LabMPP.repository.databases.TripRepoRepository - Finding Trip
2025-03-20 08:30:41,643 [1] INFO LabMPP.repository.databases.DBUtils - Connection opened successfully.
2025-03-20 08:30:41,643 [1] INFO LabMPP.repository.databases.ReservationRepository - Finding Reservation
2025-03-20 08:30:41,644 [1] INFO LabMPP.repository.databases.DBUtils - Connection opened successfully.
2025-03-20 08:30:41,645 [1] INFO LabMPP.repository.databases.TripRepoRepository - Finding Trip
2025-03-20 08:30:41,646 [1] INFO LabMPP.repository.databases.DBUtils - Connection opened successfully.
2025-03-20 08:30:41,647 [1] INFO LabMPP.repository.databases.ReservationRepository - Finding Reservation
2025-03-20 08:30:41,648 [1] INFO LabMPP.repository.databases.DBUtils - Connection opened successfully.
2025-03-20 08:30:41,649 [1] INFO LabMPP.repository.databases.TripRepoRepository - Finding Trip
2025-03-20 08:30:41,650 [1] INFO LabMPP.repository.databases.DBUtils - Connection opened successfully.
2025-03-20 08:30:41,651 [1] INFO LabMPP.repository.databases.ReservationRepository - Finding Reservation
2025-03-20 08:30:41,652 [1] INFO LabMPP.repository.databases.DBUtils - Connection opened successfully.
2025-03-20 08:30:41,653 [1] INFO LabMPP.repository.databases.TripRepoRepository - Finding Trip
2025-03-20 08:30:41,654 [1] INFO LabMPP.repository.databases.DBUtils - Connection opened successfully.
2025-03-20 08:30:41,655 [1] INFO LabMPP.repository.databases.ReservationRepository - Finding all Reservations
2025-03-20 08:30:41,656 [1] INFO LabMPP.repository.databases.DBUtils - Connection opened successfully.
2025-03-20 08:30:41,657 [1] INFO LabMPP.repository.databases.ReservationRepository - Finding Reservation
2025-03-20 08:30:41,658 [1] INFO LabMPP.repository.databases.DBUtils - Connection opened successfully.
2025-03-20 08:30:41,659 [1] INFO LabMPP.repository.databases.TripRepoRepository - Finding Trip
2025-03-20 08:30:41,660 [1] INFO LabMPP.repository.databases.DBUtils - Connection opened successfully.
2025-03-20 08:30:41,661 [1] INFO LabMPP.repository.databases.ReservationRepository - Finding Reservation
2025-03-20 08:30:41,662 [1] INFO LabMPP.repository.databases.DBUtils - Connection opened successfully.
2025-03-20 08:30:41,663 [1] INFO LabMPP.repository.databases.TripRepoRepository - Finding Trip
2025-03-20 08:30:41,663 [1] INFO LabMPP.repository.databases.DBUtils - Connection opened successfully.
2025-03-20 08:30:41,664 [1] INFO LabMPP.repository.databases.ReservationRepository - Finding Reservation
2025-03-20 08:30:41,665 [1] INFO LabMPP.repository.databases.DBUtils - Connection opened successfully.
2025-03-20 08:30:41,666 [1] INFO LabMPP.repository.databases.TripRepoRepository - Finding Trip
2025-03-20 08:30:41,667 [1] INFO LabMPP.repository.databases.DBUtils - Connection opened successfully.
2025-03-20 08:30:41,667 [1] INFO LabMPP.repository.databases.ReservationRepository - Finding Reservation
2025-03-20 08:30:41,668 [1] INFO LabMPP.repository.databases.DBUtils - Connection opened successfully.
2025-03-20 08:30:41,669 [1] INFO LabMPP.repository.databases.TripRepoRepository - Finding Trip
2025-03-20 08:30:41,673 [1] INFO LabMPP.repository.databases.DBUtils - Connection opened successfully.
2025-03-20 08:30:41,673 [1] INFO LabMPP.repository.databases.ReservationRepository - Finding Reservation
2025-03-20 08:30:41,674 [1] INFO LabMPP.repository.databases.DBUtils - Connection opened successfully.
2025-03-20 08:30:41,675 [1] INFO LabMPP.repository.databases.TripRepoRepository - Finding Trip
2025-03-20 08:30:41,676 [1] INFO LabMPP.repository.databases.DBUtils - Connection opened successfully.
2025-03-20 08:30:41,677 [1] INFO LabMPP.repository.databases.ReservationRepository - Finding Reservation
2025-03-20 08:30:41,679 [1] INFO LabMPP.repository.databases.DBUtils - Connection opened successfully.
2025-03-20 08:30:41,680 [1] INFO LabMPP.repository.databases.TripRepoRepository - Finding Trip
2025-03-20 08:30:41,681 [1] INFO LabMPP.repository.databases.DBUtils - Connection opened successfully.
2025-03-20 08:30:41,682 [1] INFO LabMPP.repository.databases.ReservationRepository - Finding Reservation
2025-03-20 08:30:41,683 [1] INFO LabMPP.repository.databases.DBUtils - Connection opened successfully.
2025-03-20 08:30:41,685 [1] INFO LabMPP.repository.databases.TripRepoRepository - Finding Trip
2025-03-20 08:30:41,686 [1] INFO LabMPP.repository.databases.DBUtils - Connection opened successfully.
2025-03-20 08:30:41,687 [1] INFO LabMPP.repository.databases.ReservationRepository - Finding Reservation
2025-03-20 08:30:41,688 [1] INFO LabMPP.repository.databases.DBUtils - Connection opened successfully.
2025-03-20 08:30:41,689 [1] INFO LabMPP.repository.databases.TripRepoRepository - Finding Trip
2025-03-20 08:30:41,690 [1] INFO LabMPP.repository.databases.DBUtils - Connection opened successfully.
2025-03-20 08:30:41,691 [1] INFO LabMPP.repository.databases.ReservationRepository - Finding Reservation
2025-03-20 08:30:41,692 [1] INFO LabMPP.repository.databases.DBUtils - Connection opened successfully.
2025-03-20 08:30:41,693 [1] INFO LabMPP.repository.databases.TripRepoRepository - Finding Trip
2025-03-20 08:30:41,694 [1] INFO LabMPP.repository.databases.DBUtils - Connection opened successfully.
2025-03-20 08:30:41,695 [1] INFO LabMPP.repository.databases.ReservationRepository - Finding Reservation
2025-03-20 08:30:41,696 [1] INFO LabMPP.repository.databases.DBUtils - Connection opened successfully.
2025-03-20 08:30:41,697 [1] INFO LabMPP.repository.databases.TripRepoRepository - Finding Trip
2025-03-20 08:30:41,698 [1] INFO LabMPP.repository.databases.DBUtils - Connection opened successfully.
2025-03-20 08:30:41,699 [1] INFO LabMPP.repository.databases.ReservationRepository - Finding Reservation
2025-03-20 08:30:41,701 [1] INFO LabMPP.repository.databases.DBUtils - Connection opened successfully.
2025-03-20 08:30:41,702 [1] INFO LabMPP.repository.databases.TripRepoRepository - Finding Trip
2025-03-20 08:30:41,703 [1] INFO LabMPP.repository.databases.DBUtils - Connection opened successfully.
2025-03-20 08:30:41,704 [1] INFO LabMPP.repository.databases.ReservationRepository - Finding Reservation
2025-03-20 08:30:41,705 [1] INFO LabMPP.repository.databases.DBUtils - Connection opened successfully.
2025-03-20 08:30:41,706 [1] INFO LabMPP.repository.databases.TripRepoRepository - Finding Trip
2025-03-20 08:30:41,707 [1] INFO LabMPP.repository.databases.DBUtils - Connection opened successfully.
2025-03-20 08:30:41,708 [1] INFO LabMPP.repository.databases.ReservationRepository - Finding Reservation
2025-03-20 08:30:41,709 [1] INFO LabMPP.repository.databases.DBUtils - Connection opened successfully.
2025-03-20 08:30:41,710 [1] INFO LabMPP.repository.databases.TripRepoRepository - Finding Trip
2025-03-20 08:30:41,711 [1] INFO LabMPP.repository.databases.DBUtils - Connection opened successfully.
2025-03-20 08:30:41,712 [1] INFO LabMPP.repository.databases.ReservationRepository - Finding Reservation
2025-03-20 08:30:41,713 [1] INFO LabMPP.repository.databases.DBUtils - Connection opened successfully.
2025-03-20 08:30:41,714 [1] INFO LabMPP.repository.databases.TripRepoRepository - Finding Trip
2025-03-20 08:30:41,715 [1] INFO LabMPP.repository.databases.DBUtils - Connection opened successfully.
2025-03-20 08:30:41,716 [1] INFO LabMPP.repository.databases.ReservationRepository - Finding Reservation
2025-03-20 08:30:41,717 [1] INFO LabMPP.repository.databases.DBUtils - Connection opened successfully.
2025-03-20 08:30:41,718 [1] INFO LabMPP.repository.databases.TripRepoRepository - Finding Trip
2025-03-20 08:30:41,719 [1] INFO LabMPP.repository.databases.DBUtils - Connection opened successfully.
2025-03-20 08:30:41,720 [1] INFO LabMPP.repository.databases.ReservationRepository - Finding Reservation
2025-03-20 08:30:41,722 [1] INFO LabMPP.repository.databases.DBUtils - Connection opened successfully.
2025-03-20 08:30:41,722 [1] INFO LabMPP.repository.databases.TripRepoRepository - Finding Trip
2025-03-20 08:30:41,724 [1] INFO LabMPP.repository.databases.DBUtils - Connection opened successfully.
2025-03-20 08:30:41,724 [1] INFO LabMPP.repository.databases.ReservationRepository - Finding Reservation
2025-03-20 08:30:41,725 [1] INFO LabMPP.repository.databases.DBUtils - Connection opened successfully.
2025-03-20 08:30:41,726 [1] INFO LabMPP.repository.databases.TripRepoRepository - Finding Trip
2025-03-20 08:30:41,727 [1] INFO LabMPP.repository.databases.DBUtils - Connection opened successfully.
2025-03-20 08:30:41,728 [1] INFO LabMPP.repository.databases.ReservationRepository - Finding Reservation
2025-03-20 08:30:41,729 [1] INFO LabMPP.repository.databases.DBUtils - Connection opened successfully.
2025-03-20 08:30:41,730 [1] INFO LabMPP.repository.databases.TripRepoRepository - Finding Trip
2025-03-20 08:30:41,731 [1] INFO LabMPP.repository.databases.DBUtils - Connection opened successfully.
2025-03-20 08:30:41,732 [1] INFO LabMPP.repository.databases.ReservationRepository - Finding Reservation
2025-03-20 08:30:41,733 [1] INFO LabMPP.repository.databases.DBUtils - Connection opened successfully.
2025-03-20 08:30:41,734 [1] INFO LabMPP.repository.databases.TripRepoRepository - Finding Trip
2025-03-20 08:30:41,735 [1] INFO LabMPP.repository.databases.DBUtils - Connection opened successfully.
2025-03-20 08:30:41,736 [1] INFO LabMPP.repository.databases.ReservationRepository - Finding Reservation
2025-03-20 08:30:41,737 [1] INFO LabMPP.repository.databases.DBUtils - Connection opened successfully.
2025-03-20 08:30:41,737 [1] INFO LabMPP.repository.databases.TripRepoRepository - Finding Trip
2025-03-20 08:30:41,738 [1] INFO LabMPP.repository.databases.DBUtils - Connection opened successfully.
2025-03-20 08:30:41,740 [1] INFO LabMPP.repository.databases.ReservationRepository - Finding Reservation
2025-03-20 08:30:41,741 [1] INFO LabMPP.repository.databases.DBUtils - Connection opened successfully.
2025-03-20 08:30:41,742 [1] INFO LabMPP.repository.databases.TripRepoRepository - Finding Trip
2025-03-20 08:30:41,743 [1] INFO LabMPP.repository.databases.DBUtils - Connection opened successfully.
2025-03-20 08:30:41,743 [1] INFO LabMPP.repository.databases.ReservationRepository - Finding Reservation
2025-03-20 08:30:41,744 [1] INFO LabMPP.repository.databases.DBUtils - Connection opened successfully.
2025-03-20 08:30:41,745 [1] INFO LabMPP.repository.databases.TripRepoRepository - Finding Trip
2025-03-20 08:30:41,746 [1] INFO LabMPP.repository.databases.DBUtils - Connection opened successfully.
2025-03-20 08:30:41,747 [1] INFO LabMPP.repository.databases.ReservationRepository - Finding Reservation
2025-03-20 08:30:41,748 [1] INFO LabMPP.repository.databases.DBUtils - Connection opened successfully.
2025-03-20 08:30:41,749 [1] INFO LabMPP.repository.databases.TripRepoRepository - Finding Trip
2025-03-20 08:30:41,750 [1] INFO LabMPP.repository.databases.DBUtils - Connection opened successfully.
2025-03-20 08:30:41,750 [1] INFO LabMPP.repository.databases.ReservationRepository - Finding Reservation
2025-03-20 08:30:41,751 [1] INFO LabMPP.repository.databases.DBUtils - Connection opened successfully.
2025-03-20 08:30:41,752 [1] INFO LabMPP.repository.databases.TripRepoRepository - Finding Trip
2025-03-20 08:30:41,753 [1] INFO LabMPP.repository.databases.DBUtils - Connection opened successfully.
2025-03-20 08:30:41,754 [1] INFO LabMPP.repository.databases.ReservationRepository - Finding Reservation
2025-03-20 08:30:41,755 [1] INFO LabMPP.repository.databases.DBUtils - Connection opened successfully.
2025-03-20 08:30:41,755 [1] INFO LabMPP.repository.databases.TripRepoRepository - Finding Trip
2025-03-20 08:30:41,756 [1] INFO LabMPP.repository.databases.DBUtils - Connection opened successfully.
2025-03-20 08:30:41,757 [1] INFO LabMPP.repository.databases.ReservationRepository - Finding Reservation
2025-03-20 08:30:41,758 [1] INFO LabMPP.repository.databases.DBUtils - Connection opened successfully.
2025-03-20 08:30:41,759 [1] INFO LabMPP.repository.databases.TripRepoRepository - Finding Trip
2025-03-20 08:30:41,760 [1] INFO LabMPP.repository.databases.DBUtils - Connection opened successfully.
2025-03-20 08:30:41,761 [1] INFO LabMPP.repository.databases.ReservationRepository - Finding Reservation
2025-03-20 08:30:41,761 [1] INFO LabMPP.repository.databases.DBUtils - Connection opened successfully.
2025-03-20 08:30:41,762 [1] INFO LabMPP.repository.databases.TripRepoRepository - Finding Trip
2025-03-20 08:30:41,763 [1] INFO LabMPP.repository.databases.DBUtils - Connection opened successfully.
2025-03-20 08:30:41,764 [1] INFO LabMPP.repository.databases.ReservationRepository - Finding Reservation
2025-03-20 08:30:41,765 [1] INFO LabMPP.repository.databases.DBUtils - Connection opened successfully.
2025-03-20 08:30:41,766 [1] INFO LabMPP.repository.databases.TripRepoRepository - Finding Trip
2025-03-20 08:30:41,767 [1] INFO LabMPP.repository.databases.DBUtils - Connection opened successfully.
2025-03-20 08:30:41,768 [1] INFO LabMPP.repository.databases.ReservationRepository - Finding Reservation
2025-03-20 08:30:41,769 [1] INFO LabMPP.repository.databases.DBUtils - Connection opened successfully.
2025-03-20 08:30:41,770 [1] INFO LabMPP.repository.databases.TripRepoRepository - Finding Trip
2025-03-20 08:30:41,771 [1] INFO LabMPP.repository.databases.DBUtils - Connection opened successfully.
2025-03-20 08:30:41,771 [1] INFO LabMPP.repository.databases.ReservationRepository - Finding Reservation
2025-03-20 08:30:41,772 [1] INFO LabMPP.repository.databases.DBUtils - Connection opened successfully.
2025-03-20 08:30:41,773 [1] INFO LabMPP.repository.databases.TripRepoRepository - Finding Trip
2025-03-20 08:30:41,774 [1] INFO LabMPP.repository.databases.DBUtils - Connection opened successfully.
2025-03-20 08:30:41,775 [1] INFO LabMPP.repository.databases.ReservationRepository - Finding Reservation
2025-03-20 08:30:41,776 [1] INFO LabMPP.repository.databases.DBUtils - Connection opened successfully.
2025-03-20 08:30:41,776 [1] INFO LabMPP.repository.databases.TripRepoRepository - Finding Trip
2025-03-20 08:30:41,778 [1] INFO LabMPP.repository.databases.DBUtils - Connection opened successfully.
2025-03-20 08:30:41,788 [1] INFO LabMPP.repository.databases.ReservationRepository - Saving Reservation
2025-03-20 08:30:41,789 [1] INFO LabMPP.repository.databases.DBUtils - Connection opened successfully.
2025-03-20 08:30:41,805 [1] INFO LabMPP.repository.databases.ReservationRepository - Finding all Reservations
2025-03-20 08:30:41,808 [1] INFO LabMPP.repository.databases.DBUtils - Connection opened successfully.
2025-03-20 08:30:41,809 [1] INFO LabMPP.repository.databases.ReservationRepository - Finding Reservation
2025-03-20 08:30:41,811 [1] INFO LabMPP.repository.databases.DBUtils - Connection opened successfully.
2025-03-20 08:30:41,811 [1] INFO LabMPP.repository.databases.TripRepoRepository - Finding Trip
2025-03-20 08:30:41,813 [1] INFO LabMPP.repository.databases.DBUtils - Connection opened successfully.
2025-03-20 08:30:41,813 [1] INFO LabMPP.repository.databases.ReservationRepository - Finding Reservation
2025-03-20 08:30:41,814 [1] INFO LabMPP.repository.databases.DBUtils - Connection opened successfully.
2025-03-20 08:30:41,815 [1] INFO LabMPP.repository.databases.TripRepoRepository - Finding Trip
2025-03-20 08:30:41,816 [1] INFO LabMPP.repository.databases.DBUtils - Connection opened successfully.
2025-03-20 08:30:41,817 [1] INFO LabMPP.repository.databases.ReservationRepository - Finding Reservation
2025-03-20 08:30:41,818 [1] INFO LabMPP.repository.databases.DBUtils - Connection opened successfully.
2025-03-20 08:30:41,819 [1] INFO LabMPP.repository.databases.TripRepoRepository - Finding Trip
2025-03-20 08:30:41,820 [1] INFO LabMPP.repository.databases.DBUtils - Connection opened successfully.
2025-03-20 08:30:41,821 [1] INFO LabMPP.repository.databases.ReservationRepository - Finding Reservation
2025-03-20 08:30:41,822 [1] INFO LabMPP.repository.databases.DBUtils - Connection opened successfully.
2025-03-20 08:30:41,823 [1] INFO LabMPP.repository.databases.TripRepoRepository - Finding Trip
2025-03-20 08:30:41,824 [1] INFO LabMPP.repository.databases.DBUtils - Connection opened successfully.
2025-03-20 08:30:41,825 [1] INFO LabMPP.repository.databases.ReservationRepository - Finding Reservation
2025-03-20 08:30:41,826 [1] INFO LabMPP.repository.databases.DBUtils - Connection opened successfully.
2025-03-20 08:30:41,827 [1] INFO LabMPP.repository.databases.TripRepoRepository - Finding Trip
2025-03-20 08:30:41,828 [1] INFO LabMPP.repository.databases.DBUtils - Connection opened successfully.
2025-03-20 08:30:41,829 [1] INFO LabMPP.repository.databases.ReservationRepository - Finding Reservation
2025-03-20 08:30:41,830 [1] INFO LabMPP.repository.databases.DBUtils - Connection opened successfully.
2025-03-20 08:30:41,831 [1] INFO LabMPP.repository.databases.TripRepoRepository - Finding Trip
2025-03-20 08:30:41,832 [1] INFO LabMPP.repository.databases.DBUtils - Connection opened successfully.
2025-03-20 08:30:41,833 [1] INFO LabMPP.repository.databases.ReservationRepository - Finding Reservation
2025-03-20 08:30:41,834 [1] INFO LabMPP.repository.databases.DBUtils - Connection opened successfully.
2025-03-20 08:30:41,835 [1] INFO LabMPP.repository.databases.TripRepoRepository - Finding Trip
2025-03-20 08:30:41,836 [1] INFO LabMPP.repository.databases.DBUtils - Connection opened successfully.
2025-03-20 08:30:41,836 [1] INFO LabMPP.repository.databases.ReservationRepository - Finding Reservation
2025-03-20 08:30:41,837 [1] INFO LabMPP.repository.databases.DBUtils - Connection opened successfully.
2025-03-20 08:30:41,838 [1] INFO LabMPP.repository.databases.TripRepoRepository - Finding Trip
2025-03-20 08:30:41,839 [1] INFO LabMPP.repository.databases.DBUtils - Connection opened successfully.
2025-03-20 08:30:41,840 [1] INFO LabMPP.repository.databases.ReservationRepository - Finding Reservation
2025-03-20 08:30:41,841 [1] INFO LabMPP.repository.databases.DBUtils - Connection opened successfully.
2025-03-20 08:30:41,842 [1] INFO LabMPP.repository.databases.TripRepoRepository - Finding Trip
2025-03-20 08:30:41,843 [1] INFO LabMPP.repository.databases.DBUtils - Connection opened successfully.
2025-03-20 08:30:41,844 [1] INFO LabMPP.repository.databases.ReservationRepository - Finding Reservation
2025-03-20 08:30:41,845 [1] INFO LabMPP.repository.databases.DBUtils - Connection opened successfully.
2025-03-20 08:30:41,846 [1] INFO LabMPP.repository.databases.TripRepoRepository - Finding Trip
2025-03-20 08:30:41,847 [1] INFO LabMPP.repository.databases.DBUtils - Connection opened successfully.
2025-03-20 08:30:41,848 [1] INFO LabMPP.repository.databases.ReservationRepository - Finding Reservation
2025-03-20 08:30:41,849 [1] INFO LabMPP.repository.databases.DBUtils - Connection opened successfully.
2025-03-20 08:30:41,849 [1] INFO LabMPP.repository.databases.TripRepoRepository - Finding Trip
2025-03-20 08:30:41,851 [1] INFO LabMPP.repository.databases.DBUtils - Connection opened successfully.
2025-03-20 08:30:41,851 [1] INFO LabMPP.repository.databases.ReservationRepository - Finding Reservation
2025-03-20 08:30:41,852 [1] INFO LabMPP.repository.databases.DBUtils - Connection opened successfully.
2025-03-20 08:30:41,853 [1] INFO LabMPP.repository.databases.TripRepoRepository - Finding Trip
2025-03-20 08:30:41,854 [1] INFO LabMPP.repository.databases.DBUtils - Connection opened successfully.
2025-03-20 08:30:41,855 [1] INFO LabMPP.repository.databases.ReservationRepository - Finding Reservation
2025-03-20 08:30:41,856 [1] INFO LabMPP.repository.databases.DBUtils - Connection opened successfully.
2025-03-20 08:30:41,857 [1] INFO LabMPP.repository.databases.TripRepoRepository - Finding Trip
2025-03-20 08:30:41,858 [1] INFO LabMPP.repository.databases.DBUtils - Connection opened successfully.
2025-03-20 08:30:41,859 [1] INFO LabMPP.repository.databases.ReservationRepository - Finding Reservation
2025-03-20 08:30:41,860 [1] INFO LabMPP.repository.databases.DBUtils - Connection opened successfully.
2025-03-20 08:30:41,861 [1] INFO LabMPP.repository.databases.TripRepoRepository - Finding Trip
2025-03-20 08:30:41,862 [1] INFO LabMPP.repository.databases.DBUtils - Connection opened successfully.
2025-03-20 08:30:41,862 [1] INFO LabMPP.repository.databases.ReservationRepository - Finding Reservation
2025-03-20 08:30:41,863 [1] INFO LabMPP.repository.databases.DBUtils - Connection opened successfully.
2025-03-20 08:30:41,864 [1] INFO LabMPP.repository.databases.TripRepoRepository - Finding Trip
2025-03-20 08:30:41,864 [1] INFO LabMPP.repository.databases.DBUtils - Connection opened successfully.
2025-03-20 08:30:41,865 [1] INFO LabMPP.repository.databases.ReservationRepository - Finding Reservation
2025-03-20 08:30:41,866 [1] INFO LabMPP.repository.databases.DBUtils - Connection opened successfully.
2025-03-20 08:30:41,867 [1] INFO LabMPP.repository.databases.TripRepoRepository - Finding Trip
2025-03-20 08:30:41,868 [1] INFO LabMPP.repository.databases.DBUtils - Connection opened successfully.
2025-03-20 08:30:41,868 [1] INFO LabMPP.repository.databases.ReservationRepository - Finding Reservation
2025-03-20 08:30:41,869 [1] INFO LabMPP.repository.databases.DBUtils - Connection opened successfully.
2025-03-20 08:30:41,870 [1] INFO LabMPP.repository.databases.TripRepoRepository - Finding Trip
2025-03-20 08:30:41,871 [1] INFO LabMPP.repository.databases.DBUtils - Connection opened successfully.
2025-03-20 08:30:41,872 [1] INFO LabMPP.repository.databases.ReservationRepository - Finding Reservation
2025-03-20 08:30:41,873 [1] INFO LabMPP.repository.databases.DBUtils - Connection opened successfully.
2025-03-20 08:30:41,874 [1] INFO LabMPP.repository.databases.TripRepoRepository - Finding Trip
2025-03-20 08:30:41,875 [1] INFO LabMPP.repository.databases.DBUtils - Connection opened successfully.
2025-03-20 08:30:41,876 [1] INFO LabMPP.repository.databases.ReservationRepository - Finding Reservation
2025-03-20 08:30:41,877 [1] INFO LabMPP.repository.databases.DBUtils - Connection opened successfully.
2025-03-20 08:30:41,877 [1] INFO LabMPP.repository.databases.TripRepoRepository - Finding Trip
2025-03-20 08:30:41,878 [1] INFO LabMPP.repository.databases.DBUtils - Connection opened successfully.
2025-03-20 08:30:41,879 [1] INFO LabMPP.repository.databases.ReservationRepository - Finding Reservation
2025-03-20 08:30:41,880 [1] INFO LabMPP.repository.databases.DBUtils - Connection opened successfully.
2025-03-20 08:30:41,880 [1] INFO LabMPP.repository.databases.TripRepoRepository - Finding Trip
2025-03-20 08:30:41,881 [1] INFO LabMPP.repository.databases.DBUtils - Connection opened successfully.
2025-03-20 08:30:41,882 [1] INFO LabMPP.repository.databases.ReservationRepository - Finding Reservation
2025-03-20 08:30:41,883 [1] INFO LabMPP.repository.databases.DBUtils - Connection opened successfully.
2025-03-20 08:30:41,883 [1] INFO LabMPP.repository.databases.TripRepoRepository - Finding Trip
2025-03-20 08:30:41,884 [1] INFO LabMPP.repository.databases.DBUtils - Connection opened successfully.
2025-03-20 08:30:41,885 [1] INFO LabMPP.repository.databases.ReservationRepository - Finding Reservation
2025-03-20 08:30:41,886 [1] INFO LabMPP.repository.databases.DBUtils - Connection opened successfully.
2025-03-20 08:30:41,886 [1] INFO LabMPP.repository.databases.TripRepoRepository - Finding Trip
2025-03-20 08:30:41,887 [1] INFO LabMPP.repository.databases.DBUtils - Connection opened successfully.
2025-03-20 08:30:41,888 [1] INFO LabMPP.repository.databases.ReservationRepository - Finding Reservation
2025-03-20 08:30:41,890 [1] INFO LabMPP.repository.databases.DBUtils - Connection opened successfully.
2025-03-20 08:30:41,891 [1] INFO LabMPP.repository.databases.TripRepoRepository - Finding Trip
2025-03-20 08:30:41,892 [1] INFO LabMPP.repository.databases.DBUtils - Connection opened successfully.
2025-03-20 08:30:41,892 [1] INFO LabMPP.repository.databases.ReservationRepository - Finding Reservation
2025-03-20 08:30:41,893 [1] INFO LabMPP.repository.databases.DBUtils - Connection opened successfully.
2025-03-20 08:30:41,894 [1] INFO LabMPP.repository.databases.TripRepoRepository - Finding Trip
2025-03-20 08:30:41,895 [1] INFO LabMPP.repository.databases.DBUtils - Connection opened successfully.
2025-03-20 08:30:41,896 [1] INFO LabMPP.repository.databases.ReservationRepository - Finding Reservation
2025-03-20 08:30:41,897 [1] INFO LabMPP.repository.databases.DBUtils - Connection opened successfully.
2025-03-20 08:30:41,898 [1] INFO LabMPP.repository.databases.TripRepoRepository - Finding Trip
2025-03-20 08:30:41,899 [1] INFO LabMPP.repository.databases.DBUtils - Connection opened successfully.
2025-03-20 08:30:41,899 [1] INFO LabMPP.repository.databases.ReservationRepository - Finding Reservation
2025-03-20 08:30:41,901 [1] INFO LabMPP.repository.databases.DBUtils - Connection opened successfully.
2025-03-20 08:30:41,901 [1] INFO LabMPP.repository.databases.TripRepoRepository - Finding Trip
2025-03-20 08:30:41,902 [1] INFO LabMPP.repository.databases.DBUtils - Connection opened successfully.
2025-03-20 08:30:41,903 [1] INFO LabMPP.repository.databases.ReservationRepository - Finding Reservation
2025-03-20 08:30:41,904 [1] INFO LabMPP.repository.databases.DBUtils - Connection opened successfully.
2025-03-20 08:30:41,905 [1] INFO LabMPP.repository.databases.TripRepoRepository - Finding Trip
2025-03-20 08:30:41,906 [1] INFO LabMPP.repository.databases.DBUtils - Connection opened successfully.
2025-03-20 08:30:41,906 [1] INFO LabMPP.repository.databases.ReservationRepository - Finding Reservation
2025-03-20 08:30:41,907 [1] INFO LabMPP.repository.databases.DBUtils - Connection opened successfully.
2025-03-20 08:30:41,908 [1] INFO LabMPP.repository.databases.TripRepoRepository - Finding Trip
2025-03-20 08:30:41,909 [1] INFO LabMPP.repository.databases.DBUtils - Connection opened successfully.
2025-03-20 08:30:41,909 [1] INFO LabMPP.repository.databases.ReservationRepository - Finding Reservation
2025-03-20 08:30:41,910 [1] INFO LabMPP.repository.databases.DBUtils - Connection opened successfully.
2025-03-20 08:30:41,911 [1] INFO LabMPP.repository.databases.TripRepoRepository - Finding Trip
2025-03-20 08:30:41,912 [1] INFO LabMPP.repository.databases.DBUtils - Connection opened successfully.
2025-03-20 08:30:41,912 [1] INFO LabMPP.repository.databases.ReservationRepository - Finding Reservation
2025-03-20 08:30:41,913 [1] INFO LabMPP.repository.databases.DBUtils - Connection opened successfully.
2025-03-20 08:30:41,914 [1] INFO LabMPP.repository.databases.TripRepoRepository - Finding Trip
2025-03-20 08:30:41,915 [1] INFO LabMPP.repository.databases.DBUtils - Connection opened successfully.
2025-03-20 08:30:41,915 [1] INFO LabMPP.repository.databases.ReservationRepository - Finding Reservation
2025-03-20 08:30:41,916 [1] INFO LabMPP.repository.databases.DBUtils - Connection opened successfully.
2025-03-20 08:30:41,917 [1] INFO LabMPP.repository.databases.TripRepoRepository - Finding Trip
2025-03-20 08:30:41,918 [1] INFO LabMPP.repository.databases.DBUtils - Connection opened successfully.
2025-03-20 08:30:41,919 [1] INFO LabMPP.repository.databases.ReservationRepository - Finding Reservation
2025-03-20 08:30:41,920 [1] INFO LabMPP.repository.databases.DBUtils - Connection opened successfully.
2025-03-20 08:30:41,921 [1] INFO LabMPP.repository.databases.TripRepoRepository - Finding Trip
2025-03-20 08:30:41,922 [1] INFO LabMPP.repository.databases.DBUtils - Connection opened successfully.
2025-03-20 08:30:52,459 [1] INFO LabMPP.service.Service - Getting manager by name
2025-03-20 08:30:52,460 [1] INFO LabMPP.repository.databases.ManagerRepository - Finding all Managers
2025-03-20 08:30:52,463 [1] INFO LabMPP.repository.databases.DBUtils - Connection opened successfully.
2025-03-20 08:30:52,489 [1] INFO LabMPP.service.Service - Getting all trips
2025-03-20 08:30:52,490 [1] INFO LabMPP.repository.databases.TripRepoRepository - Finding all Trips
2025-03-20 08:30:52,492 [1] INFO LabMPP.repository.databases.DBUtils - Connection opened successfully.
2025-03-20 08:30:57,063 [1] INFO LabMPP.service.Service - Getting all trips by destination
2025-03-20 08:30:57,063 [1] INFO LabMPP.repository.databases.TripRepoRepository - Finding all Trips
2025-03-20 08:30:57,065 [1] INFO LabMPP.repository.databases.DBUtils - Connection opened successfully.
2025-03-20 08:31:45,376 [1] INFO LabMPP.repository.databases.TripRepoRepository - Creating TripRepository
2025-03-20 08:31:45,392 [1] INFO LabMPP.repository.databases.ManagerRepository - Creating ManagerRepository
2025-03-20 08:31:45,393 [1] INFO LabMPP.repository.databases.ReservationRepository - Creating TripRepository
2025-03-20 08:31:45,393 [1] INFO LabMPP.repository.databases.TripRepoRepository - Creating TripRepository
2025-03-20 08:31:45,393 [1] INFO Program - Aplicația a pornit!
2025-03-20 08:31:45,481 [1] INFO LabMPP.repository.databases.DBUtils - Connection opened successfully.
2025-03-20 08:31:45,489 [1] INFO Program - Test connection successful
2025-03-20 08:31:58,256 [1] INFO LabMPP.service.Service - Getting manager by name
2025-03-20 08:31:58,257 [1] INFO LabMPP.repository.databases.ManagerRepository - Finding all Managers
2025-03-20 08:31:58,258 [1] INFO LabMPP.repository.databases.DBUtils - Connection opened successfully.
2025-03-20 08:31:58,284 [1] INFO LabMPP.service.Service - Getting all trips
2025-03-20 08:31:58,285 [1] INFO LabMPP.repository.databases.TripRepoRepository - Finding all Trips
2025-03-20 08:31:58,286 [1] INFO LabMPP.repository.databases.DBUtils - Connection opened successfully.
2025-03-20 08:32:02,449 [1] INFO LabMPP.service.Service - Getting all trips by destination
2025-03-20 08:32:02,450 [1] INFO LabMPP.repository.databases.TripRepoRepository - Finding all Trips
2025-03-20 08:32:02,451 [1] INFO LabMPP.repository.databases.DBUtils - Connection opened successfully.
2025-03-20 08:36:21,424 [1] INFO LabMPP.repository.databases.TripRepoRepository - Creating TripRepository
2025-03-20 08:36:21,457 [1] INFO LabMPP.repository.databases.ManagerRepository - Creating ManagerRepository
2025-03-20 08:36:21,459 [1] INFO LabMPP.repository.databases.ReservationRepository - Creating TripRepository
2025-03-20 08:36:21,459 [1] INFO LabMPP.repository.databases.TripRepoRepository - Creating TripRepository
2025-03-20 08:36:21,460 [1] INFO Program - Aplicația a pornit!
2025-03-20 08:36:21,573 [1] INFO LabMPP.repository.databases.DBUtils - Connection opened successfully.
2025-03-20 08:36:21,581 [1] INFO Program - Test connection successful
2025-03-20 08:36:32,154 [1] INFO LabMPP.service.Service - Getting manager by name
2025-03-20 08:36:32,156 [1] INFO LabMPP.repository.databases.ManagerRepository - Finding all Managers
2025-03-20 08:36:32,158 [1] INFO LabMPP.repository.databases.DBUtils - Connection opened successfully.
2025-03-20 08:36:32,204 [1] INFO LabMPP.service.Service - Getting all trips
2025-03-20 08:36:32,205 [1] INFO LabMPP.repository.databases.TripRepoRepository - Finding all Trips
2025-03-20 08:36:32,205 [1] INFO LabMPP.repository.databases.DBUtils - Connection opened successfully.
2025-03-20 08:36:46,392 [1] INFO LabMPP.service.Service - Getting all trips by destination
2025-03-20 08:36:46,403 [1] INFO LabMPP.repository.databases.TripRepoRepository - Finding all Trips
2025-03-20 08:36:46,404 [1] INFO LabMPP.repository.databases.DBUtils - Connection opened successfully.
2025-03-20 08:54:11,826 [1] INFO LabMPP.repository.databases.TripRepoRepository - Creating TripRepository
2025-03-20 08:54:11,856 [1] INFO LabMPP.repository.databases.ManagerRepository - Creating ManagerRepository
2025-03-20 08:54:11,859 [1] INFO LabMPP.repository.databases.ReservationRepository - Creating TripRepository
2025-03-20 08:54:11,859 [1] INFO LabMPP.repository.databases.TripRepoRepository - Creating TripRepository
2025-03-20 08:54:11,860 [1] INFO Program - Aplicația a pornit!
2025-03-20 08:54:12,197 [1] INFO LabMPP.repository.databases.DBUtils - Connection opened successfully.
2025-03-20 08:54:12,207 [1] INFO Program - Test connection successful
2025-03-20 08:54:41,841 [1] INFO LabMPP.service.Service - Getting manager by name
2025-03-20 08:54:41,843 [1] INFO LabMPP.repository.databases.ManagerRepository - Finding all Managers
2025-03-20 08:54:41,846 [1] INFO LabMPP.repository.databases.DBUtils - Connection opened successfully.
2025-03-20 08:54:41,898 [1] INFO LabMPP.service.Service - Getting all trips
2025-03-20 08:54:41,898 [1] INFO LabMPP.repository.databases.TripRepoRepository - Finding all Trips
2025-03-20 08:54:41,899 [1] INFO LabMPP.repository.databases.DBUtils - Connection opened successfully.
2025-03-20 08:54:54,045 [1] INFO LabMPP.service.Service - Getting all trips by destination
2025-03-20 08:54:54,045 [1] INFO LabMPP.repository.databases.TripRepoRepository - Finding all Trips
2025-03-20 08:54:54,046 [1] INFO LabMPP.repository.databases.DBUtils - Connection opened successfully.
2025-03-20 08:55:43,477 [1] INFO LabMPP.repository.databases.TripRepoRepository - Creating TripRepository
2025-03-20 08:55:43,493 [1] INFO LabMPP.repository.databases.ManagerRepository - Creating ManagerRepository
2025-03-20 08:55:43,494 [1] INFO LabMPP.repository.databases.ReservationRepository - Creating TripRepository
2025-03-20 08:55:43,494 [1] INFO LabMPP.repository.databases.TripRepoRepository - Creating TripRepository
2025-03-20 08:55:43,494 [1] INFO Program - Aplicația a pornit!
2025-03-20 08:55:43,579 [1] INFO LabMPP.repository.databases.DBUtils - Connection opened successfully.
2025-03-20 08:55:43,586 [1] INFO Program - Test connection successful
2025-03-20 08:55:53,202 [1] INFO LabMPP.service.Service - Getting manager by name
2025-03-20 08:55:53,202 [1] INFO LabMPP.repository.databases.ManagerRepository - Finding all Managers
2025-03-20 08:55:53,203 [1] INFO LabMPP.repository.databases.DBUtils - Connection opened successfully.
2025-03-20 08:55:53,223 [1] INFO LabMPP.service.Service - Getting all trips
2025-03-20 08:55:53,223 [1] INFO LabMPP.repository.databases.TripRepoRepository - Finding all Trips
2025-03-20 08:55:53,224 [1] INFO LabMPP.repository.databases.DBUtils - Connection opened successfully.
2025-03-20 08:56:05,132 [1] INFO LabMPP.service.Service - Getting all trips by destination
2025-03-20 08:56:05,132 [1] INFO LabMPP.repository.databases.TripRepoRepository - Finding all Trips
2025-03-20 08:56:05,133 [1] INFO LabMPP.repository.databases.DBUtils - Connection opened successfully.
2025-03-20 08:56:32,264 [1] INFO LabMPP.service.Service - Getting all trips by destination
2025-03-20 08:56:32,264 [1] INFO LabMPP.repository.databases.TripRepoRepository - Finding all Trips
2025-03-20 08:56:32,265 [1] INFO LabMPP.repository.databases.DBUtils - Connection opened successfully.
2025-03-20 08:56:49,644 [1] INFO LabMPP.repository.databases.TripRepoRepository - Creating TripRepository
2025-03-20 08:56:49,717 [1] INFO LabMPP.repository.databases.ManagerRepository - Creating ManagerRepository
2025-03-20 08:56:49,718 [1] INFO LabMPP.repository.databases.ReservationRepository - Creating TripRepository
2025-03-20 08:56:49,718 [1] INFO LabMPP.repository.databases.TripRepoRepository - Creating TripRepository
2025-03-20 08:56:49,718 [1] INFO Program - Aplicația a pornit!
2025-03-20 08:56:50,108 [1] INFO LabMPP.repository.databases.DBUtils - Connection opened successfully.
2025-03-20 08:56:50,114 [1] INFO Program - Test connection successful
2025-03-20 08:57:02,378 [1] INFO LabMPP.service.Service - Getting manager by name
2025-03-20 08:57:02,378 [1] INFO LabMPP.repository.databases.ManagerRepository - Finding all Managers
2025-03-20 08:57:02,379 [1] INFO LabMPP.repository.databases.DBUtils - Connection opened successfully.
2025-03-20 08:57:02,443 [1] INFO LabMPP.service.Service - Getting all trips
2025-03-20 08:57:02,443 [1] INFO LabMPP.repository.databases.TripRepoRepository - Finding all Trips
2025-03-20 08:57:02,444 [1] INFO LabMPP.repository.databases.DBUtils - Connection opened successfully.
2025-03-20 08:57:13,808 [1] INFO LabMPP.service.Service - Getting all trips by destination
2025-03-20 08:57:13,808 [1] INFO LabMPP.repository.databases.TripRepoRepository - Finding all Trips
2025-03-20 08:57:13,810 [1] INFO LabMPP.repository.databases.DBUtils - Connection opened successfully.
2025-03-20 08:59:51,595 [1] INFO LabMPP.repository.databases.TripRepoRepository - Creating TripRepository
2025-03-20 08:59:51,611 [1] INFO LabMPP.repository.databases.ManagerRepository - Creating ManagerRepository
2025-03-20 08:59:51,612 [1] INFO LabMPP.repository.databases.ReservationRepository - Creating TripRepository
2025-03-20 08:59:51,612 [1] INFO LabMPP.repository.databases.TripRepoRepository - Creating TripRepository
2025-03-20 08:59:51,612 [1] INFO Program - Aplicația a pornit!
2025-03-20 08:59:51,674 [1] INFO LabMPP.repository.databases.DBUtils - Connection opened successfully.
2025-03-20 08:59:51,679 [1] INFO Program - Test connection successful
2025-03-20 09:00:02,418 [1] INFO LabMPP.service.Service - Getting manager by name
2025-03-20 09:00:02,420 [1] INFO LabMPP.repository.databases.ManagerRepository - Finding all Managers
2025-03-20 09:00:02,421 [1] INFO LabMPP.repository.databases.DBUtils - Connection opened successfully.
2025-03-20 09:00:02,446 [1] INFO LabMPP.service.Service - Getting all trips
2025-03-20 09:00:02,447 [1] INFO LabMPP.repository.databases.TripRepoRepository - Finding all Trips
2025-03-20 09:00:02,448 [1] INFO LabMPP.repository.databases.DBUtils - Connection opened successfully.
2025-03-20 09:00:12,746 [1] INFO LabMPP.service.Service - Getting all trips by destination
2025-03-20 09:00:12,746 [1] INFO LabMPP.repository.databases.TripRepoRepository - Finding all Trips
2025-03-20 09:00:12,747 [1] INFO LabMPP.repository.databases.DBUtils - Connection opened successfully.
2025-03-20 09:01:06,459 [1] INFO LabMPP.repository.databases.TripRepoRepository - Creating TripRepository
2025-03-20 09:01:06,475 [1] INFO LabMPP.repository.databases.ManagerRepository - Creating ManagerRepository
2025-03-20 09:01:06,475 [1] INFO LabMPP.repository.databases.ReservationRepository - Creating TripRepository
2025-03-20 09:01:06,476 [1] INFO LabMPP.repository.databases.TripRepoRepository - Creating TripRepository
2025-03-20 09:01:06,476 [1] INFO Program - Aplicația a pornit!
2025-03-20 09:01:06,549 [1] INFO LabMPP.repository.databases.DBUtils - Connection opened successfully.
2025-03-20 09:01:06,556 [1] INFO Program - Test connection successful
2025-03-20 09:01:18,427 [1] INFO LabMPP.service.Service - Getting manager by name
2025-03-20 09:01:18,428 [1] INFO LabMPP.repository.databases.ManagerRepository - Finding all Managers
2025-03-20 09:01:18,429 [1] INFO LabMPP.repository.databases.DBUtils - Connection opened successfully.
2025-03-20 09:01:18,451 [1] INFO LabMPP.service.Service - Getting all trips
2025-03-20 09:01:18,452 [1] INFO LabMPP.repository.databases.TripRepoRepository - Finding all Trips
2025-03-20 09:01:18,453 [1] INFO LabMPP.repository.databases.DBUtils - Connection opened successfully.
2025-03-20 09:01:29,523 [1] INFO LabMPP.service.Service - Getting all trips by destination
2025-03-20 09:01:29,524 [1] INFO LabMPP.repository.databases.TripRepoRepository - Finding all Trips
2025-03-20 09:01:29,525 [1] INFO LabMPP.repository.databases.DBUtils - Connection opened successfully.
2025-03-20 09:01:55,593 [1] INFO LabMPP.repository.databases.TripRepoRepository - Creating TripRepository
2025-03-20 09:01:55,609 [1] INFO LabMPP.repository.databases.ManagerRepository - Creating ManagerRepository
2025-03-20 09:01:55,609 [1] INFO LabMPP.repository.databases.ReservationRepository - Creating TripRepository
2025-03-20 09:01:55,610 [1] INFO LabMPP.repository.databases.TripRepoRepository - Creating TripRepository
2025-03-20 09:01:55,610 [1] INFO Program - Aplicația a pornit!
2025-03-20 09:01:55,682 [1] INFO LabMPP.repository.databases.DBUtils - Connection opened successfully.
2025-03-20 09:01:55,687 [1] INFO Program - Test connection successful
2025-03-20 09:02:05,256 [1] INFO LabMPP.service.Service - Getting manager by name
2025-03-20 09:02:05,258 [1] INFO LabMPP.repository.databases.ManagerRepository - Finding all Managers
2025-03-20 09:02:05,261 [1] INFO LabMPP.repository.databases.DBUtils - Connection opened successfully.
2025-03-20 09:02:05,295 [1] INFO LabMPP.service.Service - Getting all trips
2025-03-20 09:02:05,295 [1] INFO LabMPP.repository.databases.TripRepoRepository - Finding all Trips
2025-03-20 09:02:05,296 [1] INFO LabMPP.repository.databases.DBUtils - Connection opened successfully.
2025-03-20 09:02:15,669 [1] INFO LabMPP.service.Service - Getting all trips by destination
2025-03-20 09:02:15,669 [1] INFO LabMPP.repository.databases.TripRepoRepository - Finding all Trips
2025-03-20 09:02:15,670 [1] INFO LabMPP.repository.databases.DBUtils - Connection opened successfully.
2025-03-20 09:03:13,277 [1] INFO LabMPP.repository.databases.TripRepoRepository - Creating TripRepository
2025-03-20 09:03:13,296 [1] INFO LabMPP.repository.databases.ManagerRepository - Creating ManagerRepository
2025-03-20 09:03:13,297 [1] INFO LabMPP.repository.databases.ReservationRepository - Creating TripRepository
2025-03-20 09:03:13,297 [1] INFO LabMPP.repository.databases.TripRepoRepository - Creating TripRepository
2025-03-20 09:03:13,297 [1] INFO Program - Aplicația a pornit!
2025-03-20 09:03:13,370 [1] INFO LabMPP.repository.databases.DBUtils - Connection opened successfully.
2025-03-20 09:03:13,375 [1] INFO Program - Test connection successful
2025-03-20 09:03:23,595 [1] INFO LabMPP.service.Service - Getting manager by name
2025-03-20 09:03:23,597 [1] INFO LabMPP.repository.databases.ManagerRepository - Finding all Managers
2025-03-20 09:03:23,599 [1] INFO LabMPP.repository.databases.DBUtils - Connection opened successfully.
2025-03-20 09:03:23,636 [1] INFO LabMPP.service.Service - Getting all trips
2025-03-20 09:03:23,636 [1] INFO LabMPP.repository.databases.TripRepoRepository - Finding all Trips
2025-03-20 09:03:23,637 [1] INFO LabMPP.repository.databases.DBUtils - Connection opened successfully.
2025-03-20 09:03:33,415 [1] INFO LabMPP.service.Service - Getting all trips by destination
2025-03-20 09:03:33,415 [1] INFO LabMPP.repository.databases.TripRepoRepository - Finding all Trips
2025-03-20 09:03:33,416 [1] INFO LabMPP.repository.databases.DBUtils - Connection opened successfully.
2025-03-20 09:13:09,964 [1] INFO LabMPP.repository.databases.TripRepoRepository - Creating TripRepository
2025-03-20 09:13:09,976 [1] INFO LabMPP.repository.databases.ManagerRepository - Creating ManagerRepository
2025-03-20 09:13:09,977 [1] INFO LabMPP.repository.databases.ReservationRepository - Creating TripRepository
2025-03-20 09:13:09,977 [1] INFO LabMPP.repository.databases.TripRepoRepository - Creating TripRepository
2025-03-20 09:13:09,977 [1] INFO Program - Aplicația a pornit!
2025-03-20 09:13:10,032 [1] INFO LabMPP.repository.databases.DBUtils - Connection opened successfully.
2025-03-20 09:13:10,037 [1] INFO Program - Test connection successful
2025-03-20 09:13:19,835 [1] INFO LabMPP.service.Service - Getting manager by name
2025-03-20 09:13:19,835 [1] INFO LabMPP.repository.databases.ManagerRepository - Finding all Managers
2025-03-20 09:13:19,836 [1] INFO LabMPP.repository.databases.DBUtils - Connection opened successfully.
2025-03-20 09:13:19,866 [1] INFO LabMPP.service.Service - Getting all trips
2025-03-20 09:13:19,866 [1] INFO LabMPP.repository.databases.TripRepoRepository - Finding all Trips
2025-03-20 09:13:19,867 [1] INFO LabMPP.repository.databases.DBUtils - Connection opened successfully.
2025-03-20 09:13:30,537 [1] INFO LabMPP.service.Service - Getting all trips by destination
2025-03-20 09:13:30,549 [1] INFO LabMPP.repository.databases.TripRepoRepository - Finding all Trips
2025-03-20 09:13:30,551 [1] INFO LabMPP.repository.databases.DBUtils - Connection opened successfully.
2025-03-20 09:14:03,850 [1] INFO LabMPP.repository.databases.TripRepoRepository - Creating TripRepository
2025-03-20 09:14:03,862 [1] INFO LabMPP.repository.databases.ManagerRepository - Creating ManagerRepository
2025-03-20 09:14:03,862 [1] INFO LabMPP.repository.databases.ReservationRepository - Creating TripRepository
2025-03-20 09:14:03,862 [1] INFO LabMPP.repository.databases.TripRepoRepository - Creating TripRepository
2025-03-20 09:14:03,862 [1] INFO Program - Aplicația a pornit!
2025-03-20 09:14:03,917 [1] INFO LabMPP.repository.databases.DBUtils - Connection opened successfully.
2025-03-20 09:14:03,922 [1] INFO Program - Test connection successful
2025-03-20 09:14:13,779 [1] INFO LabMPP.service.Service - Getting manager by name
2025-03-20 09:14:13,782 [1] INFO LabMPP.repository.databases.ManagerRepository - Finding all Managers
2025-03-20 09:14:13,784 [1] INFO LabMPP.repository.databases.DBUtils - Connection opened successfully.
2025-03-20 09:14:13,822 [1] INFO LabMPP.service.Service - Getting all trips
2025-03-20 09:14:13,823 [1] INFO LabMPP.repository.databases.TripRepoRepository - Finding all Trips
2025-03-20 09:14:13,823 [1] INFO LabMPP.repository.databases.DBUtils - Connection opened successfully.
2025-03-20 09:14:23,961 [1] INFO LabMPP.service.Service - Getting all trips by destination
2025-03-20 09:14:23,961 [1] INFO LabMPP.repository.databases.TripRepoRepository - Finding all Trips
2025-03-20 09:14:23,962 [1] INFO LabMPP.repository.databases.DBUtils - Connection opened successfully.
2025-03-20 09:14:36,378 [1] INFO LabMPP.service.Service - Getting all trips by destination
2025-03-20 09:14:36,378 [1] INFO LabMPP.repository.databases.TripRepoRepository - Finding all Trips
2025-03-20 09:14:36,379 [1] INFO LabMPP.repository.databases.DBUtils - Connection opened successfully.
2025-03-20 09:16:18,260 [1] INFO LabMPP.repository.databases.TripRepoRepository - Creating TripRepository
2025-03-20 09:16:18,271 [1] INFO LabMPP.repository.databases.ManagerRepository - Creating ManagerRepository
2025-03-20 09:16:18,271 [1] INFO LabMPP.repository.databases.ReservationRepository - Creating TripRepository
2025-03-20 09:16:18,271 [1] INFO LabMPP.repository.databases.TripRepoRepository - Creating TripRepository
2025-03-20 09:16:18,272 [1] INFO Program - Aplicația a pornit!
2025-03-20 09:16:18,330 [1] INFO LabMPP.repository.databases.DBUtils - Connection opened successfully.
2025-03-20 09:16:18,334 [1] INFO Program - Test connection successful
2025-03-20 09:16:30,769 [1] INFO LabMPP.service.Service - Getting manager by name
2025-03-20 09:16:30,770 [1] INFO LabMPP.repository.databases.ManagerRepository - Finding all Managers
2025-03-20 09:16:30,772 [1] INFO LabMPP.repository.databases.DBUtils - Connection opened successfully.
2025-03-20 09:16:30,798 [1] INFO LabMPP.service.Service - Getting all trips
2025-03-20 09:16:30,798 [1] INFO LabMPP.repository.databases.TripRepoRepository - Finding all Trips
2025-03-20 09:16:30,799 [1] INFO LabMPP.repository.databases.DBUtils - Connection opened successfully.
2025-03-20 09:16:40,385 [1] INFO LabMPP.service.Service - Getting all trips by destination
2025-03-20 09:16:40,385 [1] INFO LabMPP.repository.databases.TripRepoRepository - Finding all Trips
2025-03-20 09:16:40,386 [1] INFO LabMPP.repository.databases.DBUtils - Connection opened successfully.
2025-03-20 09:17:32,261 [1] INFO LabMPP.repository.databases.TripRepoRepository - Creating TripRepository
2025-03-20 09:17:32,274 [1] INFO LabMPP.repository.databases.ManagerRepository - Creating ManagerRepository
2025-03-20 09:17:32,274 [1] INFO LabMPP.repository.databases.ReservationRepository - Creating TripRepository
2025-03-20 09:17:32,274 [1] INFO LabMPP.repository.databases.TripRepoRepository - Creating TripRepository
2025-03-20 09:17:32,274 [1] INFO Program - Aplicația a pornit!
2025-03-20 09:17:32,328 [1] INFO LabMPP.repository.databases.DBUtils - Connection opened successfully.
2025-03-20 09:17:32,332 [1] INFO Program - Test connection successful
2025-03-20 09:17:47,090 [1] INFO LabMPP.service.Service - Getting manager by name
2025-03-20 09:17:47,090 [1] INFO LabMPP.repository.databases.ManagerRepository - Finding all Managers
2025-03-20 09:17:47,091 [1] INFO LabMPP.repository.databases.DBUtils - Connection opened successfully.
2025-03-20 09:17:47,107 [1] INFO LabMPP.service.Service - Getting all trips
2025-03-20 09:17:47,108 [1] INFO LabMPP.repository.databases.TripRepoRepository - Finding all Trips
2025-03-20 09:17:47,108 [1] INFO LabMPP.repository.databases.DBUtils - Connection opened successfully.
2025-03-20 09:17:56,294 [1] INFO LabMPP.service.Service - Getting all trips by destination
2025-03-20 09:17:56,295 [1] INFO LabMPP.repository.databases.TripRepoRepository - Finding all Trips
2025-03-20 09:17:56,295 [1] INFO LabMPP.repository.databases.DBUtils - Connection opened successfully.
2025-03-20 09:18:22,074 [1] INFO LabMPP.repository.databases.TripRepoRepository - Creating TripRepository
2025-03-20 09:18:22,107 [1] INFO LabMPP.repository.databases.ManagerRepository - Creating ManagerRepository
2025-03-20 09:18:22,107 [1] INFO LabMPP.repository.databases.ReservationRepository - Creating TripRepository
2025-03-20 09:18:22,107 [1] INFO LabMPP.repository.databases.TripRepoRepository - Creating TripRepository
2025-03-20 09:18:22,108 [1] INFO Program - Aplicația a pornit!
2025-03-20 09:18:22,270 [1] INFO LabMPP.repository.databases.DBUtils - Connection opened successfully.
2025-03-20 09:18:22,274 [1] INFO Program - Test connection successful
2025-03-20 09:18:33,182 [1] INFO LabMPP.service.Service - Getting manager by name
2025-03-20 09:18:33,185 [1] INFO LabMPP.repository.databases.ManagerRepository - Finding all Managers
2025-03-20 09:18:33,187 [1] INFO LabMPP.repository.databases.DBUtils - Connection opened successfully.
2025-03-20 09:18:33,240 [1] INFO LabMPP.service.Service - Getting all trips
2025-03-20 09:18:33,241 [1] INFO LabMPP.repository.databases.TripRepoRepository - Finding all Trips
2025-03-20 09:18:33,241 [1] INFO LabMPP.repository.databases.DBUtils - Connection opened successfully.
2025-03-20 09:18:44,069 [1] INFO LabMPP.service.Service - Getting all trips by destination
2025-03-20 09:18:44,069 [1] INFO LabMPP.repository.databases.TripRepoRepository - Finding all Trips
2025-03-20 09:18:44,070 [1] INFO LabMPP.repository.databases.DBUtils - Connection opened successfully.
2025-03-20 09:19:56,309 [1] INFO LabMPP.repository.databases.TripRepoRepository - Creating TripRepository
2025-03-20 09:19:56,321 [1] INFO LabMPP.repository.databases.ManagerRepository - Creating ManagerRepository
2025-03-20 09:19:56,321 [1] INFO LabMPP.repository.databases.ReservationRepository - Creating TripRepository
2025-03-20 09:19:56,322 [1] INFO LabMPP.repository.databases.TripRepoRepository - Creating TripRepository
2025-03-20 09:19:56,322 [1] INFO Program - Aplicația a pornit!
2025-03-20 09:19:56,372 [1] INFO LabMPP.repository.databases.DBUtils - Connection opened successfully.
2025-03-20 09:19:56,376 [1] INFO Program - Test connection successful
2025-03-20 09:20:07,366 [1] INFO LabMPP.service.Service - Getting manager by name
2025-03-20 09:20:07,367 [1] INFO LabMPP.repository.databases.ManagerRepository - Finding all Managers
2025-03-20 09:20:07,367 [1] INFO LabMPP.repository.databases.DBUtils - Connection opened successfully.
2025-03-20 09:20:07,385 [1] INFO LabMPP.service.Service - Getting all trips
2025-03-20 09:20:07,386 [1] INFO LabMPP.repository.databases.TripRepoRepository - Finding all Trips
2025-03-20 09:20:07,387 [1] INFO LabMPP.repository.databases.DBUtils - Connection opened successfully.
2025-03-20 09:20:18,927 [1] INFO LabMPP.service.Service - Getting all trips by destination
2025-03-20 09:20:18,927 [1] INFO LabMPP.repository.databases.TripRepoRepository - Finding all Trips
2025-03-20 09:20:18,928 [1] INFO LabMPP.repository.databases.DBUtils - Connection opened successfully.
2025-03-20 09:21:34,880 [1] INFO LabMPP.repository.databases.TripRepoRepository - Creating TripRepository
2025-03-20 09:21:34,891 [1] INFO LabMPP.repository.databases.ManagerRepository - Creating ManagerRepository
2025-03-20 09:21:34,891 [1] INFO LabMPP.repository.databases.ReservationRepository - Creating TripRepository
2025-03-20 09:21:34,892 [1] INFO LabMPP.repository.databases.TripRepoRepository - Creating TripRepository
2025-03-20 09:21:34,892 [1] INFO Program - Aplicația a pornit!
2025-03-20 09:21:34,944 [1] INFO LabMPP.repository.databases.DBUtils - Connection opened successfully.
2025-03-20 09:21:34,948 [1] INFO Program - Test connection successful
2025-03-20 09:21:46,292 [1] INFO LabMPP.service.Service - Getting manager by name
2025-03-20 09:21:46,293 [1] INFO LabMPP.repository.databases.ManagerRepository - Finding all Managers
2025-03-20 09:21:46,293 [1] INFO LabMPP.repository.databases.DBUtils - Connection opened successfully.
2025-03-20 09:21:46,311 [1] INFO LabMPP.service.Service - Getting all trips
2025-03-20 09:21:46,311 [1] INFO LabMPP.repository.databases.TripRepoRepository - Finding all Trips
2025-03-20 09:21:46,312 [1] INFO LabMPP.repository.databases.DBUtils - Connection opened successfully.
2025-03-20 09:21:55,481 [1] INFO LabMPP.service.Service - Getting all trips by destination
2025-03-20 09:21:55,482 [1] INFO LabMPP.repository.databases.TripRepoRepository - Finding all Trips
2025-03-20 09:21:55,484 [1] INFO LabMPP.repository.databases.DBUtils - Connection opened successfully.
2025-03-20 09:24:30,271 [1] INFO LabMPP.repository.databases.TripRepoRepository - Creating TripRepository
2025-03-20 09:24:30,282 [1] INFO LabMPP.repository.databases.ManagerRepository - Creating ManagerRepository
2025-03-20 09:24:30,283 [1] INFO LabMPP.repository.databases.ReservationRepository - Creating TripRepository
2025-03-20 09:24:30,283 [1] INFO LabMPP.repository.databases.TripRepoRepository - Creating TripRepository
2025-03-20 09:24:30,283 [1] INFO Program - Aplicația a pornit!
2025-03-20 09:24:30,334 [1] INFO LabMPP.repository.databases.DBUtils - Connection opened successfully.
2025-03-20 09:24:30,338 [1] INFO Program - Test connection successful
2025-03-20 09:24:41,495 [1] INFO LabMPP.service.Service - Getting manager by name
2025-03-20 09:24:41,496 [1] INFO LabMPP.repository.databases.ManagerRepository - Finding all Managers
2025-03-20 09:24:41,497 [1] INFO LabMPP.repository.databases.DBUtils - Connection opened successfully.
2025-03-20 09:24:41,524 [1] INFO LabMPP.service.Service - Getting all trips
2025-03-20 09:24:41,525 [1] INFO LabMPP.repository.databases.TripRepoRepository - Finding all Trips
2025-03-20 09:24:41,525 [1] INFO LabMPP.repository.databases.DBUtils - Connection opened successfully.
2025-03-20 09:24:53,400 [1] INFO LabMPP.service.Service - Getting all trips by destination
2025-03-20 09:24:53,406 [1] INFO LabMPP.repository.databases.TripRepoRepository - Finding all Trips
2025-03-20 09:24:53,407 [1] INFO LabMPP.repository.databases.DBUtils - Connection opened successfully.
2025-03-20 09:26:46,750 [1] INFO LabMPP.repository.databases.TripRepoRepository - Creating TripRepository
2025-03-20 09:26:46,761 [1] INFO LabMPP.repository.databases.ManagerRepository - Creating ManagerRepository
2025-03-20 09:26:46,762 [1] INFO LabMPP.repository.databases.ReservationRepository - Creating TripRepository
2025-03-20 09:26:46,762 [1] INFO LabMPP.repository.databases.TripRepoRepository - Creating TripRepository
2025-03-20 09:26:46,762 [1] INFO Program - Aplicația a pornit!
2025-03-20 09:26:46,814 [1] INFO LabMPP.repository.databases.DBUtils - Connection opened successfully.
2025-03-20 09:26:46,819 [1] INFO Program - Test connection successful
2025-03-20 09:26:58,403 [1] INFO LabMPP.service.Service - Getting manager by name
2025-03-20 09:26:58,404 [1] INFO LabMPP.repository.databases.ManagerRepository - Finding all Managers
2025-03-20 09:26:58,404 [1] INFO LabMPP.repository.databases.DBUtils - Connection opened successfully.
2025-03-20 09:26:58,423 [1] INFO LabMPP.service.Service - Getting all trips
2025-03-20 09:26:58,423 [1] INFO LabMPP.repository.databases.TripRepoRepository - Finding all Trips
2025-03-20 09:26:58,424 [1] INFO LabMPP.repository.databases.DBUtils - Connection opened successfully.
2025-03-20 09:27:07,379 [1] INFO LabMPP.service.Service - Getting all trips by destination
2025-03-20 09:27:07,380 [1] INFO LabMPP.repository.databases.TripRepoRepository - Finding all Trips
2025-03-20 09:27:07,381 [1] INFO LabMPP.repository.databases.DBUtils - Connection opened successfully.
2025-03-20 09:27:41,282 [1] INFO LabMPP.repository.databases.TripRepoRepository - Creating TripRepository
2025-03-20 09:27:41,312 [1] INFO LabMPP.repository.databases.ManagerRepository - Creating ManagerRepository
2025-03-20 09:27:41,313 [1] INFO LabMPP.repository.databases.ReservationRepository - Creating TripRepository
2025-03-20 09:27:41,313 [1] INFO LabMPP.repository.databases.TripRepoRepository - Creating TripRepository
2025-03-20 09:27:41,313 [1] INFO Program - Aplicația a pornit!
2025-03-20 09:27:41,496 [1] INFO LabMPP.repository.databases.DBUtils - Connection opened successfully.
2025-03-20 09:27:41,500 [1] INFO Program - Test connection successful
2025-03-20 09:27:53,257 [1] INFO LabMPP.service.Service - Getting manager by name
2025-03-20 09:27:53,257 [1] INFO LabMPP.repository.databases.ManagerRepository - Finding all Managers
2025-03-20 09:27:53,258 [1] INFO LabMPP.repository.databases.DBUtils - Connection opened successfully.
2025-03-20 09:27:53,298 [1] INFO LabMPP.service.Service - Getting all trips
2025-03-20 09:27:53,299 [1] INFO LabMPP.repository.databases.TripRepoRepository - Finding all Trips
2025-03-20 09:27:53,299 [1] INFO LabMPP.repository.databases.DBUtils - Connection opened successfully.
2025-03-20 09:28:01,565 [1] INFO LabMPP.service.Service - Getting all trips by destination
2025-03-20 09:28:01,565 [1] INFO LabMPP.repository.databases.TripRepoRepository - Finding all Trips
2025-03-20 09:28:01,567 [1] INFO LabMPP.repository.databases.DBUtils - Connection opened successfully.
2025-03-20 09:30:04,192 [1] INFO LabMPP.repository.databases.TripRepoRepository - Creating TripRepository
2025-03-20 09:30:04,203 [1] INFO LabMPP.repository.databases.ManagerRepository - Creating ManagerRepository
2025-03-20 09:30:04,203 [1] INFO LabMPP.repository.databases.ReservationRepository - Creating TripRepository
2025-03-20 09:30:04,203 [1] INFO LabMPP.repository.databases.TripRepoRepository - Creating TripRepository
2025-03-20 09:30:04,204 [1] INFO Program - Aplicația a pornit!
2025-03-20 09:30:04,253 [1] INFO LabMPP.repository.databases.DBUtils - Connection opened successfully.
2025-03-20 09:30:04,258 [1] INFO Program - Test connection successful
2025-03-20 09:30:16,343 [1] INFO LabMPP.service.Service - Getting manager by name
2025-03-20 09:30:16,344 [1] INFO LabMPP.repository.databases.ManagerRepository - Finding all Managers
2025-03-20 09:30:16,345 [1] INFO LabMPP.repository.databases.DBUtils - Connection opened successfully.
2025-03-20 09:30:16,362 [1] INFO LabMPP.service.Service - Getting all trips
2025-03-20 09:30:16,362 [1] INFO LabMPP.repository.databases.TripRepoRepository - Finding all Trips
2025-03-20 09:30:16,363 [1] INFO LabMPP.repository.databases.DBUtils - Connection opened successfully.
2025-03-20 09:30:27,872 [1] INFO LabMPP.service.Service - Getting all trips by destination
2025-03-20 09:30:27,873 [1] INFO LabMPP.repository.databases.TripRepoRepository - Finding all Trips
2025-03-20 09:30:27,875 [1] INFO LabMPP.repository.databases.DBUtils - Connection opened successfully.
2025-03-20 09:37:04,497 [1] INFO LabMPP.repository.databases.TripRepoRepository - Creating TripRepository
2025-03-20 09:37:04,509 [1] INFO LabMPP.repository.databases.ManagerRepository - Creating ManagerRepository
2025-03-20 09:37:04,509 [1] INFO LabMPP.repository.databases.ReservationRepository - Creating TripRepository
2025-03-20 09:37:04,509 [1] INFO LabMPP.repository.databases.TripRepoRepository - Creating TripRepository
2025-03-20 09:37:04,509 [1] INFO Program - Aplicația a pornit!
2025-03-20 09:37:04,563 [1] INFO LabMPP.repository.databases.DBUtils - Connection opened successfully.
2025-03-20 09:37:04,567 [1] INFO Program - Test connection successful
2025-03-20 09:37:15,981 [1] INFO LabMPP.service.Service - Getting manager by name
2025-03-20 09:37:15,981 [1] INFO LabMPP.repository.databases.ManagerRepository - Finding all Managers
2025-03-20 09:37:15,982 [1] INFO LabMPP.repository.databases.DBUtils - Connection opened successfully.
2025-03-20 09:37:15,999 [1] INFO LabMPP.service.Service - Getting all trips
2025-03-20 09:37:16,000 [1] INFO LabMPP.repository.databases.TripRepoRepository - Finding all Trips
2025-03-20 09:37:16,000 [1] INFO LabMPP.repository.databases.DBUtils - Connection opened successfully.
2025-03-20 09:37:24,689 [1] INFO LabMPP.service.Service - Getting all trips by destination
2025-03-20 09:37:24,689 [1] INFO LabMPP.repository.databases.TripRepoRepository - Finding all Trips
2025-03-20 09:37:24,691 [1] INFO LabMPP.repository.databases.DBUtils - Connection opened successfully.
2025-03-20 09:37:41,232 [1] INFO LabMPP.service.Service - Getting trip by id
2025-03-20 09:37:41,233 [1] INFO LabMPP.repository.databases.TripRepoRepository - Finding Trip
2025-03-20 09:37:41,233 [1] INFO LabMPP.repository.databases.DBUtils - Connection opened successfully.
2025-03-20 09:37:41,241 [1] INFO LabMPP.service.Service - Adding reservation
2025-03-20 09:37:41,242 [1] INFO LabMPP.repository.databases.ReservationRepository - Saving Reservation
2025-03-20 09:37:41,242 [1] INFO LabMPP.repository.databases.DBUtils - Connection opened successfully.
2025-03-20 09:37:41,395 [1] INFO LabMPP.service.Service - Getting trip by id
2025-03-20 09:37:41,395 [1] INFO LabMPP.repository.databases.TripRepoRepository - Finding Trip
2025-03-20 09:37:41,396 [1] INFO LabMPP.repository.databases.DBUtils - Connection opened successfully.
2025-03-20 09:37:41,397 [1] INFO LabMPP.service.Service - Adding reservation
2025-03-20 09:37:41,397 [1] INFO LabMPP.repository.databases.ReservationRepository - Saving Reservation
2025-03-20 09:37:41,397 [1] INFO LabMPP.repository.databases.DBUtils - Connection opened successfully.
2025-03-20 09:37:41,579 [1] INFO LabMPP.service.Service - Getting trip by id
2025-03-20 09:37:41,579 [1] INFO LabMPP.repository.databases.TripRepoRepository - Finding Trip
2025-03-20 09:37:41,581 [1] INFO LabMPP.repository.databases.DBUtils - Connection opened successfully.
2025-03-20 09:37:41,581 [1] INFO LabMPP.service.Service - Adding reservation
2025-03-20 09:37:41,581 [1] INFO LabMPP.repository.databases.ReservationRepository - Saving Reservation
2025-03-20 09:37:41,582 [1] INFO LabMPP.repository.databases.DBUtils - Connection opened successfully.
2025-03-20 09:37:41,728 [1] INFO LabMPP.service.Service - Getting trip by id
2025-03-20 09:37:41,729 [1] INFO LabMPP.repository.databases.TripRepoRepository - Finding Trip
2025-03-20 09:37:41,730 [1] INFO LabMPP.repository.databases.DBUtils - Connection opened successfully.
2025-03-20 09:37:41,731 [1] INFO LabMPP.service.Service - Adding reservation
2025-03-20 09:37:41,731 [1] INFO LabMPP.repository.databases.ReservationRepository - Saving Reservation
2025-03-20 09:37:41,731 [1] INFO LabMPP.repository.databases.DBUtils - Connection opened successfully.
2025-03-20 09:37:41,926 [1] INFO LabMPP.service.Service - Getting trip by id
2025-03-20 09:37:41,927 [1] INFO LabMPP.repository.databases.TripRepoRepository - Finding Trip
2025-03-20 09:37:41,928 [1] INFO LabMPP.repository.databases.DBUtils - Connection opened successfully.
2025-03-20 09:37:41,929 [1] INFO LabMPP.service.Service - Adding reservation
2025-03-20 09:37:41,929 [1] INFO LabMPP.repository.databases.ReservationRepository - Saving Reservation
2025-03-20 09:37:41,929 [1] INFO LabMPP.repository.databases.DBUtils - Connection opened successfully.
2025-03-20 09:37:59,633 [1] INFO LabMPP.service.Service - Getting all trips by destination
2025-03-20 09:37:59,634 [1] INFO LabMPP.repository.databases.TripRepoRepository - Finding all Trips
2025-03-20 09:37:59,634 [1] INFO LabMPP.repository.databases.DBUtils - Connection opened successfully.
2025-03-20 09:38:09,431 [1] INFO LabMPP.service.Service - Getting trip by id
2025-03-20 09:38:09,431 [1] INFO LabMPP.repository.databases.TripRepoRepository - Finding Trip
2025-03-20 09:38:09,432 [1] INFO LabMPP.repository.databases.DBUtils - Connection opened successfully.
2025-03-20 09:38:09,433 [1] INFO LabMPP.service.Service - Adding reservation
2025-03-20 09:38:09,433 [1] INFO LabMPP.repository.databases.ReservationRepository - Saving Reservation
2025-03-20 09:38:09,434 [1] INFO LabMPP.repository.databases.DBUtils - Connection opened successfully.
2025-03-20 09:41:57,627 [1] INFO LabMPP.repository.databases.TripRepoRepository - Creating TripRepository
2025-03-20 09:41:57,638 [1] INFO LabMPP.repository.databases.ManagerRepository - Creating ManagerRepository
2025-03-20 09:41:57,638 [1] INFO LabMPP.repository.databases.ReservationRepository - Creating TripRepository
2025-03-20 09:41:57,638 [1] INFO LabMPP.repository.databases.TripRepoRepository - Creating TripRepository
2025-03-20 09:41:57,638 [1] INFO Program - Aplicația a pornit!
2025-03-20 09:41:57,687 [1] INFO LabMPP.repository.databases.DBUtils - Connection opened successfully.
2025-03-20 09:41:57,691 [1] INFO Program - Test connection successful
2025-03-20 09:42:14,001 [1] INFO LabMPP.service.Service - Getting manager by name
2025-03-20 09:42:14,003 [1] INFO LabMPP.repository.databases.ManagerRepository - Finding all Managers
2025-03-20 09:42:14,006 [1] INFO LabMPP.repository.databases.DBUtils - Connection opened successfully.
2025-03-20 09:42:14,044 [1] INFO LabMPP.service.Service - Getting all trips
2025-03-20 09:42:14,045 [1] INFO LabMPP.repository.databases.TripRepoRepository - Finding all Trips
2025-03-20 09:42:14,045 [1] INFO LabMPP.repository.databases.DBUtils - Connection opened successfully.
2025-03-20 09:42:22,461 [1] INFO LabMPP.service.Service - Getting all trips by destination
2025-03-20 09:42:22,461 [1] INFO LabMPP.repository.databases.TripRepoRepository - Finding all Trips
2025-03-20 09:42:22,462 [1] INFO LabMPP.repository.databases.DBUtils - Connection opened successfully.
2025-03-20 09:42:47,854 [1] INFO LabMPP.service.Service - Getting trip by id
2025-03-20 09:42:47,855 [1] INFO LabMPP.repository.databases.TripRepoRepository - Finding Trip
2025-03-20 09:42:47,856 [1] INFO LabMPP.repository.databases.DBUtils - Connection opened successfully.
2025-03-20 09:42:47,861 [1] INFO LabMPP.service.Service - Adding reservation
2025-03-20 09:42:47,862 [1] INFO LabMPP.repository.databases.ReservationRepository - Saving Reservation
2025-03-20 09:42:47,862 [1] INFO LabMPP.repository.databases.DBUtils - Connection opened successfully.
2025-03-20 09:42:47,879 [1] INFO LabMPP.service.Service - Getting no of seats available
2025-03-20 09:42:47,879 [1] INFO LabMPP.repository.databases.TripRepoRepository - Finding Trip
2025-03-20 09:42:47,881 [1] INFO LabMPP.repository.databases.DBUtils - Connection opened successfully.
2025-03-20 09:42:47,882 [1] INFO LabMPP.service.Service - Modifying trip
2025-03-20 09:42:47,882 [1] INFO LabMPP.repository.databases.TripRepoRepository - Updating Trip
2025-03-20 09:42:47,883 [1] INFO LabMPP.repository.databases.DBUtils - Connection opened successfully.
2025-03-20 09:43:35,166 [1] INFO LabMPP.repository.databases.TripRepoRepository - Creating TripRepository
2025-03-20 09:43:35,176 [1] INFO LabMPP.repository.databases.ManagerRepository - Creating ManagerRepository
2025-03-20 09:43:35,176 [1] INFO LabMPP.repository.databases.ReservationRepository - Creating TripRepository
2025-03-20 09:43:35,176 [1] INFO LabMPP.repository.databases.TripRepoRepository - Creating TripRepository
2025-03-20 09:43:35,177 [1] INFO Program - Aplicația a pornit!
2025-03-20 09:43:35,226 [1] INFO LabMPP.repository.databases.DBUtils - Connection opened successfully.
2025-03-20 09:43:35,230 [1] INFO Program - Test connection successful
2025-03-20 09:43:47,028 [1] INFO LabMPP.service.Service - Getting manager by name
2025-03-20 09:43:47,029 [1] INFO LabMPP.repository.databases.ManagerRepository - Finding all Managers
2025-03-20 09:43:47,030 [1] INFO LabMPP.repository.databases.DBUtils - Connection opened successfully.
2025-03-20 09:43:47,048 [1] INFO LabMPP.service.Service - Getting all trips
2025-03-20 09:43:47,048 [1] INFO LabMPP.repository.databases.TripRepoRepository - Finding all Trips
2025-03-20 09:43:47,049 [1] INFO LabMPP.repository.databases.DBUtils - Connection opened successfully.
2025-03-20 09:43:57,098 [1] INFO LabMPP.service.Service - Getting all trips by destination
2025-03-20 09:43:57,099 [1] INFO LabMPP.repository.databases.TripRepoRepository - Finding all Trips
2025-03-20 09:43:57,100 [1] INFO LabMPP.repository.databases.DBUtils - Connection opened successfully.
2025-03-20 09:44:05,744 [1] INFO LabMPP.service.Service - Getting trip by id
2025-03-20 09:44:05,744 [1] INFO LabMPP.repository.databases.TripRepoRepository - Finding Trip
2025-03-20 09:44:05,746 [1] INFO LabMPP.repository.databases.DBUtils - Connection opened successfully.
2025-03-20 09:44:05,751 [1] INFO LabMPP.service.Service - Adding reservation
2025-03-20 09:44:05,752 [1] INFO LabMPP.repository.databases.ReservationRepository - Saving Reservation
2025-03-20 09:44:05,753 [1] INFO LabMPP.repository.databases.DBUtils - Connection opened successfully.
2025-03-20 09:44:05,772 [1] INFO LabMPP.service.Service - Getting no of seats available
2025-03-20 09:44:05,773 [1] INFO LabMPP.repository.databases.TripRepoRepository - Finding Trip
2025-03-20 09:44:05,777 [1] INFO LabMPP.repository.databases.DBUtils - Connection opened successfully.
2025-03-20 09:44:05,779 [1] INFO LabMPP.service.Service - Modifying trip
2025-03-20 09:44:05,780 [1] INFO LabMPP.repository.databases.TripRepoRepository - Updating Trip
2025-03-20 09:44:05,780 [1] INFO LabMPP.repository.databases.DBUtils - Connection opened successfully.
2025-03-20 09:44:23,966 [1] INFO LabMPP.service.Service - Getting all trips by destination
2025-03-20 09:44:23,967 [1] INFO LabMPP.repository.databases.TripRepoRepository - Finding all Trips
2025-03-20 09:44:23,967 [1] INFO LabMPP.repository.databases.DBUtils - Connection opened successfully.
2025-03-20 09:45:59,596 [1] INFO LabMPP.repository.databases.TripRepoRepository - Creating TripRepository
2025-03-20 09:45:59,607 [1] INFO LabMPP.repository.databases.ManagerRepository - Creating ManagerRepository
2025-03-20 09:45:59,607 [1] INFO LabMPP.repository.databases.ReservationRepository - Creating TripRepository
2025-03-20 09:45:59,607 [1] INFO LabMPP.repository.databases.TripRepoRepository - Creating TripRepository
2025-03-20 09:45:59,607 [1] INFO Program - Aplicația a pornit!
2025-03-20 09:45:59,660 [1] INFO LabMPP.repository.databases.DBUtils - Connection opened successfully.
2025-03-20 09:45:59,664 [1] INFO Program - Test connection successful
2025-03-20 09:46:10,316 [1] INFO LabMPP.service.Service - Getting manager by name
2025-03-20 09:46:10,317 [1] INFO LabMPP.repository.databases.ManagerRepository - Finding all Managers
2025-03-20 09:46:10,317 [1] INFO LabMPP.repository.databases.DBUtils - Connection opened successfully.
2025-03-20 09:46:10,334 [1] INFO LabMPP.service.Service - Getting all trips
2025-03-20 09:46:10,334 [1] INFO LabMPP.repository.databases.TripRepoRepository - Finding all Trips
2025-03-20 09:46:10,335 [1] INFO LabMPP.repository.databases.DBUtils - Connection opened successfully.
2025-03-20 09:46:14,111 [1] INFO LabMPP.service.Service - Getting manager by name
2025-03-20 09:46:14,112 [1] INFO LabMPP.repository.databases.ManagerRepository - Finding all Managers
2025-03-20 09:46:14,114 [1] INFO LabMPP.repository.databases.DBUtils - Connection opened successfully.
2025-03-20 09:46:14,118 [1] INFO LabMPP.service.Service - Getting all trips
2025-03-20 09:46:14,119 [1] INFO LabMPP.repository.databases.TripRepoRepository - Finding all Trips
2025-03-20 09:46:14,121 [1] INFO LabMPP.repository.databases.DBUtils - Connection opened successfully.
2025-03-20 09:48:13,354 [1] INFO LabMPP.repository.databases.TripRepoRepository - Creating TripRepository
2025-03-20 09:48:13,365 [1] INFO LabMPP.repository.databases.ManagerRepository - Creating ManagerRepository
2025-03-20 09:48:13,365 [1] INFO LabMPP.repository.databases.ReservationRepository - Creating TripRepository
2025-03-20 09:48:13,365 [1] INFO LabMPP.repository.databases.TripRepoRepository - Creating TripRepository
2025-03-20 09:48:13,365 [1] INFO Program - Aplicația a pornit!
2025-03-20 09:48:13,423 [1] INFO LabMPP.repository.databases.DBUtils - Connection opened successfully.
2025-03-20 09:48:13,427 [1] INFO Program - Test connection successful
2025-03-20 09:48:13,428 [1] INFO LabMPP.repository.databases.TripRepoRepository - Creating TripRepository
2025-03-20 09:48:13,429 [1] INFO LabMPP.repository.databases.TripRepoRepository - Finding all Trips
2025-03-20 09:48:13,429 [1] INFO LabMPP.repository.databases.DBUtils - Connection opened successfully.
2025-03-20 09:51:56,298 [1] INFO LabMPP.repository.databases.TripRepoRepository - Creating TripRepository
2025-03-20 09:51:56,309 [1] INFO LabMPP.repository.databases.ManagerRepository - Creating ManagerRepository
2025-03-20 09:51:56,310 [1] INFO LabMPP.repository.databases.ReservationRepository - Creating TripRepository
2025-03-20 09:51:56,310 [1] INFO LabMPP.repository.databases.TripRepoRepository - Creating TripRepository
2025-03-20 09:51:56,310 [1] INFO Program - Aplicația a pornit!
2025-03-20 09:51:56,368 [1] INFO LabMPP.repository.databases.DBUtils - Connection opened successfully.
2025-03-20 09:51:56,372 [1] INFO Program - Test connection successful
2025-03-20 09:51:56,373 [1] INFO LabMPP.repository.databases.TripRepoRepository - Creating TripRepository
2025-03-20 09:51:56,374 [1] INFO LabMPP.repository.databases.TripRepoRepository - Finding all Trips
2025-03-20 09:51:56,374 [1] INFO LabMPP.repository.databases.DBUtils - Connection opened successfully.
2025-03-20 09:51:56,386 [1] INFO LabMPP.repository.databases.TripRepoRepository - Finding all Trips
2025-03-20 09:51:56,387 [1] INFO LabMPP.repository.databases.DBUtils - Connection opened successfully.
2025-03-20 09:51:56,390 [1] INFO LabMPP.repository.databases.TripRepoRepository - Saving Trip
2025-03-20 09:51:56,391 [1] INFO LabMPP.repository.databases.DBUtils - Connection opened successfully.
2025-03-20 09:51:56,399 [1] INFO LabMPP.repository.databases.TripRepoRepository - Finding all Trips
2025-03-20 09:51:56,400 [1] INFO LabMPP.repository.databases.DBUtils - Connection opened successfully.
2025-03-20 09:52:31,775 [1] INFO LabMPP.repository.databases.TripRepoRepository - Creating TripRepository
2025-03-20 09:52:31,786 [1] INFO LabMPP.repository.databases.ManagerRepository - Creating ManagerRepository
2025-03-20 09:52:31,786 [1] INFO LabMPP.repository.databases.ReservationRepository - Creating TripRepository
2025-03-20 09:52:31,786 [1] INFO LabMPP.repository.databases.TripRepoRepository - Creating TripRepository
2025-03-20 09:52:31,786 [1] INFO Program - Aplicația a pornit!
2025-03-20 09:52:31,835 [1] INFO LabMPP.repository.databases.DBUtils - Connection opened successfully.
2025-03-20 09:52:31,839 [1] INFO Program - Test connection successful
2025-03-20 09:52:43,352 [1] INFO LabMPP.service.Service - Getting manager by name
2025-03-20 09:52:43,353 [1] INFO LabMPP.repository.databases.ManagerRepository - Finding all Managers
2025-03-20 09:52:43,354 [1] INFO LabMPP.repository.databases.DBUtils - Connection opened successfully.
2025-03-20 09:52:43,377 [1] INFO LabMPP.service.Service - Getting all trips
2025-03-20 09:52:43,377 [1] INFO LabMPP.repository.databases.TripRepoRepository - Finding all Trips
2025-03-20 09:52:43,378 [1] INFO LabMPP.repository.databases.DBUtils - Connection opened successfully.
2025-03-20 09:52:57,825 [1] INFO LabMPP.service.Service - Getting all trips by destination
2025-03-20 09:52:57,825 [1] INFO LabMPP.repository.databases.TripRepoRepository - Finding all Trips
2025-03-20 09:52:57,826 [1] INFO LabMPP.repository.databases.DBUtils - Connection opened successfully.
2025-03-20 09:53:12,163 [1] INFO LabMPP.service.Service - Getting trip by id
2025-03-20 09:53:12,163 [1] INFO LabMPP.repository.databases.TripRepoRepository - Finding Trip
2025-03-20 09:53:12,164 [1] INFO LabMPP.repository.databases.DBUtils - Connection opened successfully.
2025-03-20 09:53:12,170 [1] INFO LabMPP.service.Service - Adding reservation
2025-03-20 09:53:12,171 [1] INFO LabMPP.repository.databases.ReservationRepository - Saving Reservation
2025-03-20 09:53:12,171 [1] INFO LabMPP.repository.databases.DBUtils - Connection opened successfully.
2025-03-20 09:53:12,180 [1] INFO LabMPP.service.Service - Getting no of seats available
2025-03-20 09:53:12,180 [1] INFO LabMPP.repository.databases.TripRepoRepository - Finding Trip
2025-03-20 09:53:12,183 [1] INFO LabMPP.repository.databases.DBUtils - Connection opened successfully.
2025-03-20 09:53:12,184 [1] INFO LabMPP.service.Service - Modifying trip
2025-03-20 09:53:12,184 [1] INFO LabMPP.repository.databases.TripRepoRepository - Updating Trip
2025-03-20 09:53:12,185 [1] INFO LabMPP.repository.databases.DBUtils - Connection opened successfully.
2025-03-20 09:53:58,356 [1] INFO LabMPP.service.Service - Getting all trips by destination
2025-03-20 09:53:58,356 [1] INFO LabMPP.repository.databases.TripRepoRepository - Finding all Trips
2025-03-20 09:53:58,357 [1] INFO LabMPP.repository.databases.DBUtils - Connection opened successfully.
2025-03-20 09:56:18,945 [1] INFO LabMPP.repository.databases.TripRepoRepository - Creating TripRepository
2025-03-20 09:56:18,955 [1] INFO LabMPP.repository.databases.ManagerRepository - Creating ManagerRepository
2025-03-20 09:56:18,956 [1] INFO LabMPP.repository.databases.ReservationRepository - Creating TripRepository
2025-03-20 09:56:18,956 [1] INFO LabMPP.repository.databases.TripRepoRepository - Creating TripRepository
2025-03-20 09:56:18,956 [1] INFO Program - Aplicația a pornit!
2025-03-20 09:56:19,013 [1] INFO LabMPP.repository.databases.DBUtils - Connection opened successfully.
2025-03-20 09:56:19,017 [1] INFO Program - Test connection successful
2025-03-20 09:56:30,634 [1] INFO LabMPP.service.Service - Getting manager by name
2025-03-20 09:56:30,635 [1] INFO LabMPP.repository.databases.ManagerRepository - Finding all Managers
2025-03-20 09:56:30,636 [1] INFO LabMPP.repository.databases.DBUtils - Connection opened successfully.
2025-03-20 09:56:30,653 [1] INFO LabMPP.service.Service - Getting all trips
2025-03-20 09:56:30,653 [1] INFO LabMPP.repository.databases.TripRepoRepository - Finding all Trips
2025-03-20 09:56:30,654 [1] INFO LabMPP.repository.databases.DBUtils - Connection opened successfully.
2025-03-20 09:59:49,446 [1] INFO LabMPP.repository.databases.TripRepoRepository - Creating TripRepository
2025-03-20 09:59:49,457 [1] INFO LabMPP.repository.databases.ManagerRepository - Creating ManagerRepository
2025-03-20 09:59:49,457 [1] INFO LabMPP.repository.databases.ReservationRepository - Creating TripRepository
2025-03-20 09:59:49,457 [1] INFO LabMPP.repository.databases.TripRepoRepository - Creating TripRepository
2025-03-20 09:59:49,458 [1] INFO Program - Aplicația a pornit!
2025-03-20 09:59:49,515 [1] INFO LabMPP.repository.databases.DBUtils - Connection opened successfully.
2025-03-20 09:59:49,519 [1] INFO Program - Test connection successful
2025-03-20 10:00:03,638 [1] INFO LabMPP.service.Service - Getting manager by name
2025-03-20 10:00:03,639 [1] INFO LabMPP.repository.databases.ManagerRepository - Finding all Managers
2025-03-20 10:00:03,639 [1] INFO LabMPP.repository.databases.DBUtils - Connection opened successfully.
2025-03-20 10:00:03,656 [1] INFO LabMPP.service.Service - Getting all trips
2025-03-20 10:00:03,657 [1] INFO LabMPP.repository.databases.TripRepoRepository - Finding all Trips
2025-03-20 10:00:03,658 [1] INFO LabMPP.repository.databases.DBUtils - Connection opened successfully.
2025-03-20 10:02:18,190 [1] INFO LabMPP.repository.databases.TripRepoRepository - Creating TripRepository
2025-03-20 10:02:18,207 [1] INFO LabMPP.repository.databases.ManagerRepository - Creating ManagerRepository
2025-03-20 10:02:18,208 [1] INFO LabMPP.repository.databases.ReservationRepository - Creating TripRepository
2025-03-20 10:02:18,208 [1] INFO LabMPP.repository.databases.TripRepoRepository - Creating TripRepository
2025-03-20 10:02:18,208 [1] INFO Program - Aplicația a pornit!
2025-03-20 10:02:18,288 [1] INFO LabMPP.repository.databases.DBUtils - Connection opened successfully.
2025-03-20 10:02:18,295 [1] INFO Program - Test connection successful
2025-03-20 10:02:30,689 [1] INFO LabMPP.service.Service - Getting manager by name
2025-03-20 10:02:30,689 [1] INFO LabMPP.repository.databases.ManagerRepository - Finding all Managers
2025-03-20 10:02:30,690 [1] INFO LabMPP.repository.databases.DBUtils - Connection opened successfully.
2025-03-20 10:02:30,725 [1] INFO LabMPP.service.Service - Getting all trips
2025-03-20 10:02:30,726 [1] INFO LabMPP.repository.databases.TripRepoRepository - Finding all Trips
2025-03-20 10:02:30,726 [1] INFO LabMPP.repository.databases.DBUtils - Connection opened successfully.
2025-03-20 10:02:41,174 [1] INFO LabMPP.service.Service - Getting all trips by destination
2025-03-20 10:02:41,186 [1] INFO LabMPP.repository.databases.TripRepoRepository - Finding all Trips
2025-03-20 10:02:41,188 [1] INFO LabMPP.repository.databases.DBUtils - Connection opened successfully.
2025-03-20 10:15:43,800 [1] INFO LabMPP.repository.databases.TripRepoRepository - Creating TripRepository
2025-03-20 10:15:43,822 [1] INFO LabMPP.repository.databases.ManagerRepository - Creating ManagerRepository
2025-03-20 10:15:43,823 [1] INFO LabMPP.repository.databases.ReservationRepository - Creating TripRepository
2025-03-20 10:15:43,823 [1] INFO LabMPP.repository.databases.TripRepoRepository - Creating TripRepository
2025-03-20 10:15:43,823 [1] INFO Program - Aplicația a pornit!
2025-03-20 10:15:43,939 [1] INFO LabMPP.repository.databases.DBUtils - Connection opened successfully.
2025-03-20 10:15:43,944 [1] INFO Program - Test connection successful
2025-03-20 10:18:10,801 [1] INFO LabMPP.repository.databases.TripRepoRepository - Creating TripRepository
2025-03-20 10:18:10,819 [1] INFO LabMPP.repository.databases.ManagerRepository - Creating ManagerRepository
2025-03-20 10:18:10,820 [1] INFO LabMPP.repository.databases.ReservationRepository - Creating TripRepository
2025-03-20 10:18:10,820 [1] INFO LabMPP.repository.databases.TripRepoRepository - Creating TripRepository
2025-03-20 10:18:10,821 [1] INFO Program - Aplicația a pornit!
2025-03-20 10:18:10,908 [1] INFO LabMPP.repository.databases.DBUtils - Connection opened successfully.
2025-03-20 10:18:10,915 [1] INFO Program - Test connection successful
2025-03-20 10:18:23,206 [1] INFO LabMPP.service.Service - Getting manager by name
2025-03-20 10:18:23,208 [1] INFO LabMPP.repository.databases.ManagerRepository - Finding all Managers
2025-03-20 10:18:23,210 [1] INFO LabMPP.repository.databases.DBUtils - Connection opened successfully.
2025-03-20 10:18:23,264 [1] INFO LabMPP.service.Service - Getting all trips
2025-03-20 10:18:23,265 [1] INFO LabMPP.repository.databases.TripRepoRepository - Finding all Trips
2025-03-20 10:18:23,266 [1] INFO LabMPP.repository.databases.DBUtils - Connection opened successfully.
2025-03-20 13:10:36,185 [1] INFO LabMPP.repository.databases.TripRepoRepository - Creating TripRepository
2025-03-20 13:10:36,211 [1] INFO LabMPP.repository.databases.ManagerRepository - Creating ManagerRepository
2025-03-20 13:10:36,212 [1] INFO LabMPP.repository.databases.ReservationRepository - Creating TripRepository
2025-03-20 13:10:36,212 [1] INFO LabMPP.repository.databases.TripRepoRepository - Creating TripRepository
2025-03-20 13:10:36,213 [1] INFO Program - Aplicația a pornit!
2025-03-20 13:10:36,324 [1] INFO LabMPP.repository.databases.DBUtils - Connection opened successfully.
2025-03-20 13:10:36,333 [1] INFO Program - Test connection successful
2025-03-20 13:10:48,632 [1] INFO LabMPP.service.Service - Getting manager by name
2025-03-20 13:10:48,634 [1] INFO LabMPP.repository.databases.ManagerRepository - Finding all Managers
2025-03-20 13:10:48,637 [1] INFO LabMPP.repository.databases.DBUtils - Connection opened successfully.
2025-03-20 13:10:48,711 [1] INFO LabMPP.service.Service - Getting all trips
2025-03-20 13:10:48,712 [1] INFO LabMPP.repository.databases.TripRepoRepository - Finding all Trips
2025-03-20 13:10:48,713 [1] INFO LabMPP.repository.databases.DBUtils - Connection opened successfully.
2025-03-20 13:11:12,351 [1] INFO LabMPP.repository.databases.TripRepoRepository - Creating TripRepository
2025-03-20 13:11:12,367 [1] INFO LabMPP.repository.databases.ManagerRepository - Creating ManagerRepository
2025-03-20 13:11:12,367 [1] INFO LabMPP.repository.databases.ReservationRepository - Creating TripRepository
2025-03-20 13:11:12,367 [1] INFO LabMPP.repository.databases.TripRepoRepository - Creating TripRepository
2025-03-20 13:11:12,367 [1] INFO Program - Aplicația a pornit!
2025-03-20 13:11:12,441 [1] INFO LabMPP.repository.databases.DBUtils - Connection opened successfully.
2025-03-20 13:11:12,448 [1] INFO Program - Test connection successful
2025-03-20 13:15:12,089 [1] INFO LabMPP.repository.databases.TripRepoRepository - Creating TripRepository
2025-03-20 13:15:12,105 [1] INFO LabMPP.repository.databases.ManagerRepository - Creating ManagerRepository
2025-03-20 13:15:12,106 [1] INFO LabMPP.repository.databases.ReservationRepository - Creating TripRepository
2025-03-20 13:15:12,106 [1] INFO LabMPP.repository.databases.TripRepoRepository - Creating TripRepository
2025-03-20 13:15:12,106 [1] INFO Program - Aplicația a pornit!
2025-03-20 13:15:12,183 [1] INFO LabMPP.repository.databases.DBUtils - Connection opened successfully.
2025-03-20 13:15:12,189 [1] INFO Program - Test connection successful
2025-03-20 13:15:24,062 [1] INFO LabMPP.service.Service - Getting manager by name
2025-03-20 13:15:24,063 [1] INFO LabMPP.repository.databases.ManagerRepository - Finding all Managers
2025-03-20 13:15:24,063 [1] INFO LabMPP.repository.databases.DBUtils - Connection opened successfully.
2025-03-20 13:15:24,099 [1] INFO LabMPP.service.Service - Getting all trips
2025-03-20 13:15:24,100 [1] INFO LabMPP.repository.databases.TripRepoRepository - Finding all Trips
2025-03-20 13:15:24,101 [1] INFO LabMPP.repository.databases.DBUtils - Connection opened successfully.
2025-03-20 13:16:19,603 [1] INFO LabMPP.service.Service - Getting all trips by destination
2025-03-20 13:16:19,616 [1] INFO LabMPP.repository.databases.TripRepoRepository - Finding all Trips
2025-03-20 13:16:19,618 [1] INFO LabMPP.repository.databases.DBUtils - Connection opened successfully.
2025-03-20 13:17:52,109 [1] INFO LabMPP.repository.databases.TripRepoRepository - Creating TripRepository
2025-03-20 13:17:52,125 [1] INFO LabMPP.repository.databases.ManagerRepository - Creating ManagerRepository
2025-03-20 13:17:52,126 [1] INFO LabMPP.repository.databases.ReservationRepository - Creating TripRepository
2025-03-20 13:17:52,126 [1] INFO LabMPP.repository.databases.TripRepoRepository - Creating TripRepository
2025-03-20 13:17:52,126 [1] INFO Program - Aplicația a pornit!
2025-03-20 13:17:52,195 [1] INFO LabMPP.repository.databases.DBUtils - Connection opened successfully.
2025-03-20 13:17:52,200 [1] INFO Program - Test connection successful
2025-03-20 13:18:05,249 [1] INFO LabMPP.service.Service - Getting manager by name
2025-03-20 13:18:05,250 [1] INFO LabMPP.repository.databases.ManagerRepository - Finding all Managers
2025-03-20 13:18:05,251 [1] INFO LabMPP.repository.databases.DBUtils - Connection opened successfully.
2025-03-20 13:18:05,277 [1] INFO LabMPP.service.Service - Getting all trips
2025-03-20 13:18:05,277 [1] INFO LabMPP.repository.databases.TripRepoRepository - Finding all Trips
2025-03-20 13:18:05,278 [1] INFO LabMPP.repository.databases.DBUtils - Connection opened successfully.
2025-03-20 13:18:26,692 [1] INFO LabMPP.service.Service - Getting all trips by destination
2025-03-20 13:18:26,693 [1] INFO LabMPP.repository.databases.TripRepoRepository - Finding all Trips
2025-03-20 13:18:26,695 [1] INFO LabMPP.repository.databases.DBUtils - Connection opened successfully.
2025-03-20 13:20:08,730 [1] INFO LabMPP.repository.databases.TripRepoRepository - Creating TripRepository
2025-03-20 13:20:08,755 [1] INFO LabMPP.repository.databases.ManagerRepository - Creating ManagerRepository
2025-03-20 13:20:08,756 [1] INFO LabMPP.repository.databases.ReservationRepository - Creating TripRepository
2025-03-20 13:20:08,756 [1] INFO LabMPP.repository.databases.TripRepoRepository - Creating TripRepository
2025-03-20 13:20:08,756 [1] INFO Program - Aplicația a pornit!
2025-03-20 13:20:08,815 [1] INFO LabMPP.repository.databases.DBUtils - Connection opened successfully.
2025-03-20 13:20:08,820 [1] INFO Program - Test connection successful
2025-03-20 13:20:19,419 [1] INFO LabMPP.service.Service - Getting manager by name
2025-03-20 13:20:19,420 [1] INFO LabMPP.repository.databases.ManagerRepository - Finding all Managers
2025-03-20 13:20:19,421 [1] INFO LabMPP.repository.databases.DBUtils - Connection opened successfully.
2025-03-20 13:20:19,448 [1] INFO LabMPP.service.Service - Getting all trips
2025-03-20 13:20:19,448 [1] INFO LabMPP.repository.databases.TripRepoRepository - Finding all Trips
2025-03-20 13:20:19,449 [1] INFO LabMPP.repository.databases.DBUtils - Connection opened successfully.
2025-03-20 13:20:30,202 [1] INFO LabMPP.service.Service - Getting all trips by destination
2025-03-20 13:20:30,203 [1] INFO LabMPP.repository.databases.TripRepoRepository - Finding all Trips
2025-03-20 13:20:30,204 [1] INFO LabMPP.repository.databases.DBUtils - Connection opened successfully.
2025-03-20 13:20:41,238 [1] INFO LabMPP.service.Service - Getting trip by id
2025-03-20 13:20:41,239 [1] INFO LabMPP.repository.databases.TripRepoRepository - Finding Trip
2025-03-20 13:20:41,240 [1] INFO LabMPP.repository.databases.DBUtils - Connection opened successfully.
2025-03-20 13:20:41,250 [1] INFO LabMPP.service.Service - Adding reservation
2025-03-20 13:20:41,250 [1] INFO LabMPP.repository.databases.ReservationRepository - Saving Reservation
2025-03-20 13:20:41,251 [1] INFO LabMPP.repository.databases.DBUtils - Connection opened successfully.
2025-03-20 13:20:41,266 [1] INFO LabMPP.service.Service - Getting no of seats available
2025-03-20 13:20:41,266 [1] INFO LabMPP.repository.databases.TripRepoRepository - Finding Trip
2025-03-20 13:20:41,270 [1] INFO LabMPP.repository.databases.DBUtils - Connection opened successfully.
2025-03-20 13:20:41,273 [1] INFO LabMPP.service.Service - Modifying trip
2025-03-20 13:20:41,274 [1] INFO LabMPP.repository.databases.TripRepoRepository - Updating Trip
2025-03-20 13:20:41,275 [1] INFO LabMPP.repository.databases.DBUtils - Connection opened successfully.
2025-03-20 13:20:48,232 [1] INFO LabMPP.service.Service - Getting all trips by destination
2025-03-20 13:20:48,233 [1] INFO LabMPP.repository.databases.TripRepoRepository - Finding all Trips
2025-03-20 13:20:48,234 [1] INFO LabMPP.repository.databases.DBUtils - Connection opened successfully.
2025-03-20 13:21:13,273 [1] INFO LabMPP.repository.databases.TripRepoRepository - Creating TripRepository
2025-03-20 13:21:13,289 [1] INFO LabMPP.repository.databases.ManagerRepository - Creating ManagerRepository
2025-03-20 13:21:13,290 [1] INFO LabMPP.repository.databases.ReservationRepository - Creating TripRepository
2025-03-20 13:21:13,290 [1] INFO LabMPP.repository.databases.TripRepoRepository - Creating TripRepository
2025-03-20 13:21:13,290 [1] INFO Program - Aplicația a pornit!
2025-03-20 13:21:13,363 [1] INFO LabMPP.repository.databases.DBUtils - Connection opened successfully.
2025-03-20 13:21:13,372 [1] INFO Program - Test connection successful
2025-03-20 13:21:23,314 [1] INFO LabMPP.service.Service - Getting manager by name
2025-03-20 13:21:23,316 [1] INFO LabMPP.repository.databases.ManagerRepository - Finding all Managers
2025-03-20 13:21:23,317 [1] INFO LabMPP.repository.databases.DBUtils - Connection opened successfully.
2025-03-20 13:21:23,351 [1] INFO LabMPP.service.Service - Getting all trips
2025-03-20 13:21:23,351 [1] INFO LabMPP.repository.databases.TripRepoRepository - Finding all Trips
2025-03-20 13:21:23,352 [1] INFO LabMPP.repository.databases.DBUtils - Connection opened successfully.
2025-03-20 13:32:22,518 [1] INFO LabMPP.repository.databases.TripRepoRepository - Creating TripRepository
2025-03-20 13:32:22,532 [1] INFO LabMPP.repository.databases.ManagerRepository - Creating ManagerRepository
2025-03-20 13:32:22,532 [1] INFO LabMPP.repository.databases.ReservationRepository - Creating TripRepository
2025-03-20 13:32:22,532 [1] INFO LabMPP.repository.databases.TripRepoRepository - Creating TripRepository
2025-03-20 13:32:22,532 [1] INFO Program - Aplicația a pornit!
2025-03-20 13:32:22,589 [1] INFO LabMPP.repository.databases.DBUtils - Connection opened successfully.
2025-03-20 13:32:22,594 [1] INFO Program - Test connection successful
2025-03-20 13:32:32,771 [1] INFO LabMPP.service.Service - Getting manager by name
2025-03-20 13:32:32,772 [1] INFO LabMPP.repository.databases.ManagerRepository - Finding all Managers
2025-03-20 13:32:32,772 [1] INFO LabMPP.repository.databases.DBUtils - Connection opened successfully.
2025-03-20 13:32:32,825 [1] INFO LabMPP.service.Service - Getting all trips
2025-03-20 13:32:32,825 [1] INFO LabMPP.repository.databases.TripRepoRepository - Finding all Trips
2025-03-20 13:32:32,826 [1] INFO LabMPP.repository.databases.DBUtils - Connection opened successfully.
2025-03-20 13:38:22,580 [1] INFO LabMPP.repository.databases.TripRepoRepository - Creating TripRepository
2025-03-20 13:38:22,600 [1] INFO LabMPP.repository.databases.ManagerRepository - Creating ManagerRepository
2025-03-20 13:38:22,601 [1] INFO LabMPP.repository.databases.ReservationRepository - Creating TripRepository
2025-03-20 13:38:22,601 [1] INFO LabMPP.repository.databases.TripRepoRepository - Creating TripRepository
2025-03-20 13:38:22,601 [1] INFO Program - Aplicația a pornit!
2025-03-20 13:38:22,702 [1] INFO LabMPP.repository.databases.DBUtils - Connection opened successfully.
2025-03-20 13:38:22,710 [1] INFO Program - Test connection successful
2025-03-20 13:40:28,321 [1] INFO LabMPP.repository.databases.TripRepoRepository - Creating TripRepository
2025-03-20 13:40:28,332 [1] INFO LabMPP.repository.databases.ManagerRepository - Creating ManagerRepository
2025-03-20 13:40:28,332 [1] INFO LabMPP.repository.databases.ReservationRepository - Creating TripRepository
2025-03-20 13:40:28,332 [1] INFO LabMPP.repository.databases.TripRepoRepository - Creating TripRepository
2025-03-20 13:40:28,333 [1] INFO Program - Aplicația a pornit!
2025-03-20 13:40:28,386 [1] INFO LabMPP.repository.databases.DBUtils - Connection opened successfully.
2025-03-20 13:40:28,390 [1] INFO Program - Test connection successful
2025-03-20 13:40:44,139 [1] INFO LabMPP.service.Service - Getting manager by name
2025-03-20 13:40:44,140 [1] INFO LabMPP.repository.databases.ManagerRepository - Finding all Managers
2025-03-20 13:40:44,140 [1] INFO LabMPP.repository.databases.DBUtils - Connection opened successfully.
2025-03-20 13:40:44,179 [1] INFO LabMPP.service.Service - Getting all trips
2025-03-20 13:40:44,180 [1] INFO LabMPP.repository.databases.TripRepoRepository - Finding all Trips
2025-03-20 13:40:44,180 [1] INFO LabMPP.repository.databases.DBUtils - Connection opened successfully.
2025-03-20 13:41:19,834 [1] INFO LabMPP.service.Service - Getting all trips by destination
2025-03-20 13:41:19,845 [1] INFO LabMPP.repository.databases.TripRepoRepository - Finding all Trips
2025-03-20 13:41:19,846 [1] INFO LabMPP.repository.databases.DBUtils - Connection opened successfully.
2025-03-20 13:47:25,943 [1] INFO LabMPP.repository.databases.TripRepoRepository - Creating TripRepository
2025-03-20 13:47:25,954 [1] INFO LabMPP.repository.databases.ManagerRepository - Creating ManagerRepository
2025-03-20 13:47:25,955 [1] INFO LabMPP.repository.databases.ReservationRepository - Creating TripRepository
2025-03-20 13:47:25,955 [1] INFO LabMPP.repository.databases.TripRepoRepository - Creating TripRepository
2025-03-20 13:47:25,955 [1] INFO Program - Aplicația a pornit!
2025-03-20 13:47:26,057 [1] INFO LabMPP.repository.databases.DBUtils - Connection opened successfully.
2025-03-20 13:47:26,062 [1] INFO Program - Test connection successful
2025-03-20 13:48:09,388 [1] INFO LabMPP.repository.databases.TripRepoRepository - Creating TripRepository
2025-03-20 13:48:09,400 [1] INFO LabMPP.repository.databases.ManagerRepository - Creating ManagerRepository
2025-03-20 13:48:09,400 [1] INFO LabMPP.repository.databases.ReservationRepository - Creating TripRepository
2025-03-20 13:48:09,400 [1] INFO LabMPP.repository.databases.TripRepoRepository - Creating TripRepository
2025-03-20 13:48:09,401 [1] INFO Program - Aplicația a pornit!
2025-03-20 13:48:09,455 [1] INFO LabMPP.repository.databases.DBUtils - Connection opened successfully.
2025-03-20 13:48:09,459 [1] INFO Program - Test connection successful
2025-03-20 13:48:19,551 [1] INFO LabMPP.service.Service - Getting manager by name
2025-03-20 13:48:19,552 [1] INFO LabMPP.repository.databases.ManagerRepository - Finding all Managers
2025-03-20 13:48:19,552 [1] INFO LabMPP.repository.databases.DBUtils - Connection opened successfully.
2025-03-20 13:48:19,584 [1] INFO LabMPP.service.Service - Getting all trips
2025-03-20 13:48:19,585 [1] INFO LabMPP.repository.databases.TripRepoRepository - Finding all Trips
2025-03-20 13:48:19,585 [1] INFO LabMPP.repository.databases.DBUtils - Connection opened successfully.
2025-03-20 13:48:36,936 [1] INFO LabMPP.service.Service - Getting all trips by destination
2025-03-20 13:48:36,947 [1] INFO LabMPP.repository.databases.TripRepoRepository - Finding all Trips
2025-03-20 13:48:36,948 [1] INFO LabMPP.repository.databases.DBUtils - Connection opened successfully.
2025-03-20 13:49:04,016 [1] INFO LabMPP.repository.databases.TripRepoRepository - Creating TripRepository
2025-03-20 13:49:04,028 [1] INFO LabMPP.repository.databases.ManagerRepository - Creating ManagerRepository
2025-03-20 13:49:04,028 [1] INFO LabMPP.repository.databases.ReservationRepository - Creating TripRepository
2025-03-20 13:49:04,028 [1] INFO LabMPP.repository.databases.TripRepoRepository - Creating TripRepository
2025-03-20 13:49:04,029 [1] INFO Program - Aplicația a pornit!
2025-03-20 13:49:04,085 [1] INFO LabMPP.repository.databases.DBUtils - Connection opened successfully.
2025-03-20 13:49:04,089 [1] INFO Program - Test connection successful
2025-03-20 13:49:13,143 [1] INFO LabMPP.service.Service - Getting manager by name
2025-03-20 13:49:13,143 [1] INFO LabMPP.repository.databases.ManagerRepository - Finding all Managers
2025-03-20 13:49:13,144 [1] INFO LabMPP.repository.databases.DBUtils - Connection opened successfully.
2025-03-20 13:49:13,164 [1] INFO LabMPP.service.Service - Getting all trips
2025-03-20 13:49:13,164 [1] INFO LabMPP.repository.databases.TripRepoRepository - Finding all Trips
2025-03-20 13:49:13,165 [1] INFO LabMPP.repository.databases.DBUtils - Connection opened successfully.
2025-03-20 13:58:02,320 [1] INFO LabMPP.repository.databases.TripRepoRepository - Creating TripRepository
2025-03-20 13:58:02,333 [1] INFO LabMPP.repository.databases.ManagerRepository - Creating ManagerRepository
2025-03-20 13:58:02,334 [1] INFO LabMPP.repository.databases.ReservationRepository - Creating TripRepository
2025-03-20 13:58:02,334 [1] INFO LabMPP.repository.databases.TripRepoRepository - Creating TripRepository
2025-03-20 13:58:02,335 [1] INFO Program - Aplicația a pornit!
2025-03-20 13:58:02,409 [1] INFO LabMPP.repository.databases.DBUtils - Connection opened successfully.
2025-03-20 13:58:02,413 [1] INFO Program - Test connection successful
2025-03-20 13:58:15,393 [1] INFO LabMPP.service.Service - Getting manager by name
2025-03-20 13:58:15,395 [1] INFO LabMPP.repository.databases.ManagerRepository - Finding all Managers
2025-03-20 13:58:15,397 [1] INFO LabMPP.repository.databases.DBUtils - Connection opened successfully.
2025-03-20 13:58:15,437 [1] INFO LabMPP.service.Service - Getting all trips
2025-03-20 13:58:15,438 [1] INFO LabMPP.repository.databases.TripRepoRepository - Finding all Trips
2025-03-20 13:58:15,438 [1] INFO LabMPP.repository.databases.DBUtils - Connection opened successfully.
2025-03-20 13:58:31,746 [1] INFO LabMPP.service.Service - Getting all trips by destination
2025-03-20 13:58:31,757 [1] INFO LabMPP.repository.databases.TripRepoRepository - Finding all Trips
2025-03-20 13:58:31,758 [1] INFO LabMPP.repository.databases.DBUtils - Connection opened successfully.
2025-03-20 14:00:35,591 [1] INFO LabMPP.repository.databases.TripRepoRepository - Creating TripRepository
2025-03-20 14:00:35,606 [1] INFO LabMPP.repository.databases.ManagerRepository - Creating ManagerRepository
2025-03-20 14:00:35,607 [1] INFO LabMPP.repository.databases.ReservationRepository - Creating TripRepository
2025-03-20 14:00:35,607 [1] INFO LabMPP.repository.databases.TripRepoRepository - Creating TripRepository
2025-03-20 14:00:35,607 [1] INFO Program - Aplicația a pornit!
2025-03-20 14:00:35,676 [1] INFO LabMPP.repository.databases.DBUtils - Connection opened successfully.
2025-03-20 14:00:35,681 [1] INFO Program - Test connection successful
2025-03-20 14:00:45,471 [1] INFO LabMPP.service.Service - Getting manager by name
2025-03-20 14:00:45,471 [1] INFO LabMPP.repository.databases.ManagerRepository - Finding all Managers
2025-03-20 14:00:45,472 [1] INFO LabMPP.repository.databases.DBUtils - Connection opened successfully.
2025-03-20 14:00:45,493 [1] INFO LabMPP.service.Service - Getting all trips
2025-03-20 14:00:45,494 [1] INFO LabMPP.repository.databases.TripRepoRepository - Finding all Trips
2025-03-20 14:00:45,494 [1] INFO LabMPP.repository.databases.DBUtils - Connection opened successfully.
2025-03-20 14:00:55,798 [1] INFO LabMPP.service.Service - Getting all trips by destination
2025-03-20 14:00:55,799 [1] INFO LabMPP.repository.databases.TripRepoRepository - Finding all Trips
2025-03-20 14:00:55,800 [1] INFO LabMPP.repository.databases.DBUtils - Connection opened successfully.
2025-03-20 14:02:13,480 [1] INFO LabMPP.repository.databases.TripRepoRepository - Creating TripRepository
2025-03-20 14:02:13,492 [1] INFO LabMPP.repository.databases.ManagerRepository - Creating ManagerRepository
2025-03-20 14:02:13,492 [1] INFO LabMPP.repository.databases.ReservationRepository - Creating TripRepository
2025-03-20 14:02:13,492 [1] INFO LabMPP.repository.databases.TripRepoRepository - Creating TripRepository
2025-03-20 14:02:13,492 [1] INFO Program - Aplicația a pornit!
2025-03-20 14:02:13,546 [1] INFO LabMPP.repository.databases.DBUtils - Connection opened successfully.
2025-03-20 14:02:13,551 [1] INFO Program - Test connection successful
2025-03-20 14:02:22,062 [1] INFO LabMPP.service.Service - Getting manager by name
2025-03-20 14:02:22,065 [1] INFO LabMPP.repository.databases.ManagerRepository - Finding all Managers
2025-03-20 14:02:22,067 [1] INFO LabMPP.repository.databases.DBUtils - Connection opened successfully.
2025-03-20 14:02:22,091 [1] INFO LabMPP.service.Service - Getting all trips
2025-03-20 14:02:22,092 [1] INFO LabMPP.repository.databases.TripRepoRepository - Finding all Trips
2025-03-20 14:02:22,092 [1] INFO LabMPP.repository.databases.DBUtils - Connection opened successfully.
2025-03-20 14:02:50,673 [1] INFO LabMPP.repository.databases.TripRepoRepository - Creating TripRepository
2025-03-20 14:02:50,685 [1] INFO LabMPP.repository.databases.ManagerRepository - Creating ManagerRepository
2025-03-20 14:02:50,685 [1] INFO LabMPP.repository.databases.ReservationRepository - Creating TripRepository
2025-03-20 14:02:50,685 [1] INFO LabMPP.repository.databases.TripRepoRepository - Creating TripRepository
2025-03-20 14:02:50,686 [1] INFO Program - Aplicația a pornit!
2025-03-20 14:02:50,739 [1] INFO LabMPP.repository.databases.DBUtils - Connection opened successfully.
2025-03-20 14:02:50,743 [1] INFO Program - Test connection successful
2025-03-20 14:03:01,068 [1] INFO LabMPP.service.Service - Getting manager by name
2025-03-20 14:03:01,070 [1] INFO LabMPP.repository.databases.ManagerRepository - Finding all Managers
2025-03-20 14:03:01,072 [1] INFO LabMPP.repository.databases.DBUtils - Connection opened successfully.
2025-03-20 14:03:01,111 [1] INFO LabMPP.service.Service - Getting all trips
2025-03-20 14:03:01,111 [1] INFO LabMPP.repository.databases.TripRepoRepository - Finding all Trips
2025-03-20 14:03:01,112 [1] INFO LabMPP.repository.databases.DBUtils - Connection opened successfully.
2025-03-20 14:03:09,565 [1] INFO LabMPP.service.Service - Getting all trips by destination
2025-03-20 14:03:09,565 [1] INFO LabMPP.repository.databases.TripRepoRepository - Finding all Trips
2025-03-20 14:03:09,566 [1] INFO LabMPP.repository.databases.DBUtils - Connection opened successfully.
2025-03-20 14:08:51,633 [1] INFO LabMPP.repository.databases.TripRepoRepository - Creating TripRepository
2025-03-20 14:08:51,643 [1] INFO LabMPP.repository.databases.ManagerRepository - Creating ManagerRepository
2025-03-20 14:08:51,644 [1] INFO LabMPP.repository.databases.ReservationRepository - Creating TripRepository
2025-03-20 14:08:51,644 [1] INFO LabMPP.repository.databases.TripRepoRepository - Creating TripRepository
2025-03-20 14:08:51,644 [1] INFO Program - Aplicația a pornit!
2025-03-20 14:08:51,718 [1] INFO LabMPP.repository.databases.DBUtils - Connection opened successfully.
2025-03-20 14:08:51,723 [1] INFO Program - Test connection successful
2025-03-20 14:09:04,029 [1] INFO LabMPP.service.Service - Getting manager by name
2025-03-20 14:09:04,031 [1] INFO LabMPP.repository.databases.ManagerRepository - Finding all Managers
2025-03-20 14:09:04,034 [1] INFO LabMPP.repository.databases.DBUtils - Connection opened successfully.
2025-03-20 14:09:04,085 [1] INFO LabMPP.service.Service - Getting all trips
2025-03-20 14:09:04,086 [1] INFO LabMPP.repository.databases.TripRepoRepository - Finding all Trips
2025-03-20 14:09:04,086 [1] INFO LabMPP.repository.databases.DBUtils - Connection opened successfully.
2025-03-20 14:09:18,613 [1] INFO LabMPP.service.Service - Getting all trips by destination
2025-03-20 14:09:18,614 [1] INFO LabMPP.repository.databases.TripRepoRepository - Finding all Trips
2025-03-20 14:09:18,614 [1] INFO LabMPP.repository.databases.DBUtils - Connection opened successfully.
2025-03-20 14:09:28,272 [1] INFO LabMPP.service.Service - Getting trip by id
2025-03-20 14:09:28,273 [1] INFO LabMPP.repository.databases.TripRepoRepository - Finding Trip
2025-03-20 14:09:28,274 [1] INFO LabMPP.repository.databases.DBUtils - Connection opened successfully.
2025-03-20 14:09:28,289 [1] INFO LabMPP.service.Service - Adding reservation
2025-03-20 14:09:28,289 [1] INFO LabMPP.repository.databases.ReservationRepository - Saving Reservation
2025-03-20 14:09:28,290 [1] INFO LabMPP.repository.databases.DBUtils - Connection opened successfully.
2025-03-20 14:09:28,302 [1] INFO LabMPP.service.Service - Getting no of seats available
2025-03-20 14:09:28,303 [1] INFO LabMPP.repository.databases.TripRepoRepository - Finding Trip
2025-03-20 14:09:28,306 [1] INFO LabMPP.repository.databases.DBUtils - Connection opened successfully.
2025-03-20 14:09:28,308 [1] INFO LabMPP.service.Service - Modifying trip
2025-03-20 14:09:28,309 [1] INFO LabMPP.repository.databases.TripRepoRepository - Updating Trip
2025-03-20 14:09:28,310 [1] INFO LabMPP.repository.databases.DBUtils - Connection opened successfully.
2025-03-20 14:10:16,948 [1] INFO LabMPP.service.Service - Getting all trips by destination
2025-03-20 14:10:16,949 [1] INFO LabMPP.repository.databases.TripRepoRepository - Finding all Trips
2025-03-20 14:10:16,952 [1] INFO LabMPP.repository.databases.DBUtils - Connection opened successfully.
2025-03-20 14:12:18,401 [1] INFO LabMPP.repository.databases.TripRepoRepository - Creating TripRepository
2025-03-20 14:12:18,411 [1] INFO LabMPP.repository.databases.ManagerRepository - Creating ManagerRepository
2025-03-20 14:12:18,412 [1] INFO LabMPP.repository.databases.ReservationRepository - Creating TripRepository
2025-03-20 14:12:18,412 [1] INFO LabMPP.repository.databases.TripRepoRepository - Creating TripRepository
2025-03-20 14:12:18,412 [1] INFO Program - Aplicația a pornit!
2025-03-20 14:12:18,466 [1] INFO LabMPP.repository.databases.DBUtils - Connection opened successfully.
2025-03-20 14:12:18,471 [1] INFO Program - Test connection successful
2025-03-20 14:12:29,825 [1] INFO LabMPP.service.Service - Getting manager by name
2025-03-20 14:12:29,826 [1] INFO LabMPP.repository.databases.ManagerRepository - Finding all Managers
2025-03-20 14:12:29,826 [1] INFO LabMPP.repository.databases.DBUtils - Connection opened successfully.
2025-03-20 14:12:29,845 [1] INFO LabMPP.service.Service - Getting all trips
2025-03-20 14:12:29,846 [1] INFO LabMPP.repository.databases.TripRepoRepository - Finding all Trips
2025-03-20 14:12:29,847 [1] INFO LabMPP.repository.databases.DBUtils - Connection opened successfully.
2025-03-20 14:13:34,115 [1] INFO LabMPP.repository.databases.TripRepoRepository - Creating TripRepository
2025-03-20 14:13:34,125 [1] INFO LabMPP.repository.databases.ManagerRepository - Creating ManagerRepository
2025-03-20 14:13:34,126 [1] INFO LabMPP.repository.databases.ReservationRepository - Creating TripRepository
2025-03-20 14:13:34,126 [1] INFO LabMPP.repository.databases.TripRepoRepository - Creating TripRepository
2025-03-20 14:13:34,126 [1] INFO Program - Aplicația a pornit!
2025-03-20 14:13:34,181 [1] INFO LabMPP.repository.databases.DBUtils - Connection opened successfully.
2025-03-20 14:13:34,185 [1] INFO Program - Test connection successful
2025-03-20 14:13:45,388 [1] INFO LabMPP.service.Service - Getting manager by name
2025-03-20 14:13:45,388 [1] INFO LabMPP.repository.databases.ManagerRepository - Finding all Managers
2025-03-20 14:13:45,389 [1] INFO LabMPP.repository.databases.DBUtils - Connection opened successfully.
2025-03-20 14:13:45,409 [1] INFO LabMPP.service.Service - Getting all trips
2025-03-20 14:13:45,410 [1] INFO LabMPP.repository.databases.TripRepoRepository - Finding all Trips
2025-03-20 14:13:45,410 [1] INFO LabMPP.repository.databases.DBUtils - Connection opened successfully.
2025-03-20 14:15:26,902 [1] INFO LabMPP.repository.databases.TripRepoRepository - Creating TripRepository
2025-03-20 14:15:26,914 [1] INFO LabMPP.repository.databases.ManagerRepository - Creating ManagerRepository
2025-03-20 14:15:26,914 [1] INFO LabMPP.repository.databases.ReservationRepository - Creating TripRepository
2025-03-20 14:15:26,914 [1] INFO LabMPP.repository.databases.TripRepoRepository - Creating TripRepository
2025-03-20 14:15:26,915 [1] INFO Program - Aplicația a pornit!
2025-03-20 14:15:26,969 [1] INFO LabMPP.repository.databases.DBUtils - Connection opened successfully.
2025-03-20 14:15:26,973 [1] INFO Program - Test connection successful
2025-03-20 14:15:36,793 [1] INFO LabMPP.service.Service - Getting manager by name
2025-03-20 14:15:36,794 [1] INFO LabMPP.repository.databases.ManagerRepository - Finding all Managers
2025-03-20 14:15:36,794 [1] INFO LabMPP.repository.databases.DBUtils - Connection opened successfully.
2025-03-20 14:15:36,814 [1] INFO LabMPP.service.Service - Getting all trips
2025-03-20 14:15:36,814 [1] INFO LabMPP.repository.databases.TripRepoRepository - Finding all Trips
2025-03-20 14:15:36,815 [1] INFO LabMPP.repository.databases.DBUtils - Connection opened successfully.
2025-03-20 14:15:54,399 [1] INFO LabMPP.repository.databases.TripRepoRepository - Creating TripRepository
2025-03-20 14:15:54,413 [1] INFO LabMPP.repository.databases.ManagerRepository - Creating ManagerRepository
2025-03-20 14:15:54,413 [1] INFO LabMPP.repository.databases.ReservationRepository - Creating TripRepository
2025-03-20 14:15:54,413 [1] INFO LabMPP.repository.databases.TripRepoRepository - Creating TripRepository
2025-03-20 14:15:54,414 [1] INFO Program - Aplicația a pornit!
2025-03-20 14:15:54,478 [1] INFO LabMPP.repository.databases.DBUtils - Connection opened successfully.
2025-03-20 14:15:54,482 [1] INFO Program - Test connection successful
2025-03-20 14:16:05,460 [1] INFO LabMPP.service.Service - Getting manager by name
2025-03-20 14:16:05,461 [1] INFO LabMPP.repository.databases.ManagerRepository - Finding all Managers
2025-03-20 14:16:05,462 [1] INFO LabMPP.repository.databases.DBUtils - Connection opened successfully.
2025-03-20 14:16:05,481 [1] INFO LabMPP.service.Service - Getting all trips
2025-03-20 14:16:05,482 [1] INFO LabMPP.repository.databases.TripRepoRepository - Finding all Trips
2025-03-20 14:16:05,482 [1] INFO LabMPP.repository.databases.DBUtils - Connection opened successfully.
2025-03-20 14:16:20,201 [1] INFO LabMPP.repository.databases.TripRepoRepository - Creating TripRepository
2025-03-20 14:16:20,211 [1] INFO LabMPP.repository.databases.ManagerRepository - Creating ManagerRepository
2025-03-20 14:16:20,212 [1] INFO LabMPP.repository.databases.ReservationRepository - Creating TripRepository
2025-03-20 14:16:20,212 [1] INFO LabMPP.repository.databases.TripRepoRepository - Creating TripRepository
2025-03-20 14:16:20,212 [1] INFO Program - Aplicația a pornit!
2025-03-20 14:16:20,261 [1] INFO LabMPP.repository.databases.DBUtils - Connection opened successfully.
2025-03-20 14:16:20,265 [1] INFO Program - Test connection successful
2025-03-20 14:16:32,190 [1] INFO LabMPP.service.Service - Getting manager by name
2025-03-20 14:16:32,192 [1] INFO LabMPP.repository.databases.ManagerRepository - Finding all Managers
2025-03-20 14:16:32,195 [1] INFO LabMPP.repository.databases.DBUtils - Connection opened successfully.
2025-03-20 14:16:32,231 [1] INFO LabMPP.service.Service - Getting all trips
2025-03-20 14:16:32,232 [1] INFO LabMPP.repository.databases.TripRepoRepository - Finding all Trips
2025-03-20 14:16:32,232 [1] INFO LabMPP.repository.databases.DBUtils - Connection opened successfully.
2025-03-20 14:17:17,459 [1] INFO LabMPP.repository.databases.TripRepoRepository - Creating TripRepository
2025-03-20 14:17:17,470 [1] INFO LabMPP.repository.databases.ManagerRepository - Creating ManagerRepository
2025-03-20 14:17:17,470 [1] INFO LabMPP.repository.databases.ReservationRepository - Creating TripRepository
2025-03-20 14:17:17,471 [1] INFO LabMPP.repository.databases.TripRepoRepository - Creating TripRepository
2025-03-20 14:17:17,471 [1] INFO Program - Aplicația a pornit!
2025-03-20 14:17:17,528 [1] INFO LabMPP.repository.databases.DBUtils - Connection opened successfully.
2025-03-20 14:17:17,532 [1] INFO Program - Test connection successful
2025-03-20 14:17:29,757 [1] INFO LabMPP.service.Service - Getting manager by name
2025-03-20 14:17:29,757 [1] INFO LabMPP.repository.databases.ManagerRepository - Finding all Managers
2025-03-20 14:17:29,758 [1] INFO LabMPP.repository.databases.DBUtils - Connection opened successfully.
2025-03-20 14:17:29,778 [1] INFO LabMPP.service.Service - Getting all trips
2025-03-20 14:17:29,778 [1] INFO LabMPP.repository.databases.TripRepoRepository - Finding all Trips
2025-03-20 14:17:29,779 [1] INFO LabMPP.repository.databases.DBUtils - Connection opened successfully.
2025-03-20 14:17:54,643 [1] INFO LabMPP.repository.databases.TripRepoRepository - Creating TripRepository
2025-03-20 14:17:54,654 [1] INFO LabMPP.repository.databases.ManagerRepository - Creating ManagerRepository
2025-03-20 14:17:54,654 [1] INFO LabMPP.repository.databases.ReservationRepository - Creating TripRepository
2025-03-20 14:17:54,654 [1] INFO LabMPP.repository.databases.TripRepoRepository - Creating TripRepository
2025-03-20 14:17:54,654 [1] INFO Program - Aplicația a pornit!
2025-03-20 14:17:54,708 [1] INFO LabMPP.repository.databases.DBUtils - Connection opened successfully.
2025-03-20 14:17:54,712 [1] INFO Program - Test connection successful
2025-03-20 14:18:09,528 [1] INFO LabMPP.service.Service - Getting manager by name
2025-03-20 14:18:09,529 [1] INFO LabMPP.repository.databases.ManagerRepository - Finding all Managers
2025-03-20 14:18:09,529 [1] INFO LabMPP.repository.databases.DBUtils - Connection opened successfully.
2025-03-20 14:18:09,548 [1] INFO LabMPP.service.Service - Getting all trips
2025-03-20 14:18:09,549 [1] INFO LabMPP.repository.databases.TripRepoRepository - Finding all Trips
2025-03-20 14:18:09,549 [1] INFO LabMPP.repository.databases.DBUtils - Connection opened successfully.
2025-03-20 14:24:16,128 [1] INFO LabMPP.repository.databases.TripRepoRepository - Creating TripRepository
2025-03-20 14:24:16,147 [1] INFO LabMPP.repository.databases.ManagerRepository - Creating ManagerRepository
2025-03-20 14:24:16,148 [1] INFO LabMPP.repository.databases.ReservationRepository - Creating TripRepository
2025-03-20 14:24:16,148 [1] INFO LabMPP.repository.databases.TripRepoRepository - Creating TripRepository
2025-03-20 14:24:16,148 [1] INFO Program - Aplicația a pornit!
2025-03-20 14:24:16,223 [1] INFO LabMPP.repository.databases.DBUtils - Connection opened successfully.
2025-03-20 14:24:16,229 [1] INFO Program - Test connection successful
2025-03-20 14:43:16,283 [1] INFO LabMPP.repository.databases.TripRepoRepository - Creating TripRepository
2025-03-20 14:43:16,316 [1] INFO LabMPP.repository.databases.ManagerRepository - Creating ManagerRepository
2025-03-20 14:43:16,317 [1] INFO LabMPP.repository.databases.ReservationRepository - Creating TripRepository
2025-03-20 14:43:16,317 [1] INFO LabMPP.repository.databases.TripRepoRepository - Creating TripRepository
2025-03-20 14:43:16,318 [1] INFO Program - Aplicația a pornit!
2025-03-20 14:43:16,479 [1] INFO LabMPP.repository.databases.DBUtils - Connection opened successfully.
2025-03-20 14:43:16,490 [1] INFO Program - Test connection successful
2025-03-20 14:43:27,051 [1] INFO LabMPP.service.Service - Getting manager by name
2025-03-20 14:43:27,053 [1] INFO LabMPP.repository.databases.ManagerRepository - Finding all Managers
2025-03-20 14:43:27,055 [1] INFO LabMPP.repository.databases.DBUtils - Connection opened successfully.
2025-03-20 14:43:27,149 [1] INFO LabMPP.service.Service - Getting all trips
2025-03-20 14:43:27,150 [1] INFO LabMPP.repository.databases.TripRepoRepository - Finding all Trips
2025-03-20 14:43:27,151 [1] INFO LabMPP.repository.databases.DBUtils - Connection opened successfully.
2025-03-20 14:43:38,403 [1] INFO LabMPP.service.Service - Getting all trips by destination
2025-03-20 14:43:38,414 [1] INFO LabMPP.repository.databases.TripRepoRepository - Finding all Trips
2025-03-20 14:43:38,415 [1] INFO LabMPP.repository.databases.DBUtils - Connection opened successfully.
2025-03-20 14:44:32,865 [1] INFO LabMPP.repository.databases.TripRepoRepository - Creating TripRepository
2025-03-20 14:44:32,887 [1] INFO LabMPP.repository.databases.ManagerRepository - Creating ManagerRepository
2025-03-20 14:44:32,888 [1] INFO LabMPP.repository.databases.ReservationRepository - Creating TripRepository
2025-03-20 14:44:32,888 [1] INFO LabMPP.repository.databases.TripRepoRepository - Creating TripRepository
2025-03-20 14:44:32,888 [1] INFO Program - Aplicația a pornit!
2025-03-20 14:44:32,985 [1] INFO LabMPP.repository.databases.DBUtils - Connection opened successfully.
2025-03-20 14:44:32,992 [1] INFO Program - Test connection successful
2025-03-20 14:44:43,039 [1] INFO LabMPP.service.Service - Getting manager by name
2025-03-20 14:44:43,042 [1] INFO LabMPP.repository.databases.ManagerRepository - Finding all Managers
2025-03-20 14:44:43,044 [1] INFO LabMPP.repository.databases.DBUtils - Connection opened successfully.
2025-03-20 14:44:43,100 [1] INFO LabMPP.service.Service - Getting all trips
2025-03-20 14:44:43,101 [1] INFO LabMPP.repository.databases.TripRepoRepository - Finding all Trips
2025-03-20 14:44:43,101 [1] INFO LabMPP.repository.databases.DBUtils - Connection opened successfully.
2025-03-20 14:44:51,377 [1] INFO LabMPP.service.Service - Getting all trips by destination
2025-03-20 14:44:51,377 [1] INFO LabMPP.repository.databases.TripRepoRepository - Finding all Trips
2025-03-20 14:44:51,379 [1] INFO LabMPP.repository.databases.DBUtils - Connection opened successfully.
2025-03-20 14:44:59,613 [1] INFO LabMPP.service.Service - Getting all trips by destination
2025-03-20 14:44:59,614 [1] INFO LabMPP.repository.databases.TripRepoRepository - Finding all Trips
2025-03-20 14:44:59,616 [1] INFO LabMPP.repository.databases.DBUtils - Connection opened successfully.
2025-03-20 14:47:13,160 [1] INFO LabMPP.repository.databases.TripRepoRepository - Creating TripRepository
2025-03-20 14:47:13,191 [1] INFO LabMPP.repository.databases.ManagerRepository - Creating ManagerRepository
2025-03-20 14:47:13,193 [1] INFO LabMPP.repository.databases.ReservationRepository - Creating TripRepository
2025-03-20 14:47:13,193 [1] INFO LabMPP.repository.databases.TripRepoRepository - Creating TripRepository
2025-03-20 14:47:13,194 [1] INFO Program - Aplicația a pornit!
2025-03-20 14:47:13,345 [1] INFO LabMPP.repository.databases.DBUtils - Connection opened successfully.
2025-03-20 14:47:13,353 [1] INFO Program - Test connection successful
2025-03-20 14:47:24,879 [1] INFO LabMPP.service.Service - Getting manager by name
2025-03-20 14:47:24,881 [1] INFO LabMPP.repository.databases.ManagerRepository - Finding all Managers
2025-03-20 14:47:24,883 [1] INFO LabMPP.repository.databases.DBUtils - Connection opened successfully.
2025-03-20 14:47:24,937 [1] INFO LabMPP.service.Service - Getting all trips
2025-03-20 14:47:24,938 [1] INFO LabMPP.repository.databases.TripRepoRepository - Finding all Trips
2025-03-20 14:47:24,939 [1] INFO LabMPP.repository.databases.DBUtils - Connection opened successfully.
2025-03-20 14:47:33,069 [1] INFO LabMPP.service.Service - Getting all trips by destination
2025-03-20 14:47:33,069 [1] INFO LabMPP.repository.databases.TripRepoRepository - Finding all Trips
2025-03-20 14:47:33,072 [1] INFO LabMPP.repository.databases.DBUtils - Connection opened successfully.
2025-03-20 14:47:41,306 [1] INFO LabMPP.service.Service - Getting all trips by destination
2025-03-20 14:47:41,307 [1] INFO LabMPP.repository.databases.TripRepoRepository - Finding all Trips
2025-03-20 14:47:41,309 [1] INFO LabMPP.repository.databases.DBUtils - Connection opened successfully.
2025-03-20 14:50:12,369 [1] INFO LabMPP.repository.databases.TripRepoRepository - Creating TripRepository
2025-03-20 14:50:12,390 [1] INFO LabMPP.repository.databases.ManagerRepository - Creating ManagerRepository
2025-03-20 14:50:12,391 [1] INFO LabMPP.repository.databases.ReservationRepository - Creating TripRepository
2025-03-20 14:50:12,391 [1] INFO LabMPP.repository.databases.TripRepoRepository - Creating TripRepository
2025-03-20 14:50:12,392 [1] INFO Program - Aplicația a pornit!
2025-03-20 14:50:12,471 [1] INFO LabMPP.repository.databases.DBUtils - Connection opened successfully.
2025-03-20 14:50:12,477 [1] INFO Program - Test connection successful
2025-03-20 14:50:23,906 [1] INFO LabMPP.service.Service - Getting manager by name
2025-03-20 14:50:23,908 [1] INFO LabMPP.repository.databases.ManagerRepository - Finding all Managers
2025-03-20 14:50:23,911 [1] INFO LabMPP.repository.databases.DBUtils - Connection opened successfully.
2025-03-20 14:50:23,954 [1] INFO LabMPP.service.Service - Getting all trips
2025-03-20 14:50:23,955 [1] INFO LabMPP.repository.databases.TripRepoRepository - Finding all Trips
2025-03-20 14:50:23,955 [1] INFO LabMPP.repository.databases.DBUtils - Connection opened successfully.
2025-03-20 14:56:43,720 [1] INFO LabMPP.repository.databases.TripRepoRepository - Creating TripRepository
2025-03-20 14:56:43,732 [1] INFO LabMPP.repository.databases.ManagerRepository - Creating ManagerRepository
2025-03-20 14:56:43,733 [1] INFO LabMPP.repository.databases.ReservationRepository - Creating TripRepository
2025-03-20 14:56:43,733 [1] INFO LabMPP.repository.databases.TripRepoRepository - Creating TripRepository
2025-03-20 14:56:43,733 [1] INFO Program - Aplicația a pornit!
2025-03-20 14:56:43,799 [1] INFO LabMPP.repository.databases.DBUtils - Connection opened successfully.
2025-03-20 14:56:43,804 [1] INFO Program - Test connection successful
2025-03-20 14:56:57,418 [1] INFO LabMPP.service.Service - Getting manager by name
2025-03-20 14:56:57,421 [1] INFO LabMPP.repository.databases.ManagerRepository - Finding all Managers
2025-03-20 14:56:57,423 [1] INFO LabMPP.repository.databases.DBUtils - Connection opened successfully.
2025-03-20 14:56:57,491 [1] INFO LabMPP.service.Service - Getting all trips
2025-03-20 14:56:57,491 [1] INFO LabMPP.repository.databases.TripRepoRepository - Finding all Trips
2025-03-20 14:56:57,492 [1] INFO LabMPP.repository.databases.DBUtils - Connection opened successfully.
2025-03-20 14:57:07,332 [1] INFO LabMPP.service.Service - Getting all trips by destination
2025-03-20 14:57:07,332 [1] INFO LabMPP.repository.databases.TripRepoRepository - Finding all Trips
2025-03-20 14:57:07,335 [1] INFO LabMPP.repository.databases.DBUtils - Connection opened successfully.
2025-03-20 14:57:15,677 [1] INFO LabMPP.service.Service - Getting trip by id
2025-03-20 14:57:15,678 [1] INFO LabMPP.repository.databases.TripRepoRepository - Finding Trip
2025-03-20 14:57:15,679 [1] INFO LabMPP.repository.databases.DBUtils - Connection opened successfully.
2025-03-20 14:57:15,691 [1] INFO LabMPP.service.Service - Adding reservation
2025-03-20 14:57:15,692 [1] INFO LabMPP.repository.databases.ReservationRepository - Saving Reservation
2025-03-20 14:57:15,692 [1] INFO LabMPP.repository.databases.DBUtils - Connection opened successfully.
2025-03-20 14:57:15,709 [1] INFO LabMPP.service.Service - Getting no of seats available
2025-03-20 14:57:15,710 [1] INFO LabMPP.repository.databases.TripRepoRepository - Finding Trip
2025-03-20 14:57:15,713 [1] INFO LabMPP.repository.databases.DBUtils - Connection opened successfully.
2025-03-20 14:57:15,714 [1] INFO LabMPP.service.Service - Modifying trip
2025-03-20 14:57:15,715 [1] INFO LabMPP.repository.databases.TripRepoRepository - Updating Trip
2025-03-20 14:57:15,716 [1] INFO LabMPP.repository.databases.DBUtils - Connection opened successfully.
2025-03-20 14:58:58,890 [1] INFO LabMPP.repository.databases.TripRepoRepository - Creating TripRepository
2025-03-20 14:58:58,903 [1] INFO LabMPP.repository.databases.ManagerRepository - Creating ManagerRepository
2025-03-20 14:58:58,903 [1] INFO LabMPP.repository.databases.ReservationRepository - Creating TripRepository
2025-03-20 14:58:58,904 [1] INFO LabMPP.repository.databases.TripRepoRepository - Creating TripRepository
2025-03-20 14:58:58,904 [1] INFO Program - Aplicația a pornit!
2025-03-20 14:58:58,970 [1] INFO LabMPP.repository.databases.DBUtils - Connection opened successfully.
2025-03-20 14:58:58,976 [1] INFO Program - Test connection successful
2025-03-20 14:59:14,023 [1] INFO LabMPP.service.Service - Getting manager by name
2025-03-20 14:59:14,026 [1] INFO LabMPP.repository.databases.ManagerRepository - Finding all Managers
2025-03-20 14:59:14,028 [1] INFO LabMPP.repository.databases.DBUtils - Connection opened successfully.
2025-03-20 14:59:14,076 [1] INFO LabMPP.service.Service - Getting all trips
2025-03-20 14:59:14,077 [1] INFO LabMPP.repository.databases.TripRepoRepository - Finding all Trips
2025-03-20 14:59:14,077 [1] INFO LabMPP.repository.databases.DBUtils - Connection opened successfully.
2025-03-20 14:59:24,390 [1] INFO LabMPP.service.Service - Getting all trips by destination
2025-03-20 14:59:24,391 [1] INFO LabMPP.repository.databases.TripRepoRepository - Finding all Trips
2025-03-20 14:59:24,392 [1] INFO LabMPP.repository.databases.DBUtils - Connection opened successfully.
2025-03-20 15:06:04,831 [1] INFO LabMPP.repository.databases.TripRepoRepository - Creating TripRepository
2025-03-20 15:06:04,851 [1] INFO LabMPP.repository.databases.ManagerRepository - Creating ManagerRepository
2025-03-20 15:06:04,852 [1] INFO LabMPP.repository.databases.ReservationRepository - Creating TripRepository
2025-03-20 15:06:04,852 [1] INFO LabMPP.repository.databases.TripRepoRepository - Creating TripRepository
2025-03-20 15:06:04,853 [1] INFO Program - Aplicația a pornit!
2025-03-20 15:06:04,952 [1] INFO LabMPP.repository.databases.DBUtils - Connection opened successfully.
2025-03-20 15:06:04,959 [1] INFO Program - Test connection successful
2025-03-20 15:06:17,368 [1] INFO LabMPP.service.Service - Getting manager by name
2025-03-20 15:06:17,369 [1] INFO LabMPP.repository.databases.ManagerRepository - Finding all Managers
2025-03-20 15:06:17,371 [1] INFO LabMPP.repository.databases.DBUtils - Connection opened successfully.
2025-03-20 15:06:17,437 [1] INFO LabMPP.service.Service - Getting all trips
2025-03-20 15:06:17,438 [1] INFO LabMPP.repository.databases.TripRepoRepository - Finding all Trips
2025-03-20 15:06:17,439 [1] INFO LabMPP.repository.databases.DBUtils - Connection opened successfully.
2025-03-20 15:06:26,791 [1] INFO LabMPP.service.Service - Getting all trips by destination
2025-03-20 15:06:26,793 [1] INFO LabMPP.repository.databases.TripRepoRepository - Finding all Trips
2025-03-20 15:06:26,795 [1] INFO LabMPP.repository.databases.DBUtils - Connection opened successfully.
2025-03-20 15:06:39,119 [1] INFO LabMPP.service.Service - Getting trip by id
2025-03-20 15:06:39,121 [1] INFO LabMPP.repository.databases.TripRepoRepository - Finding Trip
2025-03-20 15:06:39,123 [1] INFO LabMPP.repository.databases.DBUtils - Connection opened successfully.
2025-03-20 15:06:39,135 [1] INFO LabMPP.service.Service - Adding reservation
2025-03-20 15:06:39,137 [1] INFO LabMPP.repository.databases.ReservationRepository - Saving Reservation
2025-03-20 15:06:39,139 [1] INFO LabMPP.repository.databases.DBUtils - Connection opened successfully.
2025-03-20 15:06:39,154 [1] INFO LabMPP.service.Service - Getting no of seats available
2025-03-20 15:06:39,155 [1] INFO LabMPP.repository.databases.TripRepoRepository - Finding Trip
2025-03-20 15:06:39,160 [1] INFO LabMPP.repository.databases.DBUtils - Connection opened successfully.
2025-03-20 15:06:39,163 [1] INFO LabMPP.service.Service - Modifying trip
2025-03-20 15:06:39,164 [1] INFO LabMPP.repository.databases.TripRepoRepository - Updating Trip
2025-03-20 15:06:39,166 [1] INFO LabMPP.repository.databases.DBUtils - Connection opened successfully.
2025-03-20 15:06:40,361 [1] INFO LabMPP.service.Service - Getting all trips by destination
2025-03-20 15:06:40,362 [1] INFO LabMPP.repository.databases.TripRepoRepository - Finding all Trips
2025-03-20 15:06:40,365 [1] INFO LabMPP.repository.databases.DBUtils - Connection opened successfully.
2025-03-20 15:06:40,414 [1] INFO LabMPP.service.Service - Getting all trips
2025-03-20 15:06:40,414 [1] INFO LabMPP.repository.databases.TripRepoRepository - Finding all Trips
2025-03-20 15:06:40,416 [1] INFO LabMPP.repository.databases.DBUtils - Connection opened successfully.
2025-03-24 11:59:32,083 [1] INFO LabMPP.repository.databases.TripRepoRepository - Creating TripRepository
2025-03-24 11:59:32,104 [1] INFO LabMPP.repository.databases.ManagerRepository - Creating ManagerRepository
2025-03-24 11:59:32,105 [1] INFO LabMPP.repository.databases.ReservationRepository - Creating TripRepository
2025-03-24 11:59:32,106 [1] INFO LabMPP.repository.databases.TripRepoRepository - Creating TripRepository
2025-03-24 11:59:32,106 [1] INFO Program - Aplicația a pornit!
2025-03-24 11:59:32,285 [1] INFO LabMPP.repository.databases.DBUtils - Connection opened successfully.
2025-03-24 11:59:32,293 [1] INFO Program - Test connection successful
2025-03-24 11:59:44,486 [1] INFO LabMPP.service.Service - Getting manager by name
2025-03-24 11:59:44,489 [1] INFO LabMPP.repository.databases.ManagerRepository - Finding all Managers
2025-03-24 11:59:44,492 [1] INFO LabMPP.repository.databases.DBUtils - Connection opened successfully.
2025-03-24 11:59:44,544 [1] INFO LabMPP.service.Service - Getting all trips
2025-03-24 11:59:44,545 [1] INFO LabMPP.repository.databases.TripRepoRepository - Finding all Trips
2025-03-24 11:59:44,546 [1] INFO LabMPP.repository.databases.DBUtils - Connection opened successfully.
2025-03-24 12:00:01,898 [1] INFO LabMPP.service.Service - Getting all trips by destination
2025-03-24 12:00:01,899 [1] INFO LabMPP.repository.databases.TripRepoRepository - Finding all Trips
2025-03-24 12:00:01,900 [1] INFO LabMPP.repository.databases.DBUtils - Connection opened successfully.
2025-03-25 08:49:25,060 [1] INFO LabMPP.repository.databases.TripRepoRepository - Creating TripRepository
2025-03-25 08:49:25,078 [1] INFO LabMPP.repository.databases.ManagerRepository - Creating ManagerRepository
2025-03-25 08:49:25,080 [1] INFO LabMPP.repository.databases.ReservationRepository - Creating TripRepository
2025-03-25 08:49:25,080 [1] INFO LabMPP.repository.databases.TripRepoRepository - Creating TripRepository
2025-03-25 08:49:25,080 [1] INFO Program - Aplicația a pornit!
2025-03-25 08:49:25,266 [1] INFO LabMPP.repository.databases.DBUtils - Connection opened successfully.
2025-03-25 08:49:25,276 [1] INFO Program - Test connection successful
2025-03-25 08:49:45,074 [1] INFO LabMPP.service.Service - Getting manager by name
2025-03-25 08:49:45,075 [1] INFO LabMPP.repository.databases.ManagerRepository - Finding all Managers
2025-03-25 08:49:45,076 [1] INFO LabMPP.repository.databases.DBUtils - Connection opened successfully.
2025-03-25 08:49:45,161 [1] INFO LabMPP.service.Service - Getting all trips
2025-03-25 08:49:45,162 [1] INFO LabMPP.repository.databases.TripRepoRepository - Finding all Trips
2025-03-25 08:49:45,164 [1] INFO LabMPP.repository.databases.DBUtils - Connection opened successfully.
2025-03-25 08:50:10,598 [1] INFO LabMPP.service.Service - Getting all trips by destination
2025-03-25 08:50:10,600 [1] INFO LabMPP.repository.databases.TripRepoRepository - Finding all Trips
2025-03-25 08:50:10,603 [1] INFO LabMPP.repository.databases.DBUtils - Connection opened successfully.
2025-03-25 08:50:31,329 [1] INFO LabMPP.service.Service - Getting trip by id
2025-03-25 08:50:31,332 [1] INFO LabMPP.repository.databases.TripRepoRepository - Finding Trip
2025-03-25 08:50:31,335 [1] INFO LabMPP.repository.databases.DBUtils - Connection opened successfully.
2025-03-25 08:50:31,367 [1] INFO LabMPP.service.Service - Adding reservation
2025-03-25 08:50:31,369 [1] INFO LabMPP.repository.databases.ReservationRepository - Saving Reservation
2025-03-25 08:50:31,372 [1] INFO LabMPP.repository.databases.DBUtils - Connection opened successfully.
2025-03-25 08:50:31,409 [1] INFO LabMPP.service.Service - Getting no of seats available
2025-03-25 08:50:31,410 [1] INFO LabMPP.repository.databases.TripRepoRepository - Finding Trip
2025-03-25 08:50:31,417 [1] INFO LabMPP.repository.databases.DBUtils - Connection opened successfully.
2025-03-25 08:50:31,421 [1] INFO LabMPP.service.Service - Modifying trip
2025-03-25 08:50:31,424 [1] INFO LabMPP.repository.databases.TripRepoRepository - Updating Trip
2025-03-25 08:50:31,427 [1] INFO LabMPP.repository.databases.DBUtils - Connection opened successfully.
2025-03-25 08:50:32,916 [1] INFO LabMPP.service.Service - Getting all trips by destination
2025-03-25 08:50:32,916 [1] INFO LabMPP.repository.databases.TripRepoRepository - Finding all Trips
2025-03-25 08:50:32,919 [1] INFO LabMPP.repository.databases.DBUtils - Connection opened successfully.
2025-03-25 08:50:32,933 [1] INFO LabMPP.service.Service - Getting all trips
2025-03-25 08:50:32,934 [1] INFO LabMPP.repository.databases.TripRepoRepository - Finding all Trips
2025-03-25 08:50:32,935 [1] INFO LabMPP.repository.databases.DBUtils - Connection opened successfully.
2025-03-25 16:00:54,120 [1] INFO LabMPP.repository.databases.TripRepoRepository - Creating TripRepository
2025-03-25 16:00:54,137 [1] INFO LabMPP.repository.databases.ManagerRepository - Creating ManagerRepository
2025-03-25 16:00:54,138 [1] INFO LabMPP.repository.databases.ReservationRepository - Creating TripRepository
2025-03-25 16:00:54,138 [1] INFO LabMPP.repository.databases.TripRepoRepository - Creating TripRepository
2025-03-25 16:00:54,139 [1] INFO Program - Aplicația a pornit!
2025-03-25 16:00:54,357 [1] INFO LabMPP.repository.databases.DBUtils - Connection opened successfully.
2025-03-25 16:00:54,362 [1] INFO Program - Test connection successful
2025-03-25 16:22:15,138 [1] INFO LabMPP.repository.databases.TripRepoRepository - Creating TripRepository
2025-03-25 16:22:15,156 [1] INFO LabMPP.repository.databases.ManagerRepository - Creating ManagerRepository
2025-03-25 16:22:15,157 [1] INFO LabMPP.repository.databases.ReservationRepository - Creating TripRepository
2025-03-25 16:22:15,158 [1] INFO LabMPP.repository.databases.TripRepoRepository - Creating TripRepository
2025-03-25 16:22:15,158 [1] INFO Program - Aplicația a pornit!
2025-03-25 16:22:15,250 [1] INFO LabMPP.repository.databases.DBUtils - Connection opened successfully.
2025-03-25 16:22:15,255 [1] INFO Program - Test connection successful
2025-03-25 16:22:26,387 [1] INFO LabMPP.service.Service - Getting manager by name
2025-03-25 16:22:26,388 [1] INFO LabMPP.repository.databases.ManagerRepository - Finding all Managers
2025-03-25 16:22:26,389 [1] INFO LabMPP.repository.databases.DBUtils - Connection opened successfully.
2025-03-25 16:22:26,437 [1] INFO LabMPP.service.Service - Getting all trips
2025-03-25 16:22:26,437 [1] INFO LabMPP.repository.databases.TripRepoRepository - Finding all Trips
2025-03-25 16:22:26,438 [1] INFO LabMPP.repository.databases.DBUtils - Connection opened successfully.
2025-03-25 16:22:48,088 [1] INFO LabMPP.service.Service - Getting all trips by destination
2025-03-25 16:22:48,088 [1] INFO LabMPP.repository.databases.TripRepoRepository - Finding all Trips
2025-03-25 16:22:48,089 [1] INFO LabMPP.repository.databases.DBUtils - Connection opened successfully.
2025-03-25 16:23:03,870 [1] INFO LabMPP.service.Service - Getting trip by id
2025-03-25 16:23:03,872 [1] INFO LabMPP.repository.databases.TripRepoRepository - Finding Trip
2025-03-25 16:23:03,873 [1] INFO LabMPP.repository.databases.DBUtils - Connection opened successfully.
2025-03-25 16:23:03,880 [1] INFO LabMPP.service.Service - Adding reservation
2025-03-25 16:23:03,881 [1] INFO LabMPP.repository.databases.ReservationRepository - Saving Reservation
2025-03-25 16:23:03,882 [1] INFO LabMPP.repository.databases.DBUtils - Connection opened successfully.
2025-03-25 16:23:03,897 [1] INFO LabMPP.service.Service - Getting no of seats available
2025-03-25 16:23:03,897 [1] INFO LabMPP.repository.databases.TripRepoRepository - Finding Trip
2025-03-25 16:23:03,903 [1] INFO LabMPP.repository.databases.DBUtils - Connection opened successfully.
2025-03-25 16:23:03,906 [1] INFO LabMPP.service.Service - Modifying trip
2025-03-25 16:23:03,908 [1] INFO LabMPP.repository.databases.TripRepoRepository - Updating Trip
2025-03-25 16:23:03,909 [1] INFO LabMPP.repository.databases.DBUtils - Connection opened successfully.
2025-03-25 16:23:06,238 [1] INFO LabMPP.service.Service - Getting all trips by destination
2025-03-25 16:23:06,238 [1] INFO LabMPP.repository.databases.TripRepoRepository - Finding all Trips
2025-03-25 16:23:06,239 [1] INFO LabMPP.repository.databases.DBUtils - Connection opened successfully.
2025-03-25 16:23:06,253 [1] INFO LabMPP.service.Service - Getting all trips
2025-03-25 16:23:06,253 [1] INFO LabMPP.repository.databases.TripRepoRepository - Finding all Trips
2025-03-25 16:23:06,254 [1] INFO LabMPP.repository.databases.DBUtils - Connection opened successfully.
